TowId,Data,DokId,Kolejnosc,NrPozycji,TypPoz,IloscPlus,IloscMinus,CenaPoRab,Wartosc,KolejnyWDniu,NrDok,TypDok,AktywnyDok,Razem,DoZaplaty,Zaplacono,AsId,NazwaTow,EAN,Opis1,Producent,AktywnyTow,NazwaAsort,Dokument,WplywNaStan,MetodaLiczenia,Mnoznik,TypRuchu,CzyNiechciane,NazwaTowCleanName,NazwaAsortCleanName,JestMartwy,JestWazony
4267,2025-12-09 00:00:00,2192359,1.0,1.0,4.0,1.0,0.0,6.4722,6.4722,154.0,DF/PAR/251209/4958/2,21.0,1.0,32.92,32.92,32.92,341.0,PRZYP W PŁYNIE KNORR DELIKAT 174ML UNILEVER,5900300540020.0,PRZYPRAWY I OLIWY,556.0,0.0,PRZYPRAWY KUCHENNE KUCHARKI,DF,1,IP,-1.0,sprzedaz,0,przyp w plynie knorr delikat 174ml unilever,przyprawy kuchenne kucharki,0,false
4267,2025-12-10 00:00:00,2193393,8.0,8.0,4.0,1.0,0.0,6.4722,6.4722,146.0,DF/PAR/251210/5648/2,21.0,1.0,39.51,39.51,39.51,341.0,PRZYP W PŁYNIE KNORR DELIKAT 174ML UNILEVER,5900300540020.0,PRZYPRAWY I OLIWY,556.0,0.0,PRZYPRAWY KUCHENNE KUCHARKI,DF,1,IP,-1.0,sprzedaz,0,przyp w plynie knorr delikat 174ml unilever,przyprawy kuchenne kucharki,0,false
4267,2025-12-11 00:00:00,-1,0.0,0.0,4.0,0.0,0.0,6.4722,0.0,-1.0,brak,21.0,1.0,0.0,0.0,0.0,341.0,PRZYP W PŁYNIE KNORR DELIKAT 174ML UNILEVER,5900300540020.0,brak,556.0,1.0,PRZYPRAWY KUCHENNE KUCHARKI,DF,0,IP,0.0,sprzedaz,0,przyp w plynie knorr delikat 174ml unilever,przyprawy kuchenne kucharki,0,false
4267,2025-12-12 00:00:00,-1,0.0,0.0,4.0,0.0,0.0,6.4722,0.0,-1.0,brak,21.0,1.0,0.0,0.0,0.0,341.0,PRZYP W PŁYNIE KNORR DELIKAT 174ML UNILEVER,5900300540020.0,brak,556.0,1.0,PRZYPRAWY KUCHENNE KUCHARKI,DF,0,IP,0.0,sprzedaz,0,przyp w plynie knorr delikat 174ml unilever,przyprawy kuchenne kucharki,0,false
4267,2025-12-13 00:00:00,-1,0.0,0.0,4.0,0.0,0.0,6.4722,0.0,-1.0,brak,21.0,1.0,0.0,0.0,0.0,341.0,PRZYP W PŁYNIE KNORR DELIKAT 174ML UNILEVER,5900300540020.0,brak,556.0,1.0,PRZYPRAWY KUCHENNE KUCHARKI,DF,0,IP,0.0,sprzedaz,0,przyp w plynie knorr delikat 174ml unilever,przyprawy kuchenne kucharki,0,false
4267,2025-12-14 00:00:00,-1,0.0,0.0,4.0,0.0,0.0,6.4722,0.0,-1.0,brak,21.0,1.0,0.0,0.0,0.0,341.0,PRZYP W PŁYNIE KNORR DELIKAT 174ML UNILEVER,5900300540020.0,brak,556.0,1.0,PRZYPRAWY KUCHENNE KUCHARKI,DF,0,IP,0.0,sprzedaz,0,przyp w plynie knorr delikat 174ml unilever,przyprawy kuchenne kucharki,0,false
4267,2025-12-15 00:00:00,-1,0.0,0.0,4.0,0.0,0.0,6.4722,0.0,-1.0,brak,21.0,1.0,0.0,0.0,0.0,341.0,PRZYP W PŁYNIE KNORR DELIKAT 174ML UNILEVER,5900300540020.0,brak,556.0,1.0,PRZYPRAWY KUCHENNE KUCHARKI,DF,0,IP,0.0,sprzedaz,0,przyp w plynie knorr delikat 174ml unilever,przyprawy kuchenne kucharki,0,false
4267,2025-12-16 00:00:00,-1,0.0,0.0,4.0,0.0,0.0,6.4722,0.0,-1.0,brak,21.0,1.0,0.0,0.0,0.0,341.0,PRZYP W PŁYNIE KNORR DELIKAT 174ML UNILEVER,5900300540020.0,brak,556.0,1.0,PRZYPRAWY KUCHENNE KUCHARKI,DF,0,IP,0.0,sprzedaz,0,przyp w plynie knorr delikat 174ml unilever,przyprawy kuchenne kucharki,0,false
4267,2025-12-17 00:00:00,-1,0.0,0.0,4.0,0.0,0.0,6.4722,0.0,-1.0,brak,21.0,1.0,0.0,0.0,0.0,341.0,PRZYP W PŁYNIE KNORR DELIKAT 174ML UNILEVER,5900300540020.0,brak,556.0,1.0,PRZYPRAWY KUCHENNE KUCHARKI,DF,0,IP,0.0,sprzedaz,0,przyp w plynie knorr delikat 174ml unilever,przyprawy kuchenne kucharki,0,false
4267,2025-12-18 00:00:00,2201800,9.0,9.0,4.0,1.0,0.0,6.4722,6.4722,728.0,DF/PAR/251218/10974/2,21.0,1.0,47.7,47.7,47.7,341.0,PRZYP W PŁYNIE KNORR DELIKAT 174ML UNILEVER,5900300540020.0,PRZYPRAWY I OLIWY,556.0,0.0,PRZYPRAWY KUCHENNE KUCHARKI,DF,1,IP,-1.0,sprzedaz,0,przyp w plynie knorr delikat 174ml unilever,przyprawy kuchenne kucharki,0,false
4267,2025-12-19 00:00:00,2202484,3.0,3.0,4.0,1.0,0.0,6.4722,6.4722,285.0,DF/PAR/251219/11453/2,21.0,1.0,69.5,69.5,69.5,341.0,PRZYP W PŁYNIE KNORR DELIKAT 174ML UNILEVER,5900300540020.0,PRZYPRAWY I OLIWY,556.0,0.0,PRZYPRAWY KUCHENNE KUCHARKI,DF,1,IP,-1.0,sprzedaz,0,przyp w plynie knorr delikat 174ml unilever,przyprawy kuchenne kucharki,0,false
4267,2025-12-20 00:00:00,-1,0.0,0.0,4.0,0.0,0.0,6.4722,0.0,-1.0,brak,21.0,1.0,0.0,0.0,0.0,341.0,PRZYP W PŁYNIE KNORR DELIKAT 174ML UNILEVER,5900300540020.0,brak,556.0,1.0,PRZYPRAWY KUCHENNE KUCHARKI,DF,0,IP,0.0,sprzedaz,0,przyp w plynie knorr delikat 174ml unilever,przyprawy kuchenne kucharki,0,false
4267,2025-12-21 00:00:00,-1,0.0,0.0,4.0,0.0,0.0,6.4722,0.0,-1.0,brak,21.0,1.0,0.0,0.0,0.0,341.0,PRZYP W PŁYNIE KNORR DELIKAT 174ML UNILEVER,5900300540020.0,brak,556.0,1.0,PRZYPRAWY KUCHENNE KUCHARKI,DF,0,IP,0.0,sprzedaz,0,przyp w plynie knorr delikat 174ml unilever,przyprawy kuchenne kucharki,0,false
4267,2025-12-22 00:00:00,2206035,2.0,2.0,4.0,1.0,0.0,6.4722,6.4722,1107.0,DF/PAR/251222/13488/2,21.0,1.0,32.52,32.52,32.52,341.0,PRZYP W PŁYNIE KNORR DELIKAT 174ML UNILEVER,5900300540020.0,PRZYPRAWY I OLIWY,556.0,0.0,PRZYPRAWY KUCHENNE KUCHARKI,DF,1,IP,-1.0,sprzedaz,0,przyp w plynie knorr delikat 174ml unilever,przyprawy kuchenne kucharki,0,false
4267,2025-12-22 00:00:00,2206188,2.0,2.0,4.0,1.0,0.0,6.4722,6.4722,1260.0,DF/PAR/251222/13532/2,21.0,1.0,33.18,33.18,33.18,341.0,PRZYP W PŁYNIE KNORR DELIKAT 174ML UNILEVER,5900300540020.0,PRZYPRAWY I OLIWY,556.0,0.0,PRZYPRAWY KUCHENNE KUCHARKI,DF,1,IP,-1.0,sprzedaz,0,przyp w plynie knorr delikat 174ml unilever,przyprawy kuchenne kucharki,0,false
4267,2025-12-23 00:00:00,-1,0.0,0.0,4.0,0.0,0.0,6.4722,0.0,-1.0,brak,21.0,1.0,0.0,0.0,0.0,341.0,PRZYP W PŁYNIE KNORR DELIKAT 174ML UNILEVER,5900300540020.0,brak,556.0,1.0,PRZYPRAWY KUCHENNE KUCHARKI,DF,0,IP,0.0,sprzedaz,0,przyp w plynie knorr delikat 174ml unilever,przyprawy kuchenne kucharki,0,false
4267,2025-12-24 00:00:00,-1,0.0,0.0,4.0,0.0,0.0,6.4722,0.0,-1.0,brak,21.0,1.0,0.0,0.0,0.0,341.0,PRZYP W PŁYNIE KNORR DELIKAT 174ML UNILEVER,5900300540020.0,brak,556.0,1.0,PRZYPRAWY KUCHENNE KUCHARKI,DF,0,IP,0.0,sprzedaz,0,przyp w plynie knorr delikat 174ml unilever,przyprawy kuchenne kucharki,0,false
4267,2025-12-25 00:00:00,-1,0.0,0.0,4.0,0.0,0.0,6.4722,0.0,-1.0,brak,21.0,1.0,0.0,0.0,0.0,341.0,PRZYP W PŁYNIE KNORR DELIKAT 174ML UNILEVER,5900300540020.0,brak,556.0,1.0,PRZYPRAWY KUCHENNE KUCHARKI,DF,0,IP,0.0,sprzedaz,0,przyp w plynie knorr delikat 174ml unilever,przyprawy kuchenne kucharki,0,false
4267,2025-12-26 00:00:00,-1,0.0,0.0,4.0,0.0,0.0,6.4722,0.0,-1.0,brak,21.0,1.0,0.0,0.0,0.0,341.0,PRZYP W PŁYNIE KNORR DELIKAT 174ML UNILEVER,5900300540020.0,brak,556.0,1.0,PRZYPRAWY KUCHENNE KUCHARKI,DF,0,IP,0.0,sprzedaz,0,przyp w plynie knorr delikat 174ml unilever,przyprawy kuchenne kucharki,0,false
4267,2025-12-27 00:00:00,-1,0.0,0.0,4.0,0.0,0.0,6.4722,0.0,-1.0,brak,21.0,1.0,0.0,0.0,0.0,341.0,PRZYP W PŁYNIE KNORR DELIKAT 174ML UNILEVER,5900300540020.0,brak,556.0,1.0,PRZYPRAWY KUCHENNE KUCHARKI,DF,0,IP,0.0,sprzedaz,0,przyp w plynie knorr delikat 174ml unilever,przyprawy kuchenne kucharki,0,false
4267,2025-12-28 00:00:00,-1,0.0,0.0,4.0,0.0,0.0,6.4722,0.0,-1.0,brak,21.0,1.0,0.0,0.0,0.0,341.0,PRZYP W PŁYNIE KNORR DELIKAT 174ML UNILEVER,5900300540020.0,brak,556.0,1.0,PRZYPRAWY KUCHENNE KUCHARKI,DF,0,IP,0.0,sprzedaz,0,przyp w plynie knorr delikat 174ml unilever,przyprawy kuchenne kucharki,0,false
4267,2025-12-29 00:00:00,-1,0.0,0.0,4.0,0.0,0.0,6.4722,0.0,-1.0,brak,21.0,1.0,0.0,0.0,0.0,341.0,PRZYP W PŁYNIE KNORR DELIKAT 174ML UNILEVER,5900300540020.0,brak,556.0,1.0,PRZYPRAWY KUCHENNE KUCHARKI,DF,0,IP,0.0,sprzedaz,0,przyp w plynie knorr delikat 174ml unilever,przyprawy kuchenne kucharki,0,false
4267,2025-12-30 00:00:00,2210169,1.0,1.0,4.0,1.0,0.0,6.4722,6.4722,593.0,DF/PAR/251230/5938/1,21.0,1.0,6.99,6.99,6.99,341.0,PRZYP W PŁYNIE KNORR DELIKAT 174ML UNILEVER,5900300540020.0,PRZYPRAWY I OLIWY,556.0,0.0,PRZYPRAWY KUCHENNE KUCHARKI,DF,1,IP,-1.0,sprzedaz,0,przyp w plynie knorr delikat 174ml unilever,przyprawy kuchenne kucharki,0,false
4267,2025-12-31 00:00:00,-1,0.0,0.0,4.0,0.0,0.0,6.4722,0.0,-1.0,brak,21.0,1.0,0.0,0.0,0.0,341.0,PRZYP W PŁYNIE KNORR DELIKAT 174ML UNILEVER,5900300540020.0,brak,556.0,1.0,PRZYPRAWY KUCHENNE KUCHARKI,DF,0,IP,0.0,sprzedaz,0,przyp w plynie knorr delikat 174ml unilever,przyprawy kuchenne kucharki,0,false
4267,2026-01-01 00:00:00,-1,0.0,0.0,4.0,0.0,0.0,6.4722,0.0,-1.0,brak,21.0,1.0,0.0,0.0,0.0,341.0,PRZYP W PŁYNIE KNORR DELIKAT 174ML UNILEVER,5900300540020.0,brak,556.0,1.0,PRZYPRAWY KUCHENNE KUCHARKI,DF,0,IP,0.0,sprzedaz,0,przyp w plynie knorr delikat 174ml unilever,przyprawy kuchenne kucharki,0,false
4267,2026-01-02 00:00:00,-1,0.0,0.0,4.0,0.0,0.0,6.4722,0.0,-1.0,brak,21.0,1.0,0.0,0.0,0.0,341.0,PRZYP W PŁYNIE KNORR DELIKAT 174ML UNILEVER,5900300540020.0,brak,556.0,1.0,PRZYPRAWY KUCHENNE KUCHARKI,DF,0,IP,0.0,sprzedaz,0,przyp w plynie knorr delikat 174ml unilever,przyprawy kuchenne kucharki,0,false
4267,2026-01-03 00:00:00,-1,0.0,0.0,4.0,0.0,0.0,6.4722,0.0,-1.0,brak,21.0,1.0,0.0,0.0,0.0,341.0,PRZYP W PŁYNIE KNORR DELIKAT 174ML UNILEVER,5900300540020.0,brak,556.0,1.0,PRZYPRAWY KUCHENNE KUCHARKI,DF,0,IP,0.0,sprzedaz,0,przyp w plynie knorr delikat 174ml unilever,przyprawy kuchenne kucharki,0,false
4267,2026-01-04 00:00:00,-1,0.0,0.0,4.0,0.0,0.0,6.4722,0.0,-1.0,brak,21.0,1.0,0.0,0.0,0.0,341.0,PRZYP W PŁYNIE KNORR DELIKAT 174ML UNILEVER,5900300540020.0,brak,556.0,1.0,PRZYPRAWY KUCHENNE KUCHARKI,DF,0,IP,0.0,sprzedaz,0,przyp w plynie knorr delikat 174ml unilever,przyprawy kuchenne kucharki,0,false
4267,2026-01-05 00:00:00,-1,0.0,0.0,4.0,0.0,0.0,6.4722,0.0,-1.0,brak,21.0,1.0,0.0,0.0,0.0,341.0,PRZYP W PŁYNIE KNORR DELIKAT 174ML UNILEVER,5900300540020.0,brak,556.0,1.0,PRZYPRAWY KUCHENNE KUCHARKI,DF,0,IP,0.0,sprzedaz,0,przyp w plynie knorr delikat 174ml unilever,przyprawy kuchenne kucharki,0,false
4267,2026-01-06 00:00:00,-1,0.0,0.0,4.0,0.0,0.0,6.4722,0.0,-1.0,brak,21.0,1.0,0.0,0.0,0.0,341.0,PRZYP W PŁYNIE KNORR DELIKAT 174ML UNILEVER,5900300540020.0,brak,556.0,1.0,PRZYPRAWY KUCHENNE KUCHARKI,DF,0,IP,0.0,sprzedaz,0,przyp w plynie knorr delikat 174ml unilever,przyprawy kuchenne kucharki,0,false
4267,2026-01-07 00:00:00,-1,0.0,0.0,4.0,0.0,0.0,6.4722,0.0,-1.0,brak,21.0,1.0,0.0,0.0,0.0,341.0,PRZYP W PŁYNIE KNORR DELIKAT 174ML UNILEVER,5900300540020.0,brak,556.0,1.0,PRZYPRAWY KUCHENNE KUCHARKI,DF,0,IP,0.0,sprzedaz,0,przyp w plynie knorr delikat 174ml unilever,przyprawy kuchenne kucharki,0,false
4267,2026-01-08 00:00:00,-1,0.0,0.0,4.0,0.0,0.0,6.4722,0.0,-1.0,brak,21.0,1.0,0.0,0.0,0.0,341.0,PRZYP W PŁYNIE KNORR DELIKAT 174ML UNILEVER,5900300540020.0,brak,556.0,1.0,PRZYPRAWY KUCHENNE KUCHARKI,DF,0,IP,0.0,sprzedaz,0,przyp w plynie knorr delikat 174ml unilever,przyprawy kuchenne kucharki,0,false
4267,2026-01-09 00:00:00,-1,0.0,0.0,4.0,0.0,0.0,6.4722,0.0,-1.0,brak,21.0,1.0,0.0,0.0,0.0,341.0,PRZYP W PŁYNIE KNORR DELIKAT 174ML UNILEVER,5900300540020.0,brak,556.0,1.0,PRZYPRAWY KUCHENNE KUCHARKI,DF,0,IP,0.0,sprzedaz,0,przyp w plynie knorr delikat 174ml unilever,przyprawy kuchenne kucharki,0,false
4267,2026-01-10 00:00:00,-1,0.0,0.0,4.0,0.0,0.0,6.4722,0.0,-1.0,brak,21.0,1.0,0.0,0.0,0.0,341.0,PRZYP W PŁYNIE KNORR DELIKAT 174ML UNILEVER,5900300540020.0,brak,556.0,1.0,PRZYPRAWY KUCHENNE KUCHARKI,DF,0,IP,0.0,sprzedaz,0,przyp w plynie knorr delikat 174ml unilever,przyprawy kuchenne kucharki,0,false
4267,2026-01-11 00:00:00,-1,0.0,0.0,4.0,0.0,0.0,6.4722,0.0,-1.0,brak,21.0,1.0,0.0,0.0,0.0,341.0,PRZYP W PŁYNIE KNORR DELIKAT 174ML UNILEVER,5900300540020.0,brak,556.0,1.0,PRZYPRAWY KUCHENNE KUCHARKI,DF,0,IP,0.0,sprzedaz,0,przyp w plynie knorr delikat 174ml unilever,przyprawy kuchenne kucharki,0,false
4267,2026-01-12 00:00:00,-1,0.0,0.0,4.0,0.0,0.0,6.4722,0.0,-1.0,brak,21.0,1.0,0.0,0.0,0.0,341.0,PRZYP W PŁYNIE KNORR DELIKAT 174ML UNILEVER,5900300540020.0,brak,556.0,1.0,PRZYPRAWY KUCHENNE KUCHARKI,DF,0,IP,0.0,sprzedaz,0,przyp w plynie knorr delikat 174ml unilever,przyprawy kuchenne kucharki,0,false
4267,2026-01-13 00:00:00,2220264,2.0,2.0,4.0,1.0,0.0,6.4722,6.4722,15.0,DF/PAR/260113/5204/2,21.0,1.0,31.12,31.12,31.12,341.0,PRZYP W PŁYNIE KNORR DELIKAT 174ML UNILEVER,5900300540020.0,PRZYPRAWY I OLIWY,556.0,0.0,PRZYPRAWY KUCHENNE KUCHARKI,DF,1,IP,-1.0,sprzedaz,0,przyp w plynie knorr delikat 174ml unilever,przyprawy kuchenne kucharki,0,false
4267,2026-01-14 00:00:00,2221274,1.0,1.0,4.0,1.0,0.0,6.4722,6.4722,75.0,DF/PAR/260114/5697/2,21.0,1.0,42.93,42.93,42.93,341.0,PRZYP W PŁYNIE KNORR DELIKAT 174ML UNILEVER,5900300540020.0,PRZYPRAWY I OLIWY,556.0,0.0,PRZYPRAWY KUCHENNE KUCHARKI,DF,1,IP,-1.0,sprzedaz,0,przyp w plynie knorr delikat 174ml unilever,przyprawy kuchenne kucharki,0,false
4267,2026-01-14 00:00:00,2221274,3.0,3.0,4.0,1.0,0.0,6.4722,6.4722,75.0,DF/PAR/260114/5697/2,21.0,1.0,42.93,42.93,42.93,341.0,PRZYP W PŁYNIE KNORR DELIKAT 174ML UNILEVER,5900300540020.0,PRZYPRAWY I OLIWY,556.0,0.0,PRZYPRAWY KUCHENNE KUCHARKI,DF,1,IP,-1.0,sprzedaz,0,przyp w plynie knorr delikat 174ml unilever,przyprawy kuchenne kucharki,0,false
4267,2026-01-15 00:00:00,-1,0.0,0.0,4.0,0.0,0.0,6.4722,0.0,-1.0,brak,21.0,1.0,0.0,0.0,0.0,341.0,PRZYP W PŁYNIE KNORR DELIKAT 174ML UNILEVER,5900300540020.0,brak,556.0,1.0,PRZYPRAWY KUCHENNE KUCHARKI,DF,0,IP,0.0,sprzedaz,0,przyp w plynie knorr delikat 174ml unilever,przyprawy kuchenne kucharki,0,false
4267,2026-01-16 00:00:00,2223697,2.0,2.0,4.0,1.0,0.0,6.4722,6.4722,477.0,DF/PAR/260116/6766/2,21.0,1.0,14.98,14.98,14.98,341.0,PRZYP W PŁYNIE KNORR DELIKAT 174ML UNILEVER,5900300540020.0,PRZYPRAWY I OLIWY,556.0,0.0,PRZYPRAWY KUCHENNE KUCHARKI,DF,1,IP,-1.0,sprzedaz,0,przyp w plynie knorr delikat 174ml unilever,przyprawy kuchenne kucharki,0,false
4267,2026-01-17 00:00:00,-1,0.0,0.0,4.0,0.0,0.0,6.4722,0.0,-1.0,brak,21.0,1.0,0.0,0.0,0.0,341.0,PRZYP W PŁYNIE KNORR DELIKAT 174ML UNILEVER,5900300540020.0,brak,556.0,1.0,PRZYPRAWY KUCHENNE KUCHARKI,DF,0,IP,0.0,sprzedaz,0,przyp w plynie knorr delikat 174ml unilever,przyprawy kuchenne kucharki,0,false
4267,2026-01-18 00:00:00,-1,0.0,0.0,4.0,0.0,0.0,6.4722,0.0,-1.0,brak,21.0,1.0,0.0,0.0,0.0,341.0,PRZYP W PŁYNIE KNORR DELIKAT 174ML UNILEVER,5900300540020.0,brak,556.0,1.0,PRZYPRAWY KUCHENNE KUCHARKI,DF,0,IP,0.0,sprzedaz,0,przyp w plynie knorr delikat 174ml unilever,przyprawy kuchenne kucharki,0,false
4267,2026-01-19 00:00:00,2225607,6.0,6.0,4.0,1.0,0.0,6.4722,6.4722,212.0,DF/PAR/260119/3866/1,21.0,1.0,37.21,37.21,37.21,341.0,PRZYP W PŁYNIE KNORR DELIKAT 174ML UNILEVER,5900300540020.0,PRZYPRAWY I OLIWY,556.0,0.0,PRZYPRAWY KUCHENNE KUCHARKI,DF,1,IP,-1.0,sprzedaz,0,przyp w plynie knorr delikat 174ml unilever,przyprawy kuchenne kucharki,0,false
4267,2026-01-20 00:00:00,-1,0.0,0.0,4.0,0.0,0.0,6.4722,0.0,-1.0,brak,21.0,1.0,0.0,0.0,0.0,341.0,PRZYP W PŁYNIE KNORR DELIKAT 174ML UNILEVER,5900300540020.0,brak,556.0,1.0,PRZYPRAWY KUCHENNE KUCHARKI,DF,0,IP,0.0,sprzedaz,0,przyp w plynie knorr delikat 174ml unilever,przyprawy kuchenne kucharki,0,false
4267,2026-01-21 00:00:00,2228058,1.0,1.0,4.0,1.0,0.0,6.4722,6.4722,646.0,DF/PAR/260121/8281/2,21.0,1.0,38.24,38.24,38.24,341.0,PRZYP W PŁYNIE KNORR DELIKAT 174ML UNILEVER,5900300540020.0,PRZYPRAWY I OLIWY,556.0,0.0,PRZYPRAWY KUCHENNE KUCHARKI,DF,1,IP,-1.0,sprzedaz,0,przyp w plynie knorr delikat 174ml unilever,przyprawy kuchenne kucharki,0,false
4267,2026-01-22 00:00:00,-1,0.0,0.0,4.0,0.0,0.0,6.4722,0.0,-1.0,brak,21.0,1.0,0.0,0.0,0.0,341.0,PRZYP W PŁYNIE KNORR DELIKAT 174ML UNILEVER,5900300540020.0,brak,556.0,1.0,PRZYPRAWY KUCHENNE KUCHARKI,DF,0,IP,0.0,sprzedaz,0,przyp w plynie knorr delikat 174ml unilever,przyprawy kuchenne kucharki,0,false
4267,2026-01-23 00:00:00,-1,0.0,0.0,4.0,0.0,0.0,6.4722,0.0,-1.0,brak,21.0,1.0,0.0,0.0,0.0,341.0,PRZYP W PŁYNIE KNORR DELIKAT 174ML UNILEVER,5900300540020.0,brak,556.0,1.0,PRZYPRAWY KUCHENNE KUCHARKI,DF,0,IP,0.0,sprzedaz,0,przyp w plynie knorr delikat 174ml unilever,przyprawy kuchenne kucharki,0,false
4267,2026-01-24 00:00:00,-1,0.0,0.0,4.0,0.0,0.0,6.4722,0.0,-1.0,brak,21.0,1.0,0.0,0.0,0.0,341.0,PRZYP W PŁYNIE KNORR DELIKAT 174ML UNILEVER,5900300540020.0,brak,556.0,1.0,PRZYPRAWY KUCHENNE KUCHARKI,DF,0,IP,0.0,sprzedaz,0,przyp w plynie knorr delikat 174ml unilever,przyprawy kuchenne kucharki,0,false
4267,2026-01-25 00:00:00,-1,0.0,0.0,4.0,0.0,0.0,6.4722,0.0,-1.0,brak,21.0,1.0,0.0,0.0,0.0,341.0,PRZYP W PŁYNIE KNORR DELIKAT 174ML UNILEVER,5900300540020.0,brak,556.0,1.0,PRZYPRAWY KUCHENNE KUCHARKI,DF,0,IP,0.0,sprzedaz,0,przyp w plynie knorr delikat 174ml unilever,przyprawy kuchenne kucharki,0,false
4267,2026-01-26 00:00:00,-1,0.0,0.0,4.0,0.0,0.0,6.4722,0.0,-1.0,brak,21.0,1.0,0.0,0.0,0.0,341.0,PRZYP W PŁYNIE KNORR DELIKAT 174ML UNILEVER,5900300540020.0,brak,556.0,1.0,PRZYPRAWY KUCHENNE KUCHARKI,DF,0,IP,0.0,sprzedaz,0,przyp w plynie knorr delikat 174ml unilever,przyprawy kuchenne kucharki,0,false
4267,2026-01-27 00:00:00,-1,0.0,0.0,4.0,0.0,0.0,6.4722,0.0,-1.0,brak,21.0,1.0,0.0,0.0,0.0,341.0,PRZYP W PŁYNIE KNORR DELIKAT 174ML UNILEVER,5900300540020.0,brak,556.0,1.0,PRZYPRAWY KUCHENNE KUCHARKI,DF,0,IP,0.0,sprzedaz,0,przyp w plynie knorr delikat 174ml unilever,przyprawy kuchenne kucharki,0,false
4267,2026-01-28 00:00:00,-1,0.0,0.0,4.0,0.0,0.0,6.4722,0.0,-1.0,brak,21.0,1.0,0.0,0.0,0.0,341.0,PRZYP W PŁYNIE KNORR DELIKAT 174ML UNILEVER,5900300540020.0,brak,556.0,1.0,PRZYPRAWY KUCHENNE KUCHARKI,DF,0,IP,0.0,sprzedaz,0,przyp w plynie knorr delikat 174ml unilever,przyprawy kuchenne kucharki,0,false
4267,2026-01-29 00:00:00,-1,0.0,0.0,4.0,0.0,0.0,6.4722,0.0,-1.0,brak,21.0,1.0,0.0,0.0,0.0,341.0,PRZYP W PŁYNIE KNORR DELIKAT 174ML UNILEVER,5900300540020.0,brak,556.0,1.0,PRZYPRAWY KUCHENNE KUCHARKI,DF,0,IP,0.0,sprzedaz,0,przyp w plynie knorr delikat 174ml unilever,przyprawy kuchenne kucharki,0,false
4267,2026-01-30 00:00:00,-1,0.0,0.0,4.0,0.0,0.0,6.4722,0.0,-1.0,brak,21.0,1.0,0.0,0.0,0.0,341.0,PRZYP W PŁYNIE KNORR DELIKAT 174ML UNILEVER,5900300540020.0,brak,556.0,1.0,PRZYPRAWY KUCHENNE KUCHARKI,DF,0,IP,0.0,sprzedaz,0,przyp w plynie knorr delikat 174ml unilever,przyprawy kuchenne kucharki,0,false
4267,2026-01-31 00:00:00,-1,0.0,0.0,4.0,0.0,0.0,6.4722,0.0,-1.0,brak,21.0,1.0,0.0,0.0,0.0,341.0,PRZYP W PŁYNIE KNORR DELIKAT 174ML UNILEVER,5900300540020.0,brak,556.0,1.0,PRZYPRAWY KUCHENNE KUCHARKI,DF,0,IP,0.0,sprzedaz,0,przyp w plynie knorr delikat 174ml unilever,przyprawy kuchenne kucharki,0,false
36617,2025-11-20 00:00:00,2176353,1.0,1.0,4.0,4.0,0.0,0.9429,3.7714,124.0,DF/PAR/251120/6612/2,21.0,1.0,8.54,8.54,8.54,124.0,ROGALIK CHIPICAO 60G CHIPITA,521005.0,SLODYCZE,173.0,1.0,PIECZYWO O PRZEDŁUŻONEJ TRWAŁOŚCI,DF,1,IP,-1.0,sprzedaz,0,rogalik chipicao 60g chipita,pieczywo o przedluzonej trwalosci,0,false
36617,2025-11-20 00:00:00,2176415,2.0,2.0,4.0,3.0,0.0,0.9429,2.8286,186.0,DF/PAR/251120/6652/2,21.0,1.0,52.5,52.5,52.5,124.0,ROGALIK CHIPICAO 60G CHIPITA,521005.0,SLODYCZE,173.0,1.0,PIECZYWO O PRZEDŁUŻONEJ TRWAŁOŚCI,DF,1,IP,-1.0,sprzedaz,0,rogalik chipicao 60g chipita,pieczywo o przedluzonej trwalosci,0,false
36617,2025-11-21 00:00:00,-1,0.0,0.0,4.0,0.0,0.0,0.9429,0.0,-1.0,brak,21.0,1.0,0.0,0.0,0.0,124.0,ROGALIK CHIPICAO 60G CHIPITA,521005.0,brak,173.0,1.0,PIECZYWO O PRZEDŁUŻONEJ TRWAŁOŚCI,DF,0,IP,0.0,sprzedaz,0,rogalik chipicao 60g chipita,pieczywo o przedluzonej trwalosci,0,false
36617,2025-11-22 00:00:00,-1,0.0,0.0,4.0,0.0,0.0,0.9429,0.0,-1.0,brak,21.0,1.0,0.0,0.0,0.0,124.0,ROGALIK CHIPICAO 60G CHIPITA,521005.0,brak,173.0,1.0,PIECZYWO O PRZEDŁUŻONEJ TRWAŁOŚCI,DF,0,IP,0.0,sprzedaz,0,rogalik chipicao 60g chipita,pieczywo o przedluzonej trwalosci,0,false
36617,2025-11-23 00:00:00,-1,0.0,0.0,4.0,0.0,0.0,0.9429,0.0,-1.0,brak,21.0,1.0,0.0,0.0,0.0,124.0,ROGALIK CHIPICAO 60G CHIPITA,521005.0,brak,173.0,1.0,PIECZYWO O PRZEDŁUŻONEJ TRWAŁOŚCI,DF,0,IP,0.0,sprzedaz,0,rogalik chipicao 60g chipita,pieczywo o przedluzonej trwalosci,0,false
36617,2025-11-24 00:00:00,-1,0.0,0.0,4.0,0.0,0.0,0.9429,0.0,-1.0,brak,21.0,1.0,0.0,0.0,0.0,124.0,ROGALIK CHIPICAO 60G CHIPITA,521005.0,brak,173.0,1.0,PIECZYWO O PRZEDŁUŻONEJ TRWAŁOŚCI,DF,0,IP,0.0,sprzedaz,0,rogalik chipicao 60g chipita,pieczywo o przedluzonej trwalosci,0,false
36617,2025-11-25 00:00:00,-1,0.0,0.0,4.0,0.0,0.0,0.9429,0.0,-1.0,brak,21.0,1.0,0.0,0.0,0.0,124.0,ROGALIK CHIPICAO 60G CHIPITA,521005.0,brak,173.0,1.0,PIECZYWO O PRZEDŁUŻONEJ TRWAŁOŚCI,DF,0,IP,0.0,sprzedaz,0,rogalik chipicao 60g chipita,pieczywo o przedluzonej trwalosci,0,false
36617,2025-11-26 00:00:00,-1,0.0,0.0,4.0,0.0,0.0,0.9429,0.0,-1.0,brak,21.0,1.0,0.0,0.0,0.0,124.0,ROGALIK CHIPICAO 60G CHIPITA,521005.0,brak,173.0,1.0,PIECZYWO O PRZEDŁUŻONEJ TRWAŁOŚCI,DF,0,IP,0.0,sprzedaz,0,rogalik chipicao 60g chipita,pieczywo o przedluzonej trwalosci,0,false
36617,2025-11-27 00:00:00,-1,0.0,0.0,4.0,0.0,0.0,0.9429,0.0,-1.0,brak,21.0,1.0,0.0,0.0,0.0,124.0,ROGALIK CHIPICAO 60G CHIPITA,521005.0,brak,173.0,1.0,PIECZYWO O PRZEDŁUŻONEJ TRWAŁOŚCI,DF,0,IP,0.0,sprzedaz,0,rogalik chipicao 60g chipita,pieczywo o przedluzonej trwalosci,0,false
36617,2025-11-28 00:00:00,-1,0.0,0.0,4.0,0.0,0.0,0.9429,0.0,-1.0,brak,21.0,1.0,0.0,0.0,0.0,124.0,ROGALIK CHIPICAO 60G CHIPITA,521005.0,brak,173.0,1.0,PIECZYWO O PRZEDŁUŻONEJ TRWAŁOŚCI,DF,0,IP,0.0,sprzedaz,0,rogalik chipicao 60g chipita,pieczywo o przedluzonej trwalosci,0,false
36617,2025-11-29 00:00:00,-1,0.0,0.0,4.0,0.0,0.0,0.9429,0.0,-1.0,brak,21.0,1.0,0.0,0.0,0.0,124.0,ROGALIK CHIPICAO 60G CHIPITA,521005.0,brak,173.0,1.0,PIECZYWO O PRZEDŁUŻONEJ TRWAŁOŚCI,DF,0,IP,0.0,sprzedaz,0,rogalik chipicao 60g chipita,pieczywo o przedluzonej trwalosci,0,false
36617,2025-11-30 00:00:00,-1,0.0,0.0,4.0,0.0,0.0,0.9429,0.0,-1.0,brak,21.0,1.0,0.0,0.0,0.0,124.0,ROGALIK CHIPICAO 60G CHIPITA,521005.0,brak,173.0,1.0,PIECZYWO O PRZEDŁUŻONEJ TRWAŁOŚCI,DF,0,IP,0.0,sprzedaz,0,rogalik chipicao 60g chipita,pieczywo o przedluzonej trwalosci,0,false
36617,2025-12-01 00:00:00,-1,0.0,0.0,4.0,0.0,0.0,0.9429,0.0,-1.0,brak,21.0,1.0,0.0,0.0,0.0,124.0,ROGALIK CHIPICAO 60G CHIPITA,521005.0,brak,173.0,1.0,PIECZYWO O PRZEDŁUŻONEJ TRWAŁOŚCI,DF,0,IP,0.0,sprzedaz,0,rogalik chipicao 60g chipita,pieczywo o przedluzonej trwalosci,0,false
36617,2025-12-02 00:00:00,-1,0.0,0.0,4.0,0.0,0.0,0.9429,0.0,-1.0,brak,21.0,1.0,0.0,0.0,0.0,124.0,ROGALIK CHIPICAO 60G CHIPITA,521005.0,brak,173.0,1.0,PIECZYWO O PRZEDŁUŻONEJ TRWAŁOŚCI,DF,0,IP,0.0,sprzedaz,0,rogalik chipicao 60g chipita,pieczywo o przedluzonej trwalosci,0,false
36617,2025-12-03 00:00:00,-1,0.0,0.0,4.0,0.0,0.0,0.9429,0.0,-1.0,brak,21.0,1.0,0.0,0.0,0.0,124.0,ROGALIK CHIPICAO 60G CHIPITA,521005.0,brak,173.0,1.0,PIECZYWO O PRZEDŁUŻONEJ TRWAŁOŚCI,DF,0,IP,0.0,sprzedaz,0,rogalik chipicao 60g chipita,pieczywo o przedluzonej trwalosci,0,false
36617,2025-12-04 00:00:00,-1,0.0,0.0,4.0,0.0,0.0,0.9429,0.0,-1.0,brak,21.0,1.0,0.0,0.0,0.0,124.0,ROGALIK CHIPICAO 60G CHIPITA,521005.0,brak,173.0,1.0,PIECZYWO O PRZEDŁUŻONEJ TRWAŁOŚCI,DF,0,IP,0.0,sprzedaz,0,rogalik chipicao 60g chipita,pieczywo o przedluzonej trwalosci,0,false
52854,2025-11-20 00:00:00,2176567,8.0,8.0,4.0,1.0,0.0,16.252,16.252,338.0,DF/PAR/251120/6781/2,21.0,1.0,65.07,65.07,65.07,315.0,FIGURKI MINI MIKOŁAJE 5 X 10G LINDOR,4000539707407.0,nan,-1.0,1.0,ŚWIĄTECZNE,DF,1,IP,-1.0,sprzedaz,0,figurki mini mikolaje 5 x 10g lindor,swiateczne,0,false
52854,2025-11-21 00:00:00,-1,0.0,0.0,4.0,0.0,0.0,16.252,0.0,-1.0,brak,21.0,1.0,0.0,0.0,0.0,315.0,FIGURKI MINI MIKOŁAJE 5 X 10G LINDOR,4000539707407.0,brak,-1.0,1.0,ŚWIĄTECZNE,DF,0,IP,0.0,sprzedaz,0,figurki mini mikolaje 5 x 10g lindor,swiateczne,0,false
52854,2025-11-22 00:00:00,-1,0.0,0.0,4.0,0.0,0.0,16.252,0.0,-1.0,brak,21.0,1.0,0.0,0.0,0.0,315.0,FIGURKI MINI MIKOŁAJE 5 X 10G LINDOR,4000539707407.0,brak,-1.0,1.0,ŚWIĄTECZNE,DF,0,IP,0.0,sprzedaz,0,figurki mini mikolaje 5 x 10g lindor,swiateczne,0,false
52854,2025-11-23 00:00:00,-1,0.0,0.0,4.0,0.0,0.0,16.252,0.0,-1.0,brak,21.0,1.0,0.0,0.0,0.0,315.0,FIGURKI MINI MIKOŁAJE 5 X 10G LINDOR,4000539707407.0,brak,-1.0,1.0,ŚWIĄTECZNE,DF,0,IP,0.0,sprzedaz,0,figurki mini mikolaje 5 x 10g lindor,swiateczne,0,false
52854,2025-11-24 00:00:00,-1,0.0,0.0,4.0,0.0,0.0,16.252,0.0,-1.0,brak,21.0,1.0,0.0,0.0,0.0,315.0,FIGURKI MINI MIKOŁAJE 5 X 10G LINDOR,4000539707407.0,brak,-1.0,1.0,ŚWIĄTECZNE,DF,0,IP,0.0,sprzedaz,0,figurki mini mikolaje 5 x 10g lindor,swiateczne,0,false
52854,2025-11-25 00:00:00,-1,0.0,0.0,4.0,0.0,0.0,16.252,0.0,-1.0,brak,21.0,1.0,0.0,0.0,0.0,315.0,FIGURKI MINI MIKOŁAJE 5 X 10G LINDOR,4000539707407.0,brak,-1.0,1.0,ŚWIĄTECZNE,DF,0,IP,0.0,sprzedaz,0,figurki mini mikolaje 5 x 10g lindor,swiateczne,0,false
52854,2025-11-26 00:00:00,-1,0.0,0.0,4.0,0.0,0.0,16.252,0.0,-1.0,brak,21.0,1.0,0.0,0.0,0.0,315.0,FIGURKI MINI MIKOŁAJE 5 X 10G LINDOR,4000539707407.0,brak,-1.0,1.0,ŚWIĄTECZNE,DF,0,IP,0.0,sprzedaz,0,figurki mini mikolaje 5 x 10g lindor,swiateczne,0,false
52854,2025-11-27 00:00:00,2182387,5.0,5.0,4.0,1.0,0.0,16.252,16.252,390.0,DF/PAR/251127/10020/2,21.0,1.0,37.25,37.25,37.25,315.0,FIGURKI MINI MIKOŁAJE 5 X 10G LINDOR,4000539707407.0,nan,-1.0,1.0,ŚWIĄTECZNE,DF,1,IP,-1.0,sprzedaz,0,figurki mini mikolaje 5 x 10g lindor,swiateczne,0,false
52854,2025-11-28 00:00:00,-1,0.0,0.0,4.0,0.0,0.0,16.252,0.0,-1.0,brak,21.0,1.0,0.0,0.0,0.0,315.0,FIGURKI MINI MIKOŁAJE 5 X 10G LINDOR,4000539707407.0,brak,-1.0,1.0,ŚWIĄTECZNE,DF,0,IP,0.0,sprzedaz,0,figurki mini mikolaje 5 x 10g lindor,swiateczne,0,false
52854,2025-11-29 00:00:00,2184396,6.0,6.0,4.0,1.0,0.0,16.252,16.252,384.0,DF/PAR/251129/11249/2,21.0,1.0,178.9,178.9,178.9,315.0,FIGURKI MINI MIKOŁAJE 5 X 10G LINDOR,4000539707407.0,nan,-1.0,1.0,ŚWIĄTECZNE,DF,1,IP,-1.0,sprzedaz,0,figurki mini mikolaje 5 x 10g lindor,swiateczne,0,false
52854,2025-11-30 00:00:00,-1,0.0,0.0,4.0,0.0,0.0,16.252,0.0,-1.0,brak,21.0,1.0,0.0,0.0,0.0,315.0,FIGURKI MINI MIKOŁAJE 5 X 10G LINDOR,4000539707407.0,brak,-1.0,1.0,ŚWIĄTECZNE,DF,0,IP,0.0,sprzedaz,0,figurki mini mikolaje 5 x 10g lindor,swiateczne,0,false
52854,2025-12-01 00:00:00,-1,0.0,0.0,4.0,0.0,0.0,16.252,0.0,-1.0,brak,21.0,1.0,0.0,0.0,0.0,315.0,FIGURKI MINI MIKOŁAJE 5 X 10G LINDOR,4000539707407.0,brak,-1.0,1.0,ŚWIĄTECZNE,DF,0,IP,0.0,sprzedaz,0,figurki mini mikolaje 5 x 10g lindor,swiateczne,0,false
52854,2025-12-02 00:00:00,-1,0.0,0.0,4.0,0.0,0.0,16.252,0.0,-1.0,brak,21.0,1.0,0.0,0.0,0.0,315.0,FIGURKI MINI MIKOŁAJE 5 X 10G LINDOR,4000539707407.0,brak,-1.0,1.0,ŚWIĄTECZNE,DF,0,IP,0.0,sprzedaz,0,figurki mini mikolaje 5 x 10g lindor,swiateczne,0,false
52854,2025-12-03 00:00:00,2187498,7.0,7.0,4.0,1.0,0.0,16.252,16.252,552.0,DF/PAR/251203/1759/2,21.0,1.0,43.23,43.23,43.23,315.0,FIGURKI MINI MIKOŁAJE 5 X 10G LINDOR,4000539707407.0,nan,-1.0,1.0,ŚWIĄTECZNE,DF,1,IP,-1.0,sprzedaz,0,figurki mini mikolaje 5 x 10g lindor,swiateczne,0,false
52854,2025-12-04 00:00:00,-1,0.0,0.0,4.0,0.0,0.0,16.252,0.0,-1.0,brak,21.0,1.0,0.0,0.0,0.0,315.0,FIGURKI MINI MIKOŁAJE 5 X 10G LINDOR,4000539707407.0,brak,-1.0,1.0,ŚWIĄTECZNE,DF,0,IP,0.0,sprzedaz,0,figurki mini mikolaje 5 x 10g lindor,swiateczne,0,false
52854,2025-12-05 00:00:00,-1,0.0,0.0,4.0,0.0,0.0,16.252,0.0,-1.0,brak,21.0,1.0,0.0,0.0,0.0,315.0,FIGURKI MINI MIKOŁAJE 5 X 10G LINDOR,4000539707407.0,brak,-1.0,1.0,ŚWIĄTECZNE,DF,0,IP,0.0,sprzedaz,0,figurki mini mikolaje 5 x 10g lindor,swiateczne,0,false
52854,2025-12-06 00:00:00,-1,0.0,0.0,4.0,0.0,0.0,16.252,0.0,-1.0,brak,21.0,1.0,0.0,0.0,0.0,315.0,FIGURKI MINI MIKOŁAJE 5 X 10G LINDOR,4000539707407.0,brak,-1.0,1.0,ŚWIĄTECZNE,DF,0,IP,0.0,sprzedaz,0,figurki mini mikolaje 5 x 10g lindor,swiateczne,0,false
52854,2025-12-07 00:00:00,-1,0.0,0.0,4.0,0.0,0.0,16.252,0.0,-1.0,brak,21.0,1.0,0.0,0.0,0.0,315.0,FIGURKI MINI MIKOŁAJE 5 X 10G LINDOR,4000539707407.0,brak,-1.0,1.0,ŚWIĄTECZNE,DF,0,IP,0.0,sprzedaz,0,figurki mini mikolaje 5 x 10g lindor,swiateczne,0,false
52854,2025-12-08 00:00:00,-1,0.0,0.0,4.0,0.0,0.0,16.252,0.0,-1.0,brak,21.0,1.0,0.0,0.0,0.0,315.0,FIGURKI MINI MIKOŁAJE 5 X 10G LINDOR,4000539707407.0,brak,-1.0,1.0,ŚWIĄTECZNE,DF,0,IP,0.0,sprzedaz,0,figurki mini mikolaje 5 x 10g lindor,swiateczne,0,false
52854,2025-12-09 00:00:00,-1,0.0,0.0,4.0,0.0,0.0,16.252,0.0,-1.0,brak,21.0,1.0,0.0,0.0,0.0,315.0,FIGURKI MINI MIKOŁAJE 5 X 10G LINDOR,4000539707407.0,brak,-1.0,1.0,ŚWIĄTECZNE,DF,0,IP,0.0,sprzedaz,0,figurki mini mikolaje 5 x 10g lindor,swiateczne,0,false
52854,2025-12-10 00:00:00,-1,0.0,0.0,4.0,0.0,0.0,16.252,0.0,-1.0,brak,21.0,1.0,0.0,0.0,0.0,315.0,FIGURKI MINI MIKOŁAJE 5 X 10G LINDOR,4000539707407.0,brak,-1.0,1.0,ŚWIĄTECZNE,DF,0,IP,0.0,sprzedaz,0,figurki mini mikolaje 5 x 10g lindor,swiateczne,0,false
52854,2025-12-11 00:00:00,2194953,5.0,5.0,4.0,1.0,0.0,16.252,16.252,611.0,DF/PAR/251211/6671/2,21.0,1.0,40.45,40.45,40.45,315.0,FIGURKI MINI MIKOŁAJE 5 X 10G LINDOR,4000539707407.0,nan,-1.0,1.0,ŚWIĄTECZNE,DF,1,IP,-1.0,sprzedaz,0,figurki mini mikolaje 5 x 10g lindor,swiateczne,0,false
52854,2025-12-12 00:00:00,-1,0.0,0.0,4.0,0.0,0.0,16.252,0.0,-1.0,brak,21.0,1.0,0.0,0.0,0.0,315.0,FIGURKI MINI MIKOŁAJE 5 X 10G LINDOR,4000539707407.0,brak,-1.0,1.0,ŚWIĄTECZNE,DF,0,IP,0.0,sprzedaz,0,figurki mini mikolaje 5 x 10g lindor,swiateczne,0,false
52854,2025-12-13 00:00:00,-1,0.0,0.0,4.0,0.0,0.0,16.252,0.0,-1.0,brak,21.0,1.0,0.0,0.0,0.0,315.0,FIGURKI MINI MIKOŁAJE 5 X 10G LINDOR,4000539707407.0,brak,-1.0,1.0,ŚWIĄTECZNE,DF,0,IP,0.0,sprzedaz,0,figurki mini mikolaje 5 x 10g lindor,swiateczne,0,false
52854,2025-12-14 00:00:00,-1,0.0,0.0,4.0,0.0,0.0,16.252,0.0,-1.0,brak,21.0,1.0,0.0,0.0,0.0,315.0,FIGURKI MINI MIKOŁAJE 5 X 10G LINDOR,4000539707407.0,brak,-1.0,1.0,ŚWIĄTECZNE,DF,0,IP,0.0,sprzedaz,0,figurki mini mikolaje 5 x 10g lindor,swiateczne,0,false
52854,2025-12-15 00:00:00,-1,0.0,0.0,4.0,0.0,0.0,16.252,0.0,-1.0,brak,21.0,1.0,0.0,0.0,0.0,315.0,FIGURKI MINI MIKOŁAJE 5 X 10G LINDOR,4000539707407.0,brak,-1.0,1.0,ŚWIĄTECZNE,DF,0,IP,0.0,sprzedaz,0,figurki mini mikolaje 5 x 10g lindor,swiateczne,0,false
52854,2025-12-16 00:00:00,-1,0.0,0.0,4.0,0.0,0.0,16.252,0.0,-1.0,brak,21.0,1.0,0.0,0.0,0.0,315.0,FIGURKI MINI MIKOŁAJE 5 X 10G LINDOR,4000539707407.0,brak,-1.0,1.0,ŚWIĄTECZNE,DF,0,IP,0.0,sprzedaz,0,figurki mini mikolaje 5 x 10g lindor,swiateczne,0,false
52854,2025-12-17 00:00:00,-1,0.0,0.0,4.0,0.0,0.0,16.252,0.0,-1.0,brak,21.0,1.0,0.0,0.0,0.0,315.0,FIGURKI MINI MIKOŁAJE 5 X 10G LINDOR,4000539707407.0,brak,-1.0,1.0,ŚWIĄTECZNE,DF,0,IP,0.0,sprzedaz,0,figurki mini mikolaje 5 x 10g lindor,swiateczne,0,false
52854,2025-12-18 00:00:00,-1,0.0,0.0,4.0,0.0,0.0,16.252,0.0,-1.0,brak,21.0,1.0,0.0,0.0,0.0,315.0,FIGURKI MINI MIKOŁAJE 5 X 10G LINDOR,4000539707407.0,brak,-1.0,1.0,ŚWIĄTECZNE,DF,0,IP,0.0,sprzedaz,0,figurki mini mikolaje 5 x 10g lindor,swiateczne,0,false
52854,2025-12-19 00:00:00,2202361,1.0,1.0,4.0,1.0,0.0,16.252,16.252,162.0,DF/PAR/251219/11370/2,21.0,1.0,19.99,19.99,19.99,315.0,FIGURKI MINI MIKOŁAJE 5 X 10G LINDOR,4000539707407.0,nan,-1.0,1.0,ŚWIĄTECZNE,DF,1,IP,-1.0,sprzedaz,0,figurki mini mikolaje 5 x 10g lindor,swiateczne,0,false
52854,2025-12-20 00:00:00,-1,0.0,0.0,4.0,0.0,0.0,16.252,0.0,-1.0,brak,21.0,1.0,0.0,0.0,0.0,315.0,FIGURKI MINI MIKOŁAJE 5 X 10G LINDOR,4000539707407.0,brak,-1.0,1.0,ŚWIĄTECZNE,DF,0,IP,0.0,sprzedaz,0,figurki mini mikolaje 5 x 10g lindor,swiateczne,0,false
52854,2025-12-21 00:00:00,-1,0.0,0.0,4.0,0.0,0.0,16.252,0.0,-1.0,brak,21.0,1.0,0.0,0.0,0.0,315.0,FIGURKI MINI MIKOŁAJE 5 X 10G LINDOR,4000539707407.0,brak,-1.0,1.0,ŚWIĄTECZNE,DF,0,IP,0.0,sprzedaz,0,figurki mini mikolaje 5 x 10g lindor,swiateczne,0,false
52854,2025-12-22 00:00:00,-1,0.0,0.0,4.0,0.0,0.0,16.252,0.0,-1.0,brak,21.0,1.0,0.0,0.0,0.0,315.0,FIGURKI MINI MIKOŁAJE 5 X 10G LINDOR,4000539707407.0,brak,-1.0,1.0,ŚWIĄTECZNE,DF,0,IP,0.0,sprzedaz,0,figurki mini mikolaje 5 x 10g lindor,swiateczne,0,false
52854,2025-12-23 00:00:00,-1,0.0,0.0,4.0,0.0,0.0,16.252,0.0,-1.0,brak,21.0,1.0,0.0,0.0,0.0,315.0,FIGURKI MINI MIKOŁAJE 5 X 10G LINDOR,4000539707407.0,brak,-1.0,1.0,ŚWIĄTECZNE,DF,0,IP,0.0,sprzedaz,0,figurki mini mikolaje 5 x 10g lindor,swiateczne,0,false
52854,2025-12-24 00:00:00,-1,0.0,0.0,4.0,0.0,0.0,16.252,0.0,-1.0,brak,21.0,1.0,0.0,0.0,0.0,315.0,FIGURKI MINI MIKOŁAJE 5 X 10G LINDOR,4000539707407.0,brak,-1.0,1.0,ŚWIĄTECZNE,DF,0,IP,0.0,sprzedaz,0,figurki mini mikolaje 5 x 10g lindor,swiateczne,0,false
52854,2025-12-25 00:00:00,-1,0.0,0.0,4.0,0.0,0.0,16.252,0.0,-1.0,brak,21.0,1.0,0.0,0.0,0.0,315.0,FIGURKI MINI MIKOŁAJE 5 X 10G LINDOR,4000539707407.0,brak,-1.0,1.0,ŚWIĄTECZNE,DF,0,IP,0.0,sprzedaz,0,figurki mini mikolaje 5 x 10g lindor,swiateczne,0,false
52854,2025-12-26 00:00:00,-1,0.0,0.0,4.0,0.0,0.0,16.252,0.0,-1.0,brak,21.0,1.0,0.0,0.0,0.0,315.0,FIGURKI MINI MIKOŁAJE 5 X 10G LINDOR,4000539707407.0,brak,-1.0,1.0,ŚWIĄTECZNE,DF,0,IP,0.0,sprzedaz,0,figurki mini mikolaje 5 x 10g lindor,swiateczne,0,false
52854,2025-12-27 00:00:00,-1,0.0,0.0,4.0,0.0,0.0,16.252,0.0,-1.0,brak,21.0,1.0,0.0,0.0,0.0,315.0,FIGURKI MINI MIKOŁAJE 5 X 10G LINDOR,4000539707407.0,brak,-1.0,1.0,ŚWIĄTECZNE,DF,0,IP,0.0,sprzedaz,0,figurki mini mikolaje 5 x 10g lindor,swiateczne,0,false
52854,2025-12-28 00:00:00,-1,0.0,0.0,4.0,0.0,0.0,16.252,0.0,-1.0,brak,21.0,1.0,0.0,0.0,0.0,315.0,FIGURKI MINI MIKOŁAJE 5 X 10G LINDOR,4000539707407.0,brak,-1.0,1.0,ŚWIĄTECZNE,DF,0,IP,0.0,sprzedaz,0,figurki mini mikolaje 5 x 10g lindor,swiateczne,0,false
52854,2025-12-29 00:00:00,-1,0.0,0.0,4.0,0.0,0.0,16.252,0.0,-1.0,brak,21.0,1.0,0.0,0.0,0.0,315.0,FIGURKI MINI MIKOŁAJE 5 X 10G LINDOR,4000539707407.0,brak,-1.0,1.0,ŚWIĄTECZNE,DF,0,IP,0.0,sprzedaz,0,figurki mini mikolaje 5 x 10g lindor,swiateczne,0,false
52854,2025-12-30 00:00:00,-1,0.0,0.0,4.0,0.0,0.0,16.252,0.0,-1.0,brak,21.0,1.0,0.0,0.0,0.0,315.0,FIGURKI MINI MIKOŁAJE 5 X 10G LINDOR,4000539707407.0,brak,-1.0,1.0,ŚWIĄTECZNE,DF,0,IP,0.0,sprzedaz,0,figurki mini mikolaje 5 x 10g lindor,swiateczne,0,false
52854,2025-12-31 00:00:00,-1,0.0,0.0,4.0,0.0,0.0,16.252,0.0,-1.0,brak,21.0,1.0,0.0,0.0,0.0,315.0,FIGURKI MINI MIKOŁAJE 5 X 10G LINDOR,4000539707407.0,brak,-1.0,1.0,ŚWIĄTECZNE,DF,0,IP,0.0,sprzedaz,0,figurki mini mikolaje 5 x 10g lindor,swiateczne,0,false
52854,2026-01-01 00:00:00,-1,0.0,0.0,4.0,0.0,0.0,16.252,0.0,-1.0,brak,21.0,1.0,0.0,0.0,0.0,315.0,FIGURKI MINI MIKOŁAJE 5 X 10G LINDOR,4000539707407.0,brak,-1.0,1.0,ŚWIĄTECZNE,DF,0,IP,0.0,sprzedaz,0,figurki mini mikolaje 5 x 10g lindor,swiateczne,0,false
52854,2026-01-02 00:00:00,-1,0.0,0.0,4.0,0.0,0.0,16.252,0.0,-1.0,brak,21.0,1.0,0.0,0.0,0.0,315.0,FIGURKI MINI MIKOŁAJE 5 X 10G LINDOR,4000539707407.0,brak,-1.0,1.0,ŚWIĄTECZNE,DF,0,IP,0.0,sprzedaz,0,figurki mini mikolaje 5 x 10g lindor,swiateczne,0,false
52854,2026-01-03 00:00:00,-1,0.0,0.0,4.0,0.0,0.0,16.252,0.0,-1.0,brak,21.0,1.0,0.0,0.0,0.0,315.0,FIGURKI MINI MIKOŁAJE 5 X 10G LINDOR,4000539707407.0,brak,-1.0,1.0,ŚWIĄTECZNE,DF,0,IP,0.0,sprzedaz,0,figurki mini mikolaje 5 x 10g lindor,swiateczne,0,false
52854,2026-01-04 00:00:00,-1,0.0,0.0,4.0,0.0,0.0,16.252,0.0,-1.0,brak,21.0,1.0,0.0,0.0,0.0,315.0,FIGURKI MINI MIKOŁAJE 5 X 10G LINDOR,4000539707407.0,brak,-1.0,1.0,ŚWIĄTECZNE,DF,0,IP,0.0,sprzedaz,0,figurki mini mikolaje 5 x 10g lindor,swiateczne,0,false
52854,2026-01-05 00:00:00,-1,0.0,0.0,4.0,0.0,0.0,16.252,0.0,-1.0,brak,21.0,1.0,0.0,0.0,0.0,315.0,FIGURKI MINI MIKOŁAJE 5 X 10G LINDOR,4000539707407.0,brak,-1.0,1.0,ŚWIĄTECZNE,DF,0,IP,0.0,sprzedaz,0,figurki mini mikolaje 5 x 10g lindor,swiateczne,0,false
52854,2026-01-06 00:00:00,-1,0.0,0.0,4.0,0.0,0.0,16.252,0.0,-1.0,brak,21.0,1.0,0.0,0.0,0.0,315.0,FIGURKI MINI MIKOŁAJE 5 X 10G LINDOR,4000539707407.0,brak,-1.0,1.0,ŚWIĄTECZNE,DF,0,IP,0.0,sprzedaz,0,figurki mini mikolaje 5 x 10g lindor,swiateczne,0,false
52854,2026-01-07 00:00:00,-1,0.0,0.0,4.0,0.0,0.0,16.252,0.0,-1.0,brak,21.0,1.0,0.0,0.0,0.0,315.0,FIGURKI MINI MIKOŁAJE 5 X 10G LINDOR,4000539707407.0,brak,-1.0,1.0,ŚWIĄTECZNE,DF,0,IP,0.0,sprzedaz,0,figurki mini mikolaje 5 x 10g lindor,swiateczne,0,false
52854,2026-01-08 00:00:00,-1,0.0,0.0,4.0,0.0,0.0,16.252,0.0,-1.0,brak,21.0,1.0,0.0,0.0,0.0,315.0,FIGURKI MINI MIKOŁAJE 5 X 10G LINDOR,4000539707407.0,brak,-1.0,1.0,ŚWIĄTECZNE,DF,0,IP,0.0,sprzedaz,0,figurki mini mikolaje 5 x 10g lindor,swiateczne,0,false
52854,2026-01-09 00:00:00,-1,0.0,0.0,4.0,0.0,0.0,16.252,0.0,-1.0,brak,21.0,1.0,0.0,0.0,0.0,315.0,FIGURKI MINI MIKOŁAJE 5 X 10G LINDOR,4000539707407.0,brak,-1.0,1.0,ŚWIĄTECZNE,DF,0,IP,0.0,sprzedaz,0,figurki mini mikolaje 5 x 10g lindor,swiateczne,0,false
52854,2026-01-10 00:00:00,-1,0.0,0.0,4.0,0.0,0.0,16.252,0.0,-1.0,brak,21.0,1.0,0.0,0.0,0.0,315.0,FIGURKI MINI MIKOŁAJE 5 X 10G LINDOR,4000539707407.0,brak,-1.0,1.0,ŚWIĄTECZNE,DF,0,IP,0.0,sprzedaz,0,figurki mini mikolaje 5 x 10g lindor,swiateczne,0,false
52854,2026-01-11 00:00:00,-1,0.0,0.0,4.0,0.0,0.0,16.252,0.0,-1.0,brak,21.0,1.0,0.0,0.0,0.0,315.0,FIGURKI MINI MIKOŁAJE 5 X 10G LINDOR,4000539707407.0,brak,-1.0,1.0,ŚWIĄTECZNE,DF,0,IP,0.0,sprzedaz,0,figurki mini mikolaje 5 x 10g lindor,swiateczne,0,false
52854,2026-01-12 00:00:00,-1,0.0,0.0,4.0,0.0,0.0,16.252,0.0,-1.0,brak,21.0,1.0,0.0,0.0,0.0,315.0,FIGURKI MINI MIKOŁAJE 5 X 10G LINDOR,4000539707407.0,brak,-1.0,1.0,ŚWIĄTECZNE,DF,0,IP,0.0,sprzedaz,0,figurki mini mikolaje 5 x 10g lindor,swiateczne,0,false
52854,2026-01-13 00:00:00,-1,0.0,0.0,4.0,0.0,0.0,16.252,0.0,-1.0,brak,21.0,1.0,0.0,0.0,0.0,315.0,FIGURKI MINI MIKOŁAJE 5 X 10G LINDOR,4000539707407.0,brak,-1.0,1.0,ŚWIĄTECZNE,DF,0,IP,0.0,sprzedaz,0,figurki mini mikolaje 5 x 10g lindor,swiateczne,0,false
52854,2026-01-14 00:00:00,-1,0.0,0.0,4.0,0.0,0.0,16.252,0.0,-1.0,brak,21.0,1.0,0.0,0.0,0.0,315.0,FIGURKI MINI MIKOŁAJE 5 X 10G LINDOR,4000539707407.0,brak,-1.0,1.0,ŚWIĄTECZNE,DF,0,IP,0.0,sprzedaz,0,figurki mini mikolaje 5 x 10g lindor,swiateczne,0,false
52854,2026-01-15 00:00:00,-1,0.0,0.0,4.0,0.0,0.0,16.252,0.0,-1.0,brak,21.0,1.0,0.0,0.0,0.0,315.0,FIGURKI MINI MIKOŁAJE 5 X 10G LINDOR,4000539707407.0,brak,-1.0,1.0,ŚWIĄTECZNE,DF,0,IP,0.0,sprzedaz,0,figurki mini mikolaje 5 x 10g lindor,swiateczne,0,false
52854,2026-01-16 00:00:00,-1,0.0,0.0,4.0,0.0,0.0,16.252,0.0,-1.0,brak,21.0,1.0,0.0,0.0,0.0,315.0,FIGURKI MINI MIKOŁAJE 5 X 10G LINDOR,4000539707407.0,brak,-1.0,1.0,ŚWIĄTECZNE,DF,0,IP,0.0,sprzedaz,0,figurki mini mikolaje 5 x 10g lindor,swiateczne,0,false
52854,2026-01-17 00:00:00,-1,0.0,0.0,4.0,0.0,0.0,16.252,0.0,-1.0,brak,21.0,1.0,0.0,0.0,0.0,315.0,FIGURKI MINI MIKOŁAJE 5 X 10G LINDOR,4000539707407.0,brak,-1.0,1.0,ŚWIĄTECZNE,DF,0,IP,0.0,sprzedaz,0,figurki mini mikolaje 5 x 10g lindor,swiateczne,0,false
52854,2026-01-18 00:00:00,-1,0.0,0.0,4.0,0.0,0.0,16.252,0.0,-1.0,brak,21.0,1.0,0.0,0.0,0.0,315.0,FIGURKI MINI MIKOŁAJE 5 X 10G LINDOR,4000539707407.0,brak,-1.0,1.0,ŚWIĄTECZNE,DF,0,IP,0.0,sprzedaz,0,figurki mini mikolaje 5 x 10g lindor,swiateczne,0,false
52854,2026-01-19 00:00:00,-1,0.0,0.0,4.0,0.0,0.0,16.252,0.0,-1.0,brak,21.0,1.0,0.0,0.0,0.0,315.0,FIGURKI MINI MIKOŁAJE 5 X 10G LINDOR,4000539707407.0,brak,-1.0,1.0,ŚWIĄTECZNE,DF,0,IP,0.0,sprzedaz,0,figurki mini mikolaje 5 x 10g lindor,swiateczne,0,false
52854,2026-01-20 00:00:00,-1,0.0,0.0,4.0,0.0,0.0,16.252,0.0,-1.0,brak,21.0,1.0,0.0,0.0,0.0,315.0,FIGURKI MINI MIKOŁAJE 5 X 10G LINDOR,4000539707407.0,brak,-1.0,1.0,ŚWIĄTECZNE,DF,0,IP,0.0,sprzedaz,0,figurki mini mikolaje 5 x 10g lindor,swiateczne,0,false
52854,2026-01-21 00:00:00,-1,0.0,0.0,4.0,0.0,0.0,16.252,0.0,-1.0,brak,21.0,1.0,0.0,0.0,0.0,315.0,FIGURKI MINI MIKOŁAJE 5 X 10G LINDOR,4000539707407.0,brak,-1.0,1.0,ŚWIĄTECZNE,DF,0,IP,0.0,sprzedaz,0,figurki mini mikolaje 5 x 10g lindor,swiateczne,0,false
52854,2026-01-22 00:00:00,-1,0.0,0.0,4.0,0.0,0.0,16.252,0.0,-1.0,brak,21.0,1.0,0.0,0.0,0.0,315.0,FIGURKI MINI MIKOŁAJE 5 X 10G LINDOR,4000539707407.0,brak,-1.0,1.0,ŚWIĄTECZNE,DF,0,IP,0.0,sprzedaz,0,figurki mini mikolaje 5 x 10g lindor,swiateczne,0,false
52854,2026-01-23 00:00:00,-1,0.0,0.0,4.0,0.0,0.0,16.252,0.0,-1.0,brak,21.0,1.0,0.0,0.0,0.0,315.0,FIGURKI MINI MIKOŁAJE 5 X 10G LINDOR,4000539707407.0,brak,-1.0,1.0,ŚWIĄTECZNE,DF,0,IP,0.0,sprzedaz,0,figurki mini mikolaje 5 x 10g lindor,swiateczne,0,false
52854,2026-01-24 00:00:00,-1,0.0,0.0,4.0,0.0,0.0,16.252,0.0,-1.0,brak,21.0,1.0,0.0,0.0,0.0,315.0,FIGURKI MINI MIKOŁAJE 5 X 10G LINDOR,4000539707407.0,brak,-1.0,1.0,ŚWIĄTECZNE,DF,0,IP,0.0,sprzedaz,0,figurki mini mikolaje 5 x 10g lindor,swiateczne,0,false
52854,2026-01-25 00:00:00,-1,0.0,0.0,4.0,0.0,0.0,16.252,0.0,-1.0,brak,21.0,1.0,0.0,0.0,0.0,315.0,FIGURKI MINI MIKOŁAJE 5 X 10G LINDOR,4000539707407.0,brak,-1.0,1.0,ŚWIĄTECZNE,DF,0,IP,0.0,sprzedaz,0,figurki mini mikolaje 5 x 10g lindor,swiateczne,0,false
52854,2026-01-26 00:00:00,-1,0.0,0.0,4.0,0.0,0.0,16.252,0.0,-1.0,brak,21.0,1.0,0.0,0.0,0.0,315.0,FIGURKI MINI MIKOŁAJE 5 X 10G LINDOR,4000539707407.0,brak,-1.0,1.0,ŚWIĄTECZNE,DF,0,IP,0.0,sprzedaz,0,figurki mini mikolaje 5 x 10g lindor,swiateczne,0,false
52854,2026-01-27 00:00:00,2233111,3.0,3.0,4.0,1.0,0.0,2.4309,2.4309,457.0,DF/PAR/260127/10649/2,21.0,1.0,13.07,13.07,13.07,315.0,FIGURKI MINI MIKOŁAJE 5 X 10G LINDOR,4000539707407.0,nan,-1.0,1.0,ŚWIĄTECZNE,DF,1,IP,-1.0,sprzedaz,0,figurki mini mikolaje 5 x 10g lindor,swiateczne,0,false
52854,2026-01-27 00:00:00,2233115,3.0,3.0,4.0,1.0,0.0,2.4309,2.4309,461.0,DF/PAR/260127/10653/2,21.0,1.0,26.33,26.33,26.33,315.0,FIGURKI MINI MIKOŁAJE 5 X 10G LINDOR,4000539707407.0,nan,-1.0,1.0,ŚWIĄTECZNE,DF,1,IP,-1.0,sprzedaz,0,figurki mini mikolaje 5 x 10g lindor,swiateczne,0,false
52854,2026-01-27 00:00:00,2233121,1.0,1.0,4.0,1.0,0.0,2.4309,2.4309,467.0,DF/PAR/260127/10658/2,21.0,1.0,2.99,2.99,2.99,315.0,FIGURKI MINI MIKOŁAJE 5 X 10G LINDOR,4000539707407.0,nan,-1.0,1.0,ŚWIĄTECZNE,DF,1,IP,-1.0,sprzedaz,0,figurki mini mikolaje 5 x 10g lindor,swiateczne,0,false
52854,2026-01-27 00:00:00,2233128,1.0,1.0,4.0,1.0,0.0,2.4309,2.4309,474.0,DF/PAR/260127/10661/2,21.0,1.0,19.94,19.94,19.94,315.0,FIGURKI MINI MIKOŁAJE 5 X 10G LINDOR,4000539707407.0,nan,-1.0,1.0,ŚWIĄTECZNE,DF,1,IP,-1.0,sprzedaz,0,figurki mini mikolaje 5 x 10g lindor,swiateczne,0,false
52854,2026-01-27 00:00:00,2233128,2.0,2.0,4.0,1.0,0.0,2.4309,2.4309,474.0,DF/PAR/260127/10661/2,21.0,1.0,19.94,19.94,19.94,315.0,FIGURKI MINI MIKOŁAJE 5 X 10G LINDOR,4000539707407.0,nan,-1.0,1.0,ŚWIĄTECZNE,DF,1,IP,-1.0,sprzedaz,0,figurki mini mikolaje 5 x 10g lindor,swiateczne,0,false
52854,2026-01-27 00:00:00,2233128,3.0,3.0,4.0,1.0,0.0,2.4309,2.4309,474.0,DF/PAR/260127/10661/2,21.0,1.0,19.94,19.94,19.94,315.0,FIGURKI MINI MIKOŁAJE 5 X 10G LINDOR,4000539707407.0,nan,-1.0,1.0,ŚWIĄTECZNE,DF,1,IP,-1.0,sprzedaz,0,figurki mini mikolaje 5 x 10g lindor,swiateczne,0,false
52854,2026-01-27 00:00:00,2233173,1.0,1.0,4.0,1.0,0.0,2.4309,2.4309,519.0,DF/PAR/260127/10662/2,21.0,1.0,30.64,30.64,30.64,315.0,FIGURKI MINI MIKOŁAJE 5 X 10G LINDOR,4000539707407.0,nan,-1.0,1.0,ŚWIĄTECZNE,DF,1,IP,-1.0,sprzedaz,0,figurki mini mikolaje 5 x 10g lindor,swiateczne,0,false
52854,2026-01-27 00:00:00,2233385,4.0,4.0,4.0,1.0,0.0,2.4309,2.4309,729.0,DF/PAR/260127/6990/1,21.0,1.0,63.75,63.75,63.75,315.0,FIGURKI MINI MIKOŁAJE 5 X 10G LINDOR,4000539707407.0,nan,-1.0,1.0,ŚWIĄTECZNE,DF,1,IP,-1.0,sprzedaz,0,figurki mini mikolaje 5 x 10g lindor,swiateczne,0,false
52854,2026-01-27 00:00:00,2233385,11.0,11.0,4.0,1.0,0.0,2.4309,2.4309,729.0,DF/PAR/260127/6990/1,21.0,1.0,63.75,63.75,63.75,315.0,FIGURKI MINI MIKOŁAJE 5 X 10G LINDOR,4000539707407.0,nan,-1.0,1.0,ŚWIĄTECZNE,DF,1,IP,-1.0,sprzedaz,0,figurki mini mikolaje 5 x 10g lindor,swiateczne,0,false
52854,2026-01-27 00:00:00,2233390,4.0,4.0,4.0,1.0,0.0,2.4309,2.4309,734.0,DF/PAR/260127/6995/1,21.0,1.0,31.97,31.97,31.97,315.0,FIGURKI MINI MIKOŁAJE 5 X 10G LINDOR,4000539707407.0,nan,-1.0,1.0,ŚWIĄTECZNE,DF,1,IP,-1.0,sprzedaz,0,figurki mini mikolaje 5 x 10g lindor,swiateczne,0,false
52854,2026-01-27 00:00:00,2233390,5.0,5.0,4.0,1.0,0.0,2.4309,2.4309,734.0,DF/PAR/260127/6995/1,21.0,1.0,31.97,31.97,31.97,315.0,FIGURKI MINI MIKOŁAJE 5 X 10G LINDOR,4000539707407.0,nan,-1.0,1.0,ŚWIĄTECZNE,DF,1,IP,-1.0,sprzedaz,0,figurki mini mikolaje 5 x 10g lindor,swiateczne,0,false
52854,2026-01-27 00:00:00,2233393,2.0,2.0,4.0,1.0,0.0,2.4309,2.4309,737.0,DF/PAR/260127/6998/1,21.0,1.0,13.97,13.97,13.97,315.0,FIGURKI MINI MIKOŁAJE 5 X 10G LINDOR,4000539707407.0,nan,-1.0,1.0,ŚWIĄTECZNE,DF,1,IP,-1.0,sprzedaz,0,figurki mini mikolaje 5 x 10g lindor,swiateczne,0,false
52854,2026-01-27 00:00:00,2233396,12.0,12.0,4.0,1.0,0.0,2.4309,2.4309,740.0,DF/PAR/260127/7000/1,21.0,1.0,109.27,109.27,109.27,315.0,FIGURKI MINI MIKOŁAJE 5 X 10G LINDOR,4000539707407.0,nan,-1.0,1.0,ŚWIĄTECZNE,DF,1,IP,-1.0,sprzedaz,0,figurki mini mikolaje 5 x 10g lindor,swiateczne,0,false
52854,2026-01-27 00:00:00,2233396,13.0,13.0,4.0,1.0,0.0,2.4309,2.4309,740.0,DF/PAR/260127/7000/1,21.0,1.0,109.27,109.27,109.27,315.0,FIGURKI MINI MIKOŁAJE 5 X 10G LINDOR,4000539707407.0,nan,-1.0,1.0,ŚWIĄTECZNE,DF,1,IP,-1.0,sprzedaz,0,figurki mini mikolaje 5 x 10g lindor,swiateczne,0,false
52854,2026-01-27 00:00:00,2233400,1.0,1.0,4.0,1.0,0.0,2.4309,2.4309,744.0,DF/PAR/260127/7002/1,21.0,1.0,2.99,2.99,2.99,315.0,FIGURKI MINI MIKOŁAJE 5 X 10G LINDOR,4000539707407.0,nan,-1.0,1.0,ŚWIĄTECZNE,DF,1,IP,-1.0,sprzedaz,0,figurki mini mikolaje 5 x 10g lindor,swiateczne,0,false
52854,2026-01-27 00:00:00,2233401,2.0,2.0,4.0,1.0,0.0,2.4309,2.4309,745.0,DF/PAR/260127/7003/1,21.0,1.0,9.98,9.98,9.98,315.0,FIGURKI MINI MIKOŁAJE 5 X 10G LINDOR,4000539707407.0,nan,-1.0,1.0,ŚWIĄTECZNE,DF,1,IP,-1.0,sprzedaz,0,figurki mini mikolaje 5 x 10g lindor,swiateczne,0,false
52854,2026-01-27 00:00:00,2233402,3.0,3.0,4.0,1.0,0.0,2.4309,2.4309,746.0,DF/PAR/260127/7004/1,21.0,1.0,14.97,14.97,14.97,315.0,FIGURKI MINI MIKOŁAJE 5 X 10G LINDOR,4000539707407.0,nan,-1.0,1.0,ŚWIĄTECZNE,DF,1,IP,-1.0,sprzedaz,0,figurki mini mikolaje 5 x 10g lindor,swiateczne,0,false
52854,2026-01-27 00:00:00,2233407,1.0,1.0,4.0,1.0,0.0,2.4309,2.4309,751.0,DF/PAR/260127/10718/2,21.0,1.0,14.95,14.95,14.95,315.0,FIGURKI MINI MIKOŁAJE 5 X 10G LINDOR,4000539707407.0,nan,-1.0,1.0,ŚWIĄTECZNE,DF,1,IP,-1.0,sprzedaz,0,figurki mini mikolaje 5 x 10g lindor,swiateczne,0,false
52854,2026-01-27 00:00:00,2233407,3.0,3.0,4.0,1.0,0.0,2.4309,2.4309,751.0,DF/PAR/260127/10718/2,21.0,1.0,14.95,14.95,14.95,315.0,FIGURKI MINI MIKOŁAJE 5 X 10G LINDOR,4000539707407.0,nan,-1.0,1.0,ŚWIĄTECZNE,DF,1,IP,-1.0,sprzedaz,0,figurki mini mikolaje 5 x 10g lindor,swiateczne,0,false
52854,2026-01-27 00:00:00,2233413,6.0,6.0,4.0,1.0,0.0,2.4309,2.4309,757.0,DF/PAR/260127/7010/1,21.0,1.0,24.64,24.64,24.64,315.0,FIGURKI MINI MIKOŁAJE 5 X 10G LINDOR,4000539707407.0,nan,-1.0,1.0,ŚWIĄTECZNE,DF,1,IP,-1.0,sprzedaz,0,figurki mini mikolaje 5 x 10g lindor,swiateczne,0,false
52854,2026-01-27 00:00:00,2233418,25.0,25.0,4.0,1.0,0.0,2.4309,2.4309,762.0,DF/PAR/260127/7015/1,21.0,1.0,121.85,121.85,121.85,315.0,FIGURKI MINI MIKOŁAJE 5 X 10G LINDOR,4000539707407.0,nan,-1.0,1.0,ŚWIĄTECZNE,DF,1,IP,-1.0,sprzedaz,0,figurki mini mikolaje 5 x 10g lindor,swiateczne,0,false
52854,2026-01-27 00:00:00,2233437,1.0,1.0,4.0,1.0,0.0,2.4309,2.4309,778.0,DF/PAR/260127/7031/1,21.0,1.0,2.99,2.99,2.99,315.0,FIGURKI MINI MIKOŁAJE 5 X 10G LINDOR,4000539707407.0,nan,-1.0,1.0,ŚWIĄTECZNE,DF,1,IP,-1.0,sprzedaz,0,figurki mini mikolaje 5 x 10g lindor,swiateczne,0,false
52854,2026-01-27 00:00:00,2233556,1.0,1.0,4.0,1.0,0.0,2.4309,2.4309,891.0,DF/PAR/260127/10729/2,21.0,1.0,2.99,2.99,2.99,315.0,FIGURKI MINI MIKOŁAJE 5 X 10G LINDOR,4000539707407.0,nan,-1.0,1.0,ŚWIĄTECZNE,DF,1,IP,-1.0,sprzedaz,0,figurki mini mikolaje 5 x 10g lindor,swiateczne,0,false
52854,2026-01-28 00:00:00,-1,0.0,0.0,4.0,0.0,0.0,2.4309,0.0,-1.0,brak,21.0,1.0,0.0,0.0,0.0,315.0,FIGURKI MINI MIKOŁAJE 5 X 10G LINDOR,4000539707407.0,brak,-1.0,1.0,ŚWIĄTECZNE,DF,0,IP,0.0,sprzedaz,0,figurki mini mikolaje 5 x 10g lindor,swiateczne,0,false
52854,2026-01-29 00:00:00,-1,0.0,0.0,4.0,0.0,0.0,2.4309,0.0,-1.0,brak,21.0,1.0,0.0,0.0,0.0,315.0,FIGURKI MINI MIKOŁAJE 5 X 10G LINDOR,4000539707407.0,brak,-1.0,1.0,ŚWIĄTECZNE,DF,0,IP,0.0,sprzedaz,0,figurki mini mikolaje 5 x 10g lindor,swiateczne,0,false
52854,2026-01-30 00:00:00,-1,0.0,0.0,4.0,0.0,0.0,2.4309,0.0,-1.0,brak,21.0,1.0,0.0,0.0,0.0,315.0,FIGURKI MINI MIKOŁAJE 5 X 10G LINDOR,4000539707407.0,brak,-1.0,1.0,ŚWIĄTECZNE,DF,0,IP,0.0,sprzedaz,0,figurki mini mikolaje 5 x 10g lindor,swiateczne,0,false
52854,2026-01-31 00:00:00,-1,0.0,0.0,4.0,0.0,0.0,2.4309,0.0,-1.0,brak,21.0,1.0,0.0,0.0,0.0,315.0,FIGURKI MINI MIKOŁAJE 5 X 10G LINDOR,4000539707407.0,brak,-1.0,1.0,ŚWIĄTECZNE,DF,0,IP,0.0,sprzedaz,0,figurki mini mikolaje 5 x 10g lindor,swiateczne,0,false
81043,2025-11-20 00:00:00,2177100,1.0,1.0,4.0,1.0,0.0,5.2286,5.2286,860.0,DF/PAR/251120/7114/2,21.0,1.0,14.45,14.45,14.45,219.0,CIASTKA OREO 154G MONDELEZ,7622202331381.0,nan,-1.0,1.0,CIASTKA,DF,1,IP,-1.0,sprzedaz,0,ciastka oreo 154g mondelez,ciastka,0,false
81043,2025-11-21 00:00:00,-1,0.0,0.0,4.0,0.0,0.0,5.2286,0.0,-1.0,brak,21.0,1.0,0.0,0.0,0.0,219.0,CIASTKA OREO 154G MONDELEZ,7622202331381.0,brak,-1.0,1.0,CIASTKA,DF,0,IP,0.0,sprzedaz,0,ciastka oreo 154g mondelez,ciastka,0,false
81043,2025-11-22 00:00:00,-1,0.0,0.0,4.0,0.0,0.0,5.2286,0.0,-1.0,brak,21.0,1.0,0.0,0.0,0.0,219.0,CIASTKA OREO 154G MONDELEZ,7622202331381.0,brak,-1.0,1.0,CIASTKA,DF,0,IP,0.0,sprzedaz,0,ciastka oreo 154g mondelez,ciastka,0,false
81043,2025-11-23 00:00:00,-1,0.0,0.0,4.0,0.0,0.0,5.2286,0.0,-1.0,brak,21.0,1.0,0.0,0.0,0.0,219.0,CIASTKA OREO 154G MONDELEZ,7622202331381.0,brak,-1.0,1.0,CIASTKA,DF,0,IP,0.0,sprzedaz,0,ciastka oreo 154g mondelez,ciastka,0,false
81043,2025-11-24 00:00:00,-1,0.0,0.0,4.0,0.0,0.0,5.2286,0.0,-1.0,brak,21.0,1.0,0.0,0.0,0.0,219.0,CIASTKA OREO 154G MONDELEZ,7622202331381.0,brak,-1.0,1.0,CIASTKA,DF,0,IP,0.0,sprzedaz,0,ciastka oreo 154g mondelez,ciastka,0,false
81043,2025-11-25 00:00:00,-1,0.0,0.0,4.0,0.0,0.0,5.2286,0.0,-1.0,brak,21.0,1.0,0.0,0.0,0.0,219.0,CIASTKA OREO 154G MONDELEZ,7622202331381.0,brak,-1.0,1.0,CIASTKA,DF,0,IP,0.0,sprzedaz,0,ciastka oreo 154g mondelez,ciastka,0,false
81043,2025-11-26 00:00:00,-1,0.0,0.0,4.0,0.0,0.0,5.2286,0.0,-1.0,brak,21.0,1.0,0.0,0.0,0.0,219.0,CIASTKA OREO 154G MONDELEZ,7622202331381.0,brak,-1.0,1.0,CIASTKA,DF,0,IP,0.0,sprzedaz,0,ciastka oreo 154g mondelez,ciastka,0,false
81043,2025-11-27 00:00:00,2182177,6.0,6.0,4.0,1.0,0.0,5.2286,5.2286,180.0,DF/PAR/251127/7627/1,21.0,1.0,53.65,53.65,53.65,219.0,CIASTKA OREO 154G MONDELEZ,7622202331381.0,nan,-1.0,1.0,CIASTKA,DF,1,IP,-1.0,sprzedaz,0,ciastka oreo 154g mondelez,ciastka,0,false
81043,2025-11-28 00:00:00,2183277,4.0,4.0,4.0,1.0,0.0,5.2286,5.2286,343.0,DF/PAR/251128/10618/2,21.0,1.0,41.19,41.19,41.19,219.0,CIASTKA OREO 154G MONDELEZ,7622202331381.0,nan,-1.0,1.0,CIASTKA,DF,1,IP,-1.0,sprzedaz,0,ciastka oreo 154g mondelez,ciastka,0,false
81043,2025-11-29 00:00:00,-1,0.0,0.0,4.0,0.0,0.0,5.2286,0.0,-1.0,brak,21.0,1.0,0.0,0.0,0.0,219.0,CIASTKA OREO 154G MONDELEZ,7622202331381.0,brak,-1.0,1.0,CIASTKA,DF,0,IP,0.0,sprzedaz,0,ciastka oreo 154g mondelez,ciastka,0,false
81043,2025-11-30 00:00:00,-1,0.0,0.0,4.0,0.0,0.0,5.2286,0.0,-1.0,brak,21.0,1.0,0.0,0.0,0.0,219.0,CIASTKA OREO 154G MONDELEZ,7622202331381.0,brak,-1.0,1.0,CIASTKA,DF,0,IP,0.0,sprzedaz,0,ciastka oreo 154g mondelez,ciastka,0,false
81043,2025-12-01 00:00:00,-1,0.0,0.0,4.0,0.0,0.0,5.2286,0.0,-1.0,brak,21.0,1.0,0.0,0.0,0.0,219.0,CIASTKA OREO 154G MONDELEZ,7622202331381.0,brak,-1.0,1.0,CIASTKA,DF,0,IP,0.0,sprzedaz,0,ciastka oreo 154g mondelez,ciastka,0,false
81043,2025-12-02 00:00:00,2186560,3.0,3.0,4.0,1.0,0.0,5.2286,5.2286,593.0,DF/PAR/251202/1112/2,21.0,1.0,31.35,31.35,31.35,219.0,CIASTKA OREO 154G MONDELEZ,7622202331381.0,nan,-1.0,1.0,CIASTKA,DF,1,IP,-1.0,sprzedaz,0,ciastka oreo 154g mondelez,ciastka,0,false
81043,2025-12-02 00:00:00,2186562,6.0,6.0,4.0,1.0,0.0,5.2286,5.2286,595.0,DF/PAR/251202/203/1,21.0,1.0,102.59,102.59,102.59,219.0,CIASTKA OREO 154G MONDELEZ,7622202331381.0,nan,-1.0,1.0,CIASTKA,DF,1,IP,-1.0,sprzedaz,0,ciastka oreo 154g mondelez,ciastka,0,false
81043,2025-12-03 00:00:00,-1,0.0,0.0,4.0,0.0,0.0,5.2286,0.0,-1.0,brak,21.0,1.0,0.0,0.0,0.0,219.0,CIASTKA OREO 154G MONDELEZ,7622202331381.0,brak,-1.0,1.0,CIASTKA,DF,0,IP,0.0,sprzedaz,0,ciastka oreo 154g mondelez,ciastka,0,false
81043,2025-12-04 00:00:00,-1,0.0,0.0,4.0,0.0,0.0,5.2286,0.0,-1.0,brak,21.0,1.0,0.0,0.0,0.0,219.0,CIASTKA OREO 154G MONDELEZ,7622202331381.0,brak,-1.0,1.0,CIASTKA,DF,0,IP,0.0,sprzedaz,0,ciastka oreo 154g mondelez,ciastka,0,false
81043,2025-12-05 00:00:00,2189690,5.0,5.0,4.0,1.0,0.0,5.2286,5.2286,753.0,DF/PAR/251205/866/1,21.0,1.0,198.84,198.84,198.84,219.0,CIASTKA OREO 154G MONDELEZ,7622202331381.0,nan,-1.0,1.0,CIASTKA,DF,1,IP,-1.0,sprzedaz,0,ciastka oreo 154g mondelez,ciastka,0,false
81043,2025-12-05 00:00:00,2189690,6.0,6.0,4.0,1.0,0.0,5.2286,5.2286,753.0,DF/PAR/251205/866/1,21.0,1.0,198.84,198.84,198.84,219.0,CIASTKA OREO 154G MONDELEZ,7622202331381.0,nan,-1.0,1.0,CIASTKA,DF,1,IP,-1.0,sprzedaz,0,ciastka oreo 154g mondelez,ciastka,0,false
81043,2025-12-06 00:00:00,-1,0.0,0.0,4.0,0.0,0.0,5.2286,0.0,-1.0,brak,21.0,1.0,0.0,0.0,0.0,219.0,CIASTKA OREO 154G MONDELEZ,7622202331381.0,brak,-1.0,1.0,CIASTKA,DF,0,IP,0.0,sprzedaz,0,ciastka oreo 154g mondelez,ciastka,0,false
81043,2025-12-07 00:00:00,-1,0.0,0.0,4.0,0.0,0.0,5.2286,0.0,-1.0,brak,21.0,1.0,0.0,0.0,0.0,219.0,CIASTKA OREO 154G MONDELEZ,7622202331381.0,brak,-1.0,1.0,CIASTKA,DF,0,IP,0.0,sprzedaz,0,ciastka oreo 154g mondelez,ciastka,0,false
81043,2025-12-08 00:00:00,-1,0.0,0.0,4.0,0.0,0.0,5.2286,0.0,-1.0,brak,21.0,1.0,0.0,0.0,0.0,219.0,CIASTKA OREO 154G MONDELEZ,7622202331381.0,brak,-1.0,1.0,CIASTKA,DF,0,IP,0.0,sprzedaz,0,ciastka oreo 154g mondelez,ciastka,0,false
81043,2025-12-09 00:00:00,-1,0.0,0.0,4.0,0.0,0.0,5.2286,0.0,-1.0,brak,21.0,1.0,0.0,0.0,0.0,219.0,CIASTKA OREO 154G MONDELEZ,7622202331381.0,brak,-1.0,1.0,CIASTKA,DF,0,IP,0.0,sprzedaz,0,ciastka oreo 154g mondelez,ciastka,0,false
81043,2025-12-10 00:00:00,-1,0.0,0.0,4.0,0.0,0.0,5.2286,0.0,-1.0,brak,21.0,1.0,0.0,0.0,0.0,219.0,CIASTKA OREO 154G MONDELEZ,7622202331381.0,brak,-1.0,1.0,CIASTKA,DF,0,IP,0.0,sprzedaz,0,ciastka oreo 154g mondelez,ciastka,0,false
81043,2025-12-11 00:00:00,2195243,6.0,6.0,4.0,1.0,0.0,5.2286,5.2286,890.0,DF/PAR/251211/6879/2,21.0,1.0,25.18,25.18,25.18,219.0,CIASTKA OREO 154G MONDELEZ,7622202331381.0,nan,-1.0,1.0,CIASTKA,DF,1,IP,-1.0,sprzedaz,0,ciastka oreo 154g mondelez,ciastka,0,false
81043,2025-12-12 00:00:00,2196141,1.0,1.0,4.0,1.0,0.0,5.2286,5.2286,794.0,DF/PAR/251212/7438/2,21.0,1.0,25.05,25.05,25.05,219.0,CIASTKA OREO 154G MONDELEZ,7622202331381.0,nan,-1.0,1.0,CIASTKA,DF,1,IP,-1.0,sprzedaz,0,ciastka oreo 154g mondelez,ciastka,0,false
81043,2025-12-13 00:00:00,2196886,2.0,2.0,4.0,1.0,0.0,5.2286,5.2286,436.0,DF/PAR/251213/2180/1,21.0,1.0,25.33,25.33,25.33,219.0,CIASTKA OREO 154G MONDELEZ,7622202331381.0,nan,-1.0,1.0,CIASTKA,DF,1,IP,-1.0,sprzedaz,0,ciastka oreo 154g mondelez,ciastka,0,false
81043,2025-12-13 00:00:00,2196886,3.0,3.0,4.0,1.0,0.0,5.2286,5.2286,436.0,DF/PAR/251213/2180/1,21.0,1.0,25.33,25.33,25.33,219.0,CIASTKA OREO 154G MONDELEZ,7622202331381.0,nan,-1.0,1.0,CIASTKA,DF,1,IP,-1.0,sprzedaz,0,ciastka oreo 154g mondelez,ciastka,0,false
81043,2025-12-14 00:00:00,-1,0.0,0.0,4.0,0.0,0.0,5.2286,0.0,-1.0,brak,21.0,1.0,0.0,0.0,0.0,219.0,CIASTKA OREO 154G MONDELEZ,7622202331381.0,brak,-1.0,1.0,CIASTKA,DF,0,IP,0.0,sprzedaz,0,ciastka oreo 154g mondelez,ciastka,0,false
81043,2025-12-15 00:00:00,-1,0.0,0.0,4.0,0.0,0.0,5.2286,0.0,-1.0,brak,21.0,1.0,0.0,0.0,0.0,219.0,CIASTKA OREO 154G MONDELEZ,7622202331381.0,brak,-1.0,1.0,CIASTKA,DF,0,IP,0.0,sprzedaz,0,ciastka oreo 154g mondelez,ciastka,0,false
81043,2025-12-16 00:00:00,2199391,5.0,5.0,4.0,1.0,0.0,5.2286,5.2286,471.0,DF/PAR/251216/9491/2,21.0,1.0,32.73,32.73,32.73,219.0,CIASTKA OREO 154G MONDELEZ,7622202331381.0,nan,-1.0,1.0,CIASTKA,DF,1,IP,-1.0,sprzedaz,0,ciastka oreo 154g mondelez,ciastka,0,false
81043,2025-12-17 00:00:00,-1,0.0,0.0,4.0,0.0,0.0,5.2286,0.0,-1.0,brak,21.0,1.0,0.0,0.0,0.0,219.0,CIASTKA OREO 154G MONDELEZ,7622202331381.0,brak,-1.0,1.0,CIASTKA,DF,0,IP,0.0,sprzedaz,0,ciastka oreo 154g mondelez,ciastka,0,false
81043,2025-12-18 00:00:00,2201727,6.0,6.0,4.0,1.0,0.0,5.2286,5.2286,657.0,DF/PAR/251218/10920/2,21.0,1.0,56.89,56.89,56.89,219.0,CIASTKA OREO 154G MONDELEZ,7622202331381.0,nan,-1.0,1.0,CIASTKA,DF,1,IP,-1.0,sprzedaz,0,ciastka oreo 154g mondelez,ciastka,0,false
81043,2025-12-18 00:00:00,2202065,3.0,3.0,4.0,1.0,0.0,5.2286,5.2286,982.0,DF/PAR/251218/11190/2,21.0,1.0,15.47,15.47,15.47,219.0,CIASTKA OREO 154G MONDELEZ,7622202331381.0,nan,-1.0,1.0,CIASTKA,DF,1,IP,-1.0,sprzedaz,0,ciastka oreo 154g mondelez,ciastka,0,false
81043,2025-12-19 00:00:00,2203258,4.0,4.0,4.0,1.0,0.0,5.2286,5.2286,1057.0,DF/PAR/251219/11946/2,21.0,1.0,55.43,55.43,55.43,219.0,CIASTKA OREO 154G MONDELEZ,7622202331381.0,nan,-1.0,1.0,CIASTKA,DF,1,IP,-1.0,sprzedaz,0,ciastka oreo 154g mondelez,ciastka,0,false
81043,2025-12-20 00:00:00,-1,0.0,0.0,4.0,0.0,0.0,5.2286,0.0,-1.0,brak,21.0,1.0,0.0,0.0,0.0,219.0,CIASTKA OREO 154G MONDELEZ,7622202331381.0,brak,-1.0,1.0,CIASTKA,DF,0,IP,0.0,sprzedaz,0,ciastka oreo 154g mondelez,ciastka,0,false
81043,2025-12-21 00:00:00,-1,0.0,0.0,4.0,0.0,0.0,5.2286,0.0,-1.0,brak,21.0,1.0,0.0,0.0,0.0,219.0,CIASTKA OREO 154G MONDELEZ,7622202331381.0,brak,-1.0,1.0,CIASTKA,DF,0,IP,0.0,sprzedaz,0,ciastka oreo 154g mondelez,ciastka,0,false
81043,2025-12-22 00:00:00,2205466,3.0,3.0,4.0,1.0,0.0,5.2286,5.2286,542.0,DF/PAR/251222/13246/2,21.0,1.0,92.91,92.91,92.91,219.0,CIASTKA OREO 154G MONDELEZ,7622202331381.0,nan,-1.0,1.0,CIASTKA,DF,1,IP,-1.0,sprzedaz,0,ciastka oreo 154g mondelez,ciastka,0,false
81043,2025-12-22 00:00:00,2205466,4.0,4.0,4.0,1.0,0.0,5.2286,5.2286,542.0,DF/PAR/251222/13246/2,21.0,1.0,92.91,92.91,92.91,219.0,CIASTKA OREO 154G MONDELEZ,7622202331381.0,nan,-1.0,1.0,CIASTKA,DF,1,IP,-1.0,sprzedaz,0,ciastka oreo 154g mondelez,ciastka,0,false
81043,2025-12-23 00:00:00,2206507,1.0,1.0,4.0,1.0,0.0,5.2286,5.2286,172.0,DF/PAR/251223/13658/2,21.0,1.0,63.54,63.54,63.54,219.0,CIASTKA OREO 154G MONDELEZ,7622202331381.0,nan,-1.0,1.0,CIASTKA,DF,1,IP,-1.0,sprzedaz,0,ciastka oreo 154g mondelez,ciastka,0,false
81043,2025-12-23 00:00:00,2206507,2.0,2.0,4.0,1.0,0.0,5.2286,5.2286,172.0,DF/PAR/251223/13658/2,21.0,1.0,63.54,63.54,63.54,219.0,CIASTKA OREO 154G MONDELEZ,7622202331381.0,nan,-1.0,1.0,CIASTKA,DF,1,IP,-1.0,sprzedaz,0,ciastka oreo 154g mondelez,ciastka,0,false
81043,2025-12-23 00:00:00,2207113,10.0,10.0,4.0,1.0,0.0,5.2286,5.2286,775.0,DF/PAR/251223/4710/1,21.0,1.0,71.63,71.63,71.63,219.0,CIASTKA OREO 154G MONDELEZ,7622202331381.0,nan,-1.0,1.0,CIASTKA,DF,1,IP,-1.0,sprzedaz,0,ciastka oreo 154g mondelez,ciastka,0,false
81043,2025-12-23 00:00:00,2207167,1.0,1.0,4.0,1.0,0.0,5.2286,5.2286,829.0,DF/PAR/251223/4730/1,21.0,1.0,46.15,46.15,46.15,219.0,CIASTKA OREO 154G MONDELEZ,7622202331381.0,nan,-1.0,1.0,CIASTKA,DF,1,IP,-1.0,sprzedaz,0,ciastka oreo 154g mondelez,ciastka,0,false
81043,2025-12-23 00:00:00,2207167,2.0,2.0,4.0,1.0,0.0,5.2286,5.2286,829.0,DF/PAR/251223/4730/1,21.0,1.0,46.15,46.15,46.15,219.0,CIASTKA OREO 154G MONDELEZ,7622202331381.0,nan,-1.0,1.0,CIASTKA,DF,1,IP,-1.0,sprzedaz,0,ciastka oreo 154g mondelez,ciastka,0,false
81043,2025-12-23 00:00:00,2207167,3.0,3.0,4.0,1.0,0.0,5.2286,5.2286,829.0,DF/PAR/251223/4730/1,21.0,1.0,46.15,46.15,46.15,219.0,CIASTKA OREO 154G MONDELEZ,7622202331381.0,nan,-1.0,1.0,CIASTKA,DF,1,IP,-1.0,sprzedaz,0,ciastka oreo 154g mondelez,ciastka,0,false
81043,2025-12-24 00:00:00,-1,0.0,0.0,4.0,0.0,0.0,5.2286,0.0,-1.0,brak,21.0,1.0,0.0,0.0,0.0,219.0,CIASTKA OREO 154G MONDELEZ,7622202331381.0,brak,-1.0,1.0,CIASTKA,DF,0,IP,0.0,sprzedaz,0,ciastka oreo 154g mondelez,ciastka,0,false
81043,2025-12-25 00:00:00,-1,0.0,0.0,4.0,0.0,0.0,5.2286,0.0,-1.0,brak,21.0,1.0,0.0,0.0,0.0,219.0,CIASTKA OREO 154G MONDELEZ,7622202331381.0,brak,-1.0,1.0,CIASTKA,DF,0,IP,0.0,sprzedaz,0,ciastka oreo 154g mondelez,ciastka,0,false
81043,2025-12-26 00:00:00,-1,0.0,0.0,4.0,0.0,0.0,5.2286,0.0,-1.0,brak,21.0,1.0,0.0,0.0,0.0,219.0,CIASTKA OREO 154G MONDELEZ,7622202331381.0,brak,-1.0,1.0,CIASTKA,DF,0,IP,0.0,sprzedaz,0,ciastka oreo 154g mondelez,ciastka,0,false
81043,2025-12-27 00:00:00,-1,0.0,0.0,4.0,0.0,0.0,5.2286,0.0,-1.0,brak,21.0,1.0,0.0,0.0,0.0,219.0,CIASTKA OREO 154G MONDELEZ,7622202331381.0,brak,-1.0,1.0,CIASTKA,DF,0,IP,0.0,sprzedaz,0,ciastka oreo 154g mondelez,ciastka,0,false
81043,2025-12-28 00:00:00,-1,0.0,0.0,4.0,0.0,0.0,5.2286,0.0,-1.0,brak,21.0,1.0,0.0,0.0,0.0,219.0,CIASTKA OREO 154G MONDELEZ,7622202331381.0,brak,-1.0,1.0,CIASTKA,DF,0,IP,0.0,sprzedaz,0,ciastka oreo 154g mondelez,ciastka,0,false
81043,2025-12-29 00:00:00,2208597,10.0,9.0,4.0,1.0,0.0,5.2286,5.2286,50.0,DF/PAR/251229/14497/2,21.0,1.0,41.32,41.32,41.32,219.0,CIASTKA OREO 154G MONDELEZ,7622202331381.0,nan,-1.0,1.0,CIASTKA,DF,1,IP,-1.0,sprzedaz,0,ciastka oreo 154g mondelez,ciastka,0,false
81043,2025-12-29 00:00:00,2208597,12.0,11.0,4.0,1.0,0.0,5.2286,5.2286,50.0,DF/PAR/251229/14497/2,21.0,1.0,41.32,41.32,41.32,219.0,CIASTKA OREO 154G MONDELEZ,7622202331381.0,nan,-1.0,1.0,CIASTKA,DF,1,IP,-1.0,sprzedaz,0,ciastka oreo 154g mondelez,ciastka,0,false
81043,2025-12-30 00:00:00,-1,0.0,0.0,4.0,0.0,0.0,5.2286,0.0,-1.0,brak,21.0,1.0,0.0,0.0,0.0,219.0,CIASTKA OREO 154G MONDELEZ,7622202331381.0,brak,-1.0,1.0,CIASTKA,DF,0,IP,0.0,sprzedaz,0,ciastka oreo 154g mondelez,ciastka,0,false
81043,2025-12-31 00:00:00,2211452,6.0,6.0,4.0,1.0,0.0,5.2286,5.2286,653.0,DF/PAR/251231/16038/2,21.0,1.0,54.79,54.79,54.79,219.0,CIASTKA OREO 154G MONDELEZ,7622202331381.0,nan,-1.0,1.0,CIASTKA,DF,1,IP,-1.0,sprzedaz,0,ciastka oreo 154g mondelez,ciastka,0,false
81043,2025-12-31 00:00:00,2211452,7.0,7.0,4.0,1.0,0.0,5.2286,5.2286,653.0,DF/PAR/251231/16038/2,21.0,1.0,54.79,54.79,54.79,219.0,CIASTKA OREO 154G MONDELEZ,7622202331381.0,nan,-1.0,1.0,CIASTKA,DF,1,IP,-1.0,sprzedaz,0,ciastka oreo 154g mondelez,ciastka,0,false
81043,2026-01-01 00:00:00,-1,0.0,0.0,4.0,0.0,0.0,5.2286,0.0,-1.0,brak,21.0,1.0,0.0,0.0,0.0,219.0,CIASTKA OREO 154G MONDELEZ,7622202331381.0,brak,-1.0,1.0,CIASTKA,DF,0,IP,0.0,sprzedaz,0,ciastka oreo 154g mondelez,ciastka,0,false
81043,2026-01-02 00:00:00,-1,0.0,0.0,4.0,0.0,0.0,5.2286,0.0,-1.0,brak,21.0,1.0,0.0,0.0,0.0,219.0,CIASTKA OREO 154G MONDELEZ,7622202331381.0,brak,-1.0,1.0,CIASTKA,DF,0,IP,0.0,sprzedaz,0,ciastka oreo 154g mondelez,ciastka,0,false
81043,2026-01-03 00:00:00,-1,0.0,0.0,4.0,0.0,0.0,5.2286,0.0,-1.0,brak,21.0,1.0,0.0,0.0,0.0,219.0,CIASTKA OREO 154G MONDELEZ,7622202331381.0,brak,-1.0,1.0,CIASTKA,DF,0,IP,0.0,sprzedaz,0,ciastka oreo 154g mondelez,ciastka,0,false
81043,2026-01-04 00:00:00,-1,0.0,0.0,4.0,0.0,0.0,5.2286,0.0,-1.0,brak,21.0,1.0,0.0,0.0,0.0,219.0,CIASTKA OREO 154G MONDELEZ,7622202331381.0,brak,-1.0,1.0,CIASTKA,DF,0,IP,0.0,sprzedaz,0,ciastka oreo 154g mondelez,ciastka,0,false
81043,2026-01-05 00:00:00,2213924,1.0,1.0,4.0,1.0,0.0,5.2286,5.2286,116.0,DF/PAR/260105/1244/2,21.0,1.0,5.49,5.49,5.49,219.0,CIASTKA OREO 154G MONDELEZ,7622202331381.0,nan,-1.0,1.0,CIASTKA,DF,1,IP,-1.0,sprzedaz,0,ciastka oreo 154g mondelez,ciastka,0,false
81043,2026-01-05 00:00:00,2214911,5.0,5.0,4.0,1.0,0.0,5.2286,5.2286,1099.0,DF/PAR/260105/1803/2,21.0,1.0,53.45,53.45,53.45,219.0,CIASTKA OREO 154G MONDELEZ,7622202331381.0,nan,-1.0,1.0,CIASTKA,DF,1,IP,-1.0,sprzedaz,0,ciastka oreo 154g mondelez,ciastka,0,false
81043,2026-01-06 00:00:00,-1,0.0,0.0,4.0,0.0,0.0,5.2286,0.0,-1.0,brak,21.0,1.0,0.0,0.0,0.0,219.0,CIASTKA OREO 154G MONDELEZ,7622202331381.0,brak,-1.0,1.0,CIASTKA,DF,0,IP,0.0,sprzedaz,0,ciastka oreo 154g mondelez,ciastka,0,false
81043,2026-01-07 00:00:00,-1,0.0,0.0,4.0,0.0,0.0,5.2286,0.0,-1.0,brak,21.0,1.0,0.0,0.0,0.0,219.0,CIASTKA OREO 154G MONDELEZ,7622202331381.0,brak,-1.0,1.0,CIASTKA,DF,0,IP,0.0,sprzedaz,0,ciastka oreo 154g mondelez,ciastka,0,false
81043,2026-01-08 00:00:00,2216483,10.0,10.0,4.0,1.0,0.0,5.2286,5.2286,388.0,DF/PAR/260108/947/1,21.0,1.0,78.57,78.57,78.57,219.0,CIASTKA OREO 154G MONDELEZ,7622202331381.0,nan,-1.0,1.0,CIASTKA,DF,1,IP,-1.0,sprzedaz,0,ciastka oreo 154g mondelez,ciastka,0,false
81043,2026-01-09 00:00:00,-1,0.0,0.0,4.0,0.0,0.0,5.2286,0.0,-1.0,brak,21.0,1.0,0.0,0.0,0.0,219.0,CIASTKA OREO 154G MONDELEZ,7622202331381.0,brak,-1.0,1.0,CIASTKA,DF,0,IP,0.0,sprzedaz,0,ciastka oreo 154g mondelez,ciastka,0,false
81043,2026-01-10 00:00:00,2218446,4.0,4.0,4.0,1.0,0.0,5.2286,5.2286,207.0,DF/PAR/260110/1363/1,21.0,1.0,30.81,30.81,30.81,219.0,CIASTKA OREO 154G MONDELEZ,7622202331381.0,nan,-1.0,1.0,CIASTKA,DF,1,IP,-1.0,sprzedaz,0,ciastka oreo 154g mondelez,ciastka,0,false
81043,2026-01-10 00:00:00,2218482,8.0,8.0,4.0,1.0,0.0,5.2286,5.2286,243.0,DF/PAR/260110/4058/2,21.0,1.0,65.94,65.94,65.94,219.0,CIASTKA OREO 154G MONDELEZ,7622202331381.0,nan,-1.0,1.0,CIASTKA,DF,1,IP,-1.0,sprzedaz,0,ciastka oreo 154g mondelez,ciastka,0,false
81043,2026-01-11 00:00:00,-1,0.0,0.0,4.0,0.0,0.0,5.2286,0.0,-1.0,brak,21.0,1.0,0.0,0.0,0.0,219.0,CIASTKA OREO 154G MONDELEZ,7622202331381.0,brak,-1.0,1.0,CIASTKA,DF,0,IP,0.0,sprzedaz,0,ciastka oreo 154g mondelez,ciastka,0,false
81043,2026-01-12 00:00:00,-1,0.0,0.0,4.0,0.0,0.0,5.2286,0.0,-1.0,brak,21.0,1.0,0.0,0.0,0.0,219.0,CIASTKA OREO 154G MONDELEZ,7622202331381.0,brak,-1.0,1.0,CIASTKA,DF,0,IP,0.0,sprzedaz,0,ciastka oreo 154g mondelez,ciastka,0,false
81043,2026-01-13 00:00:00,2221009,1.0,1.0,4.0,1.0,0.0,5.2286,5.2286,755.0,DF/PAR/260113/1884/1,21.0,1.0,36.17,36.17,36.17,219.0,CIASTKA OREO 154G MONDELEZ,7622202331381.0,nan,-1.0,1.0,CIASTKA,DF,1,IP,-1.0,sprzedaz,0,ciastka oreo 154g mondelez,ciastka,0,false
81043,2026-01-13 00:00:00,2221043,4.0,4.0,4.0,1.0,0.0,5.2286,5.2286,789.0,DF/PAR/260113/1914/1,21.0,1.0,16.46,16.46,16.46,219.0,CIASTKA OREO 154G MONDELEZ,7622202331381.0,nan,-1.0,1.0,CIASTKA,DF,1,IP,-1.0,sprzedaz,0,ciastka oreo 154g mondelez,ciastka,0,false
81043,2026-01-14 00:00:00,-1,0.0,0.0,4.0,0.0,0.0,5.2286,0.0,-1.0,brak,21.0,1.0,0.0,0.0,0.0,219.0,CIASTKA OREO 154G MONDELEZ,7622202331381.0,brak,-1.0,1.0,CIASTKA,DF,0,IP,0.0,sprzedaz,0,ciastka oreo 154g mondelez,ciastka,0,false
81043,2026-01-15 00:00:00,2222328,6.0,6.0,4.0,1.0,0.0,5.2286,5.2286,134.0,DF/PAR/260115/6176/2,21.0,1.0,22.25,22.25,22.25,219.0,CIASTKA OREO 154G MONDELEZ,7622202331381.0,nan,-1.0,1.0,CIASTKA,DF,1,IP,-1.0,sprzedaz,0,ciastka oreo 154g mondelez,ciastka,0,false
81043,2026-01-15 00:00:00,2222888,10.0,10.0,4.0,1.0,0.0,5.2286,5.2286,686.0,DF/PAR/260115/6421/2,21.0,1.0,67.52,67.52,67.52,219.0,CIASTKA OREO 154G MONDELEZ,7622202331381.0,nan,-1.0,1.0,CIASTKA,DF,1,IP,-1.0,sprzedaz,0,ciastka oreo 154g mondelez,ciastka,0,false
81043,2026-01-15 00:00:00,2222935,1.0,1.0,4.0,1.0,0.0,5.2286,5.2286,733.0,DF/PAR/260115/2633/1,21.0,1.0,9.07,9.07,9.07,219.0,CIASTKA OREO 154G MONDELEZ,7622202331381.0,nan,-1.0,1.0,CIASTKA,DF,1,IP,-1.0,sprzedaz,0,ciastka oreo 154g mondelez,ciastka,0,false
81043,2026-01-16 00:00:00,2223747,1.0,1.0,4.0,1.0,0.0,5.2286,5.2286,527.0,DF/PAR/260116/6802/2,21.0,1.0,5.49,5.49,5.49,219.0,CIASTKA OREO 154G MONDELEZ,7622202331381.0,nan,-1.0,1.0,CIASTKA,DF,1,IP,-1.0,sprzedaz,0,ciastka oreo 154g mondelez,ciastka,0,false
81043,2026-01-17 00:00:00,2224497,2.0,2.0,4.0,1.0,0.0,5.2286,5.2286,184.0,DF/PAR/260117/7046/2,21.0,1.0,26.18,26.18,26.18,219.0,CIASTKA OREO 154G MONDELEZ,7622202331381.0,nan,-1.0,1.0,CIASTKA,DF,1,IP,-1.0,sprzedaz,0,ciastka oreo 154g mondelez,ciastka,0,false
81043,2026-01-18 00:00:00,-1,0.0,0.0,4.0,0.0,0.0,5.2286,0.0,-1.0,brak,21.0,1.0,0.0,0.0,0.0,219.0,CIASTKA OREO 154G MONDELEZ,7622202331381.0,brak,-1.0,1.0,CIASTKA,DF,0,IP,0.0,sprzedaz,0,ciastka oreo 154g mondelez,ciastka,0,false
81043,2026-01-19 00:00:00,-1,0.0,0.0,4.0,0.0,0.0,5.2286,0.0,-1.0,brak,21.0,1.0,0.0,0.0,0.0,219.0,CIASTKA OREO 154G MONDELEZ,7622202331381.0,brak,-1.0,1.0,CIASTKA,DF,0,IP,0.0,sprzedaz,0,ciastka oreo 154g mondelez,ciastka,0,false
81043,2026-01-20 00:00:00,2227302,2.0,2.0,4.0,1.0,0.0,5.2286,5.2286,926.0,DF/PAR/260120/8132/2,21.0,1.0,29.44,29.44,29.44,219.0,CIASTKA OREO 154G MONDELEZ,7622202331381.0,nan,-1.0,1.0,CIASTKA,DF,1,IP,-1.0,sprzedaz,0,ciastka oreo 154g mondelez,ciastka,0,false
81043,2026-01-21 00:00:00,2227656,5.0,5.0,4.0,1.0,0.0,5.2286,5.2286,251.0,DF/PAR/260121/4802/1,21.0,1.0,63.97,63.97,63.97,219.0,CIASTKA OREO 154G MONDELEZ,7622202331381.0,nan,-1.0,1.0,CIASTKA,DF,1,IP,-1.0,sprzedaz,0,ciastka oreo 154g mondelez,ciastka,0,false
81043,2026-01-21 00:00:00,2227656,6.0,6.0,4.0,1.0,0.0,5.2286,5.2286,251.0,DF/PAR/260121/4802/1,21.0,1.0,63.97,63.97,63.97,219.0,CIASTKA OREO 154G MONDELEZ,7622202331381.0,nan,-1.0,1.0,CIASTKA,DF,1,IP,-1.0,sprzedaz,0,ciastka oreo 154g mondelez,ciastka,0,false
81043,2026-01-22 00:00:00,2229029,1.0,1.0,4.0,1.0,0.0,5.2286,5.2286,612.0,DF/PAR/260122/5480/1,21.0,1.0,51.77,51.77,51.77,219.0,CIASTKA OREO 154G MONDELEZ,7622202331381.0,nan,-1.0,1.0,CIASTKA,DF,1,IP,-1.0,sprzedaz,0,ciastka oreo 154g mondelez,ciastka,0,false
81043,2026-01-23 00:00:00,2229902,3.0,3.0,4.0,1.0,0.0,5.2286,5.2286,495.0,DF/PAR/260123/5857/1,21.0,1.0,40.03,40.03,40.03,219.0,CIASTKA OREO 154G MONDELEZ,7622202331381.0,nan,-1.0,1.0,CIASTKA,DF,1,IP,-1.0,sprzedaz,0,ciastka oreo 154g mondelez,ciastka,0,false
81043,2026-01-23 00:00:00,2230293,2.0,2.0,4.0,1.0,0.0,5.2286,5.2286,882.0,DF/PAR/260123/5975/1,21.0,1.0,95.84,95.84,95.84,219.0,CIASTKA OREO 154G MONDELEZ,7622202331381.0,nan,-1.0,1.0,CIASTKA,DF,1,IP,-1.0,sprzedaz,0,ciastka oreo 154g mondelez,ciastka,0,false
81043,2026-01-23 00:00:00,2230293,3.0,3.0,4.0,1.0,0.0,5.2286,5.2286,882.0,DF/PAR/260123/5975/1,21.0,1.0,95.84,95.84,95.84,219.0,CIASTKA OREO 154G MONDELEZ,7622202331381.0,nan,-1.0,1.0,CIASTKA,DF,1,IP,-1.0,sprzedaz,0,ciastka oreo 154g mondelez,ciastka,0,false
81043,2026-01-24 00:00:00,2230662,1.0,1.0,4.0,1.0,0.0,5.2286,5.2286,151.0,DF/PAR/260124/6052/1,21.0,1.0,23.55,23.55,23.55,219.0,CIASTKA OREO 154G MONDELEZ,7622202331381.0,nan,-1.0,1.0,CIASTKA,DF,1,IP,-1.0,sprzedaz,0,ciastka oreo 154g mondelez,ciastka,0,false
81043,2026-01-25 00:00:00,-1,0.0,0.0,4.0,0.0,0.0,5.2286,0.0,-1.0,brak,21.0,1.0,0.0,0.0,0.0,219.0,CIASTKA OREO 154G MONDELEZ,7622202331381.0,brak,-1.0,1.0,CIASTKA,DF,0,IP,0.0,sprzedaz,0,ciastka oreo 154g mondelez,ciastka,0,false
81043,2026-01-26 00:00:00,2231797,6.0,6.0,4.0,1.0,0.0,5.2286,5.2286,11.0,DF/PAR/260126/9869/2,21.0,1.0,21.9,21.9,21.9,219.0,CIASTKA OREO 154G MONDELEZ,7622202331381.0,nan,-1.0,1.0,CIASTKA,DF,1,IP,-1.0,sprzedaz,0,ciastka oreo 154g mondelez,ciastka,0,false
81043,2026-01-26 00:00:00,2232493,10.0,9.0,4.0,1.0,0.0,5.2286,5.2286,705.0,DF/PAR/260126/6708/1,21.0,1.0,103.61,103.61,103.61,219.0,CIASTKA OREO 154G MONDELEZ,7622202331381.0,nan,-1.0,1.0,CIASTKA,DF,1,IP,-1.0,sprzedaz,0,ciastka oreo 154g mondelez,ciastka,0,false
81043,2026-01-27 00:00:00,-1,0.0,0.0,4.0,0.0,0.0,5.2286,0.0,-1.0,brak,21.0,1.0,0.0,0.0,0.0,219.0,CIASTKA OREO 154G MONDELEZ,7622202331381.0,brak,-1.0,1.0,CIASTKA,DF,0,IP,0.0,sprzedaz,0,ciastka oreo 154g mondelez,ciastka,0,false
81043,2026-01-28 00:00:00,-1,0.0,0.0,4.0,0.0,0.0,5.2286,0.0,-1.0,brak,21.0,1.0,0.0,0.0,0.0,219.0,CIASTKA OREO 154G MONDELEZ,7622202331381.0,brak,-1.0,1.0,CIASTKA,DF,0,IP,0.0,sprzedaz,0,ciastka oreo 154g mondelez,ciastka,0,false
81043,2026-01-29 00:00:00,2234922,2.0,2.0,4.0,1.0,0.0,5.2286,5.2286,214.0,DF/PAR/260129/7590/1,21.0,1.0,15.85,15.85,15.85,219.0,CIASTKA OREO 154G MONDELEZ,7622202331381.0,nan,-1.0,1.0,CIASTKA,DF,1,IP,-1.0,sprzedaz,0,ciastka oreo 154g mondelez,ciastka,0,false
81043,2026-01-30 00:00:00,2235866,1.0,1.0,4.0,1.0,0.0,5.2286,5.2286,226.0,DF/PAR/260130/11545/2,21.0,1.0,50.69,50.69,50.69,219.0,CIASTKA OREO 154G MONDELEZ,7622202331381.0,nan,-1.0,1.0,CIASTKA,DF,1,IP,-1.0,sprzedaz,0,ciastka oreo 154g mondelez,ciastka,0,false
81043,2026-01-30 00:00:00,2235866,4.0,4.0,4.0,1.0,0.0,5.2286,5.2286,226.0,DF/PAR/260130/11545/2,21.0,1.0,50.69,50.69,50.69,219.0,CIASTKA OREO 154G MONDELEZ,7622202331381.0,nan,-1.0,1.0,CIASTKA,DF,1,IP,-1.0,sprzedaz,0,ciastka oreo 154g mondelez,ciastka,0,false
81043,2026-01-31 00:00:00,2236929,1.0,1.0,4.0,1.0,0.0,5.2286,5.2286,217.0,DF/PAR/260131/8506/1,21.0,1.0,27.18,27.18,27.18,219.0,CIASTKA OREO 154G MONDELEZ,7622202331381.0,nan,-1.0,1.0,CIASTKA,DF,1,IP,-1.0,sprzedaz,0,ciastka oreo 154g mondelez,ciastka,0,false
81043,2026-01-31 00:00:00,2236929,2.0,2.0,4.0,1.0,0.0,5.2286,5.2286,217.0,DF/PAR/260131/8506/1,21.0,1.0,27.18,27.18,27.18,219.0,CIASTKA OREO 154G MONDELEZ,7622202331381.0,nan,-1.0,1.0,CIASTKA,DF,1,IP,-1.0,sprzedaz,0,ciastka oreo 154g mondelez,ciastka,0,false
81043,2026-01-31 00:00:00,2237175,4.0,4.0,4.0,1.0,0.0,5.2286,5.2286,463.0,DF/PAR/260131/8614/1,21.0,1.0,85.27,85.27,85.27,219.0,CIASTKA OREO 154G MONDELEZ,7622202331381.0,nan,-1.0,1.0,CIASTKA,DF,1,IP,-1.0,sprzedaz,0,ciastka oreo 154g mondelez,ciastka,0,false
81325,2025-11-21 00:00:00,2178148,2.0,2.0,4.0,1.0,0.0,12.0278,12.0278,956.0,DF/PAR/251121/6309/1,21.0,1.0,44.59,44.59,44.59,104.0,NAPAR ANANAS GREJ 100G BIFIX,5901483087364.0,nan,-1.0,1.0,HERBATY,DF,1,IP,-1.0,sprzedaz,0,napar ananas grej 100g bifix,herbaty,0,false
81325,2025-11-22 00:00:00,-1,0.0,0.0,4.0,0.0,0.0,12.0278,0.0,-1.0,brak,21.0,1.0,0.0,0.0,0.0,104.0,NAPAR ANANAS GREJ 100G BIFIX,5901483087364.0,brak,-1.0,1.0,HERBATY,DF,0,IP,0.0,sprzedaz,0,napar ananas grej 100g bifix,herbaty,0,false
81325,2025-11-23 00:00:00,-1,0.0,0.0,4.0,0.0,0.0,12.0278,0.0,-1.0,brak,21.0,1.0,0.0,0.0,0.0,104.0,NAPAR ANANAS GREJ 100G BIFIX,5901483087364.0,brak,-1.0,1.0,HERBATY,DF,0,IP,0.0,sprzedaz,0,napar ananas grej 100g bifix,herbaty,0,false
81325,2025-11-24 00:00:00,-1,0.0,0.0,4.0,0.0,0.0,12.0278,0.0,-1.0,brak,21.0,1.0,0.0,0.0,0.0,104.0,NAPAR ANANAS GREJ 100G BIFIX,5901483087364.0,brak,-1.0,1.0,HERBATY,DF,0,IP,0.0,sprzedaz,0,napar ananas grej 100g bifix,herbaty,0,false
81325,2025-11-25 00:00:00,-1,0.0,0.0,4.0,0.0,0.0,12.0278,0.0,-1.0,brak,21.0,1.0,0.0,0.0,0.0,104.0,NAPAR ANANAS GREJ 100G BIFIX,5901483087364.0,brak,-1.0,1.0,HERBATY,DF,0,IP,0.0,sprzedaz,0,napar ananas grej 100g bifix,herbaty,0,false
81325,2025-11-26 00:00:00,-1,0.0,0.0,4.0,0.0,0.0,12.0278,0.0,-1.0,brak,21.0,1.0,0.0,0.0,0.0,104.0,NAPAR ANANAS GREJ 100G BIFIX,5901483087364.0,brak,-1.0,1.0,HERBATY,DF,0,IP,0.0,sprzedaz,0,napar ananas grej 100g bifix,herbaty,0,false
81325,2025-11-27 00:00:00,-1,0.0,0.0,4.0,0.0,0.0,12.0278,0.0,-1.0,brak,21.0,1.0,0.0,0.0,0.0,104.0,NAPAR ANANAS GREJ 100G BIFIX,5901483087364.0,brak,-1.0,1.0,HERBATY,DF,0,IP,0.0,sprzedaz,0,napar ananas grej 100g bifix,herbaty,0,false
81325,2025-11-28 00:00:00,-1,0.0,0.0,4.0,0.0,0.0,12.0278,0.0,-1.0,brak,21.0,1.0,0.0,0.0,0.0,104.0,NAPAR ANANAS GREJ 100G BIFIX,5901483087364.0,brak,-1.0,1.0,HERBATY,DF,0,IP,0.0,sprzedaz,0,napar ananas grej 100g bifix,herbaty,0,false
81325,2025-11-29 00:00:00,-1,0.0,0.0,4.0,0.0,0.0,12.0278,0.0,-1.0,brak,21.0,1.0,0.0,0.0,0.0,104.0,NAPAR ANANAS GREJ 100G BIFIX,5901483087364.0,brak,-1.0,1.0,HERBATY,DF,0,IP,0.0,sprzedaz,0,napar ananas grej 100g bifix,herbaty,0,false
81325,2025-11-30 00:00:00,-1,0.0,0.0,4.0,0.0,0.0,12.0278,0.0,-1.0,brak,21.0,1.0,0.0,0.0,0.0,104.0,NAPAR ANANAS GREJ 100G BIFIX,5901483087364.0,brak,-1.0,1.0,HERBATY,DF,0,IP,0.0,sprzedaz,0,napar ananas grej 100g bifix,herbaty,0,false
81325,2025-12-01 00:00:00,-1,0.0,0.0,4.0,0.0,0.0,12.0278,0.0,-1.0,brak,21.0,1.0,0.0,0.0,0.0,104.0,NAPAR ANANAS GREJ 100G BIFIX,5901483087364.0,brak,-1.0,1.0,HERBATY,DF,0,IP,0.0,sprzedaz,0,napar ananas grej 100g bifix,herbaty,0,false
81325,2025-12-02 00:00:00,-1,0.0,0.0,4.0,0.0,0.0,12.0278,0.0,-1.0,brak,21.0,1.0,0.0,0.0,0.0,104.0,NAPAR ANANAS GREJ 100G BIFIX,5901483087364.0,brak,-1.0,1.0,HERBATY,DF,0,IP,0.0,sprzedaz,0,napar ananas grej 100g bifix,herbaty,0,false
81325,2025-12-03 00:00:00,-1,0.0,0.0,4.0,0.0,0.0,12.0278,0.0,-1.0,brak,21.0,1.0,0.0,0.0,0.0,104.0,NAPAR ANANAS GREJ 100G BIFIX,5901483087364.0,brak,-1.0,1.0,HERBATY,DF,0,IP,0.0,sprzedaz,0,napar ananas grej 100g bifix,herbaty,0,false
81325,2025-12-04 00:00:00,-1,0.0,0.0,4.0,0.0,0.0,12.0278,0.0,-1.0,brak,21.0,1.0,0.0,0.0,0.0,104.0,NAPAR ANANAS GREJ 100G BIFIX,5901483087364.0,brak,-1.0,1.0,HERBATY,DF,0,IP,0.0,sprzedaz,0,napar ananas grej 100g bifix,herbaty,0,false
81325,2025-12-05 00:00:00,-1,0.0,0.0,4.0,0.0,0.0,12.0278,0.0,-1.0,brak,21.0,1.0,0.0,0.0,0.0,104.0,NAPAR ANANAS GREJ 100G BIFIX,5901483087364.0,brak,-1.0,1.0,HERBATY,DF,0,IP,0.0,sprzedaz,0,napar ananas grej 100g bifix,herbaty,0,false
81325,2025-12-06 00:00:00,-1,0.0,0.0,4.0,0.0,0.0,12.0278,0.0,-1.0,brak,21.0,1.0,0.0,0.0,0.0,104.0,NAPAR ANANAS GREJ 100G BIFIX,5901483087364.0,brak,-1.0,1.0,HERBATY,DF,0,IP,0.0,sprzedaz,0,napar ananas grej 100g bifix,herbaty,0,false
81325,2025-12-07 00:00:00,-1,0.0,0.0,4.0,0.0,0.0,12.0278,0.0,-1.0,brak,21.0,1.0,0.0,0.0,0.0,104.0,NAPAR ANANAS GREJ 100G BIFIX,5901483087364.0,brak,-1.0,1.0,HERBATY,DF,0,IP,0.0,sprzedaz,0,napar ananas grej 100g bifix,herbaty,0,false
81325,2025-12-08 00:00:00,-1,0.0,0.0,4.0,0.0,0.0,12.0278,0.0,-1.0,brak,21.0,1.0,0.0,0.0,0.0,104.0,NAPAR ANANAS GREJ 100G BIFIX,5901483087364.0,brak,-1.0,1.0,HERBATY,DF,0,IP,0.0,sprzedaz,0,napar ananas grej 100g bifix,herbaty,0,false
81325,2025-12-09 00:00:00,-1,0.0,0.0,4.0,0.0,0.0,12.0278,0.0,-1.0,brak,21.0,1.0,0.0,0.0,0.0,104.0,NAPAR ANANAS GREJ 100G BIFIX,5901483087364.0,brak,-1.0,1.0,HERBATY,DF,0,IP,0.0,sprzedaz,0,napar ananas grej 100g bifix,herbaty,0,false
81325,2025-12-10 00:00:00,-1,0.0,0.0,4.0,0.0,0.0,12.0278,0.0,-1.0,brak,21.0,1.0,0.0,0.0,0.0,104.0,NAPAR ANANAS GREJ 100G BIFIX,5901483087364.0,brak,-1.0,1.0,HERBATY,DF,0,IP,0.0,sprzedaz,0,napar ananas grej 100g bifix,herbaty,0,false
81325,2025-12-11 00:00:00,-1,0.0,0.0,4.0,0.0,0.0,12.0278,0.0,-1.0,brak,21.0,1.0,0.0,0.0,0.0,104.0,NAPAR ANANAS GREJ 100G BIFIX,5901483087364.0,brak,-1.0,1.0,HERBATY,DF,0,IP,0.0,sprzedaz,0,napar ananas grej 100g bifix,herbaty,0,false
81325,2025-12-12 00:00:00,-1,0.0,0.0,4.0,0.0,0.0,12.0278,0.0,-1.0,brak,21.0,1.0,0.0,0.0,0.0,104.0,NAPAR ANANAS GREJ 100G BIFIX,5901483087364.0,brak,-1.0,1.0,HERBATY,DF,0,IP,0.0,sprzedaz,0,napar ananas grej 100g bifix,herbaty,0,false
81325,2025-12-13 00:00:00,-1,0.0,0.0,4.0,0.0,0.0,12.0278,0.0,-1.0,brak,21.0,1.0,0.0,0.0,0.0,104.0,NAPAR ANANAS GREJ 100G BIFIX,5901483087364.0,brak,-1.0,1.0,HERBATY,DF,0,IP,0.0,sprzedaz,0,napar ananas grej 100g bifix,herbaty,0,false
81325,2025-12-14 00:00:00,-1,0.0,0.0,4.0,0.0,0.0,12.0278,0.0,-1.0,brak,21.0,1.0,0.0,0.0,0.0,104.0,NAPAR ANANAS GREJ 100G BIFIX,5901483087364.0,brak,-1.0,1.0,HERBATY,DF,0,IP,0.0,sprzedaz,0,napar ananas grej 100g bifix,herbaty,0,false
81325,2025-12-15 00:00:00,-1,0.0,0.0,4.0,0.0,0.0,12.0278,0.0,-1.0,brak,21.0,1.0,0.0,0.0,0.0,104.0,NAPAR ANANAS GREJ 100G BIFIX,5901483087364.0,brak,-1.0,1.0,HERBATY,DF,0,IP,0.0,sprzedaz,0,napar ananas grej 100g bifix,herbaty,0,false
81325,2025-12-16 00:00:00,-1,0.0,0.0,4.0,0.0,0.0,12.0278,0.0,-1.0,brak,21.0,1.0,0.0,0.0,0.0,104.0,NAPAR ANANAS GREJ 100G BIFIX,5901483087364.0,brak,-1.0,1.0,HERBATY,DF,0,IP,0.0,sprzedaz,0,napar ananas grej 100g bifix,herbaty,0,false
81325,2025-12-17 00:00:00,-1,0.0,0.0,4.0,0.0,0.0,12.0278,0.0,-1.0,brak,21.0,1.0,0.0,0.0,0.0,104.0,NAPAR ANANAS GREJ 100G BIFIX,5901483087364.0,brak,-1.0,1.0,HERBATY,DF,0,IP,0.0,sprzedaz,0,napar ananas grej 100g bifix,herbaty,0,false
81325,2025-12-18 00:00:00,-1,0.0,0.0,4.0,0.0,0.0,12.0278,0.0,-1.0,brak,21.0,1.0,0.0,0.0,0.0,104.0,NAPAR ANANAS GREJ 100G BIFIX,5901483087364.0,brak,-1.0,1.0,HERBATY,DF,0,IP,0.0,sprzedaz,0,napar ananas grej 100g bifix,herbaty,0,false
81325,2025-12-19 00:00:00,-1,0.0,0.0,4.0,0.0,0.0,12.0278,0.0,-1.0,brak,21.0,1.0,0.0,0.0,0.0,104.0,NAPAR ANANAS GREJ 100G BIFIX,5901483087364.0,brak,-1.0,1.0,HERBATY,DF,0,IP,0.0,sprzedaz,0,napar ananas grej 100g bifix,herbaty,0,false
81325,2025-12-20 00:00:00,-1,0.0,0.0,4.0,0.0,0.0,12.0278,0.0,-1.0,brak,21.0,1.0,0.0,0.0,0.0,104.0,NAPAR ANANAS GREJ 100G BIFIX,5901483087364.0,brak,-1.0,1.0,HERBATY,DF,0,IP,0.0,sprzedaz,0,napar ananas grej 100g bifix,herbaty,0,false
81325,2025-12-21 00:00:00,-1,0.0,0.0,4.0,0.0,0.0,12.0278,0.0,-1.0,brak,21.0,1.0,0.0,0.0,0.0,104.0,NAPAR ANANAS GREJ 100G BIFIX,5901483087364.0,brak,-1.0,1.0,HERBATY,DF,0,IP,0.0,sprzedaz,0,napar ananas grej 100g bifix,herbaty,0,false
81325,2025-12-22 00:00:00,2205812,6.0,6.0,4.0,1.0,0.0,12.0278,12.0278,886.0,DF/PAR/251222/13389/2,21.0,1.0,72.65,72.65,72.65,104.0,NAPAR ANANAS GREJ 100G BIFIX,5901483087364.0,nan,-1.0,1.0,HERBATY,DF,1,IP,-1.0,sprzedaz,0,napar ananas grej 100g bifix,herbaty,0,false
81325,2025-12-23 00:00:00,-1,0.0,0.0,4.0,0.0,0.0,12.0278,0.0,-1.0,brak,21.0,1.0,0.0,0.0,0.0,104.0,NAPAR ANANAS GREJ 100G BIFIX,5901483087364.0,brak,-1.0,1.0,HERBATY,DF,0,IP,0.0,sprzedaz,0,napar ananas grej 100g bifix,herbaty,0,false
81325,2025-12-24 00:00:00,-1,0.0,0.0,4.0,0.0,0.0,12.0278,0.0,-1.0,brak,21.0,1.0,0.0,0.0,0.0,104.0,NAPAR ANANAS GREJ 100G BIFIX,5901483087364.0,brak,-1.0,1.0,HERBATY,DF,0,IP,0.0,sprzedaz,0,napar ananas grej 100g bifix,herbaty,0,false
81325,2025-12-25 00:00:00,-1,0.0,0.0,4.0,0.0,0.0,12.0278,0.0,-1.0,brak,21.0,1.0,0.0,0.0,0.0,104.0,NAPAR ANANAS GREJ 100G BIFIX,5901483087364.0,brak,-1.0,1.0,HERBATY,DF,0,IP,0.0,sprzedaz,0,napar ananas grej 100g bifix,herbaty,0,false
81325,2025-12-26 00:00:00,-1,0.0,0.0,4.0,0.0,0.0,12.0278,0.0,-1.0,brak,21.0,1.0,0.0,0.0,0.0,104.0,NAPAR ANANAS GREJ 100G BIFIX,5901483087364.0,brak,-1.0,1.0,HERBATY,DF,0,IP,0.0,sprzedaz,0,napar ananas grej 100g bifix,herbaty,0,false
81325,2025-12-27 00:00:00,-1,0.0,0.0,4.0,0.0,0.0,12.0278,0.0,-1.0,brak,21.0,1.0,0.0,0.0,0.0,104.0,NAPAR ANANAS GREJ 100G BIFIX,5901483087364.0,brak,-1.0,1.0,HERBATY,DF,0,IP,0.0,sprzedaz,0,napar ananas grej 100g bifix,herbaty,0,false
81325,2025-12-28 00:00:00,-1,0.0,0.0,4.0,0.0,0.0,12.0278,0.0,-1.0,brak,21.0,1.0,0.0,0.0,0.0,104.0,NAPAR ANANAS GREJ 100G BIFIX,5901483087364.0,brak,-1.0,1.0,HERBATY,DF,0,IP,0.0,sprzedaz,0,napar ananas grej 100g bifix,herbaty,0,false
81325,2025-12-29 00:00:00,-1,0.0,0.0,4.0,0.0,0.0,12.0278,0.0,-1.0,brak,21.0,1.0,0.0,0.0,0.0,104.0,NAPAR ANANAS GREJ 100G BIFIX,5901483087364.0,brak,-1.0,1.0,HERBATY,DF,0,IP,0.0,sprzedaz,0,napar ananas grej 100g bifix,herbaty,0,false
81325,2025-12-30 00:00:00,-1,0.0,0.0,4.0,0.0,0.0,12.0278,0.0,-1.0,brak,21.0,1.0,0.0,0.0,0.0,104.0,NAPAR ANANAS GREJ 100G BIFIX,5901483087364.0,brak,-1.0,1.0,HERBATY,DF,0,IP,0.0,sprzedaz,0,napar ananas grej 100g bifix,herbaty,0,false
81325,2025-12-31 00:00:00,-1,0.0,0.0,4.0,0.0,0.0,12.0278,0.0,-1.0,brak,21.0,1.0,0.0,0.0,0.0,104.0,NAPAR ANANAS GREJ 100G BIFIX,5901483087364.0,brak,-1.0,1.0,HERBATY,DF,0,IP,0.0,sprzedaz,0,napar ananas grej 100g bifix,herbaty,0,false
81325,2026-01-01 00:00:00,-1,0.0,0.0,4.0,0.0,0.0,12.0278,0.0,-1.0,brak,21.0,1.0,0.0,0.0,0.0,104.0,NAPAR ANANAS GREJ 100G BIFIX,5901483087364.0,brak,-1.0,1.0,HERBATY,DF,0,IP,0.0,sprzedaz,0,napar ananas grej 100g bifix,herbaty,0,false
81325,2026-01-02 00:00:00,-1,0.0,0.0,4.0,0.0,0.0,12.0278,0.0,-1.0,brak,21.0,1.0,0.0,0.0,0.0,104.0,NAPAR ANANAS GREJ 100G BIFIX,5901483087364.0,brak,-1.0,1.0,HERBATY,DF,0,IP,0.0,sprzedaz,0,napar ananas grej 100g bifix,herbaty,0,false
81325,2026-01-03 00:00:00,-1,0.0,0.0,4.0,0.0,0.0,12.0278,0.0,-1.0,brak,21.0,1.0,0.0,0.0,0.0,104.0,NAPAR ANANAS GREJ 100G BIFIX,5901483087364.0,brak,-1.0,1.0,HERBATY,DF,0,IP,0.0,sprzedaz,0,napar ananas grej 100g bifix,herbaty,0,false
81325,2026-01-04 00:00:00,-1,0.0,0.0,4.0,0.0,0.0,12.0278,0.0,-1.0,brak,21.0,1.0,0.0,0.0,0.0,104.0,NAPAR ANANAS GREJ 100G BIFIX,5901483087364.0,brak,-1.0,1.0,HERBATY,DF,0,IP,0.0,sprzedaz,0,napar ananas grej 100g bifix,herbaty,0,false
81325,2026-01-05 00:00:00,-1,0.0,0.0,4.0,0.0,0.0,12.0278,0.0,-1.0,brak,21.0,1.0,0.0,0.0,0.0,104.0,NAPAR ANANAS GREJ 100G BIFIX,5901483087364.0,brak,-1.0,1.0,HERBATY,DF,0,IP,0.0,sprzedaz,0,napar ananas grej 100g bifix,herbaty,0,false
81325,2026-01-06 00:00:00,-1,0.0,0.0,4.0,0.0,0.0,12.0278,0.0,-1.0,brak,21.0,1.0,0.0,0.0,0.0,104.0,NAPAR ANANAS GREJ 100G BIFIX,5901483087364.0,brak,-1.0,1.0,HERBATY,DF,0,IP,0.0,sprzedaz,0,napar ananas grej 100g bifix,herbaty,0,false
81325,2026-01-07 00:00:00,-1,0.0,0.0,4.0,0.0,0.0,12.0278,0.0,-1.0,brak,21.0,1.0,0.0,0.0,0.0,104.0,NAPAR ANANAS GREJ 100G BIFIX,5901483087364.0,brak,-1.0,1.0,HERBATY,DF,0,IP,0.0,sprzedaz,0,napar ananas grej 100g bifix,herbaty,0,false
81325,2026-01-08 00:00:00,-1,0.0,0.0,4.0,0.0,0.0,12.0278,0.0,-1.0,brak,21.0,1.0,0.0,0.0,0.0,104.0,NAPAR ANANAS GREJ 100G BIFIX,5901483087364.0,brak,-1.0,1.0,HERBATY,DF,0,IP,0.0,sprzedaz,0,napar ananas grej 100g bifix,herbaty,0,false
81325,2026-01-09 00:00:00,-1,0.0,0.0,4.0,0.0,0.0,12.0278,0.0,-1.0,brak,21.0,1.0,0.0,0.0,0.0,104.0,NAPAR ANANAS GREJ 100G BIFIX,5901483087364.0,brak,-1.0,1.0,HERBATY,DF,0,IP,0.0,sprzedaz,0,napar ananas grej 100g bifix,herbaty,0,false
81325,2026-01-10 00:00:00,2218550,9.0,9.0,4.0,1.0,0.0,10.1759,10.1759,311.0,DF/PAR/260110/1410/1,21.0,1.0,70.26,70.26,70.26,104.0,NAPAR ANANAS GREJ 100G BIFIX,5901483087364.0,nan,-1.0,1.0,HERBATY,DF,1,IP,-1.0,sprzedaz,0,napar ananas grej 100g bifix,herbaty,0,false
81325,2026-01-11 00:00:00,-1,0.0,0.0,4.0,0.0,0.0,10.1759,0.0,-1.0,brak,21.0,1.0,0.0,0.0,0.0,104.0,NAPAR ANANAS GREJ 100G BIFIX,5901483087364.0,brak,-1.0,1.0,HERBATY,DF,0,IP,0.0,sprzedaz,0,napar ananas grej 100g bifix,herbaty,0,false
81325,2026-01-12 00:00:00,-1,0.0,0.0,4.0,0.0,0.0,10.1759,0.0,-1.0,brak,21.0,1.0,0.0,0.0,0.0,104.0,NAPAR ANANAS GREJ 100G BIFIX,5901483087364.0,brak,-1.0,1.0,HERBATY,DF,0,IP,0.0,sprzedaz,0,napar ananas grej 100g bifix,herbaty,0,false
81325,2026-01-13 00:00:00,-1,0.0,0.0,4.0,0.0,0.0,10.1759,0.0,-1.0,brak,21.0,1.0,0.0,0.0,0.0,104.0,NAPAR ANANAS GREJ 100G BIFIX,5901483087364.0,brak,-1.0,1.0,HERBATY,DF,0,IP,0.0,sprzedaz,0,napar ananas grej 100g bifix,herbaty,0,false
81325,2026-01-14 00:00:00,-1,0.0,0.0,4.0,0.0,0.0,10.1759,0.0,-1.0,brak,21.0,1.0,0.0,0.0,0.0,104.0,NAPAR ANANAS GREJ 100G BIFIX,5901483087364.0,brak,-1.0,1.0,HERBATY,DF,0,IP,0.0,sprzedaz,0,napar ananas grej 100g bifix,herbaty,0,false
81325,2026-01-15 00:00:00,-1,0.0,0.0,4.0,0.0,0.0,10.1759,0.0,-1.0,brak,21.0,1.0,0.0,0.0,0.0,104.0,NAPAR ANANAS GREJ 100G BIFIX,5901483087364.0,brak,-1.0,1.0,HERBATY,DF,0,IP,0.0,sprzedaz,0,napar ananas grej 100g bifix,herbaty,0,false
81325,2026-01-16 00:00:00,-1,0.0,0.0,4.0,0.0,0.0,10.1759,0.0,-1.0,brak,21.0,1.0,0.0,0.0,0.0,104.0,NAPAR ANANAS GREJ 100G BIFIX,5901483087364.0,brak,-1.0,1.0,HERBATY,DF,0,IP,0.0,sprzedaz,0,napar ananas grej 100g bifix,herbaty,0,false
81325,2026-01-17 00:00:00,-1,0.0,0.0,4.0,0.0,0.0,10.1759,0.0,-1.0,brak,21.0,1.0,0.0,0.0,0.0,104.0,NAPAR ANANAS GREJ 100G BIFIX,5901483087364.0,brak,-1.0,1.0,HERBATY,DF,0,IP,0.0,sprzedaz,0,napar ananas grej 100g bifix,herbaty,0,false
81325,2026-01-18 00:00:00,-1,0.0,0.0,4.0,0.0,0.0,10.1759,0.0,-1.0,brak,21.0,1.0,0.0,0.0,0.0,104.0,NAPAR ANANAS GREJ 100G BIFIX,5901483087364.0,brak,-1.0,1.0,HERBATY,DF,0,IP,0.0,sprzedaz,0,napar ananas grej 100g bifix,herbaty,0,false
81325,2026-01-19 00:00:00,-1,0.0,0.0,4.0,0.0,0.0,10.1759,0.0,-1.0,brak,21.0,1.0,0.0,0.0,0.0,104.0,NAPAR ANANAS GREJ 100G BIFIX,5901483087364.0,brak,-1.0,1.0,HERBATY,DF,0,IP,0.0,sprzedaz,0,napar ananas grej 100g bifix,herbaty,0,false
81325,2026-01-20 00:00:00,-1,0.0,0.0,4.0,0.0,0.0,10.1759,0.0,-1.0,brak,21.0,1.0,0.0,0.0,0.0,104.0,NAPAR ANANAS GREJ 100G BIFIX,5901483087364.0,brak,-1.0,1.0,HERBATY,DF,0,IP,0.0,sprzedaz,0,napar ananas grej 100g bifix,herbaty,0,false
81325,2026-01-21 00:00:00,-1,0.0,0.0,4.0,0.0,0.0,10.1759,0.0,-1.0,brak,21.0,1.0,0.0,0.0,0.0,104.0,NAPAR ANANAS GREJ 100G BIFIX,5901483087364.0,brak,-1.0,1.0,HERBATY,DF,0,IP,0.0,sprzedaz,0,napar ananas grej 100g bifix,herbaty,0,false
81325,2026-01-22 00:00:00,-1,0.0,0.0,4.0,0.0,0.0,10.1759,0.0,-1.0,brak,21.0,1.0,0.0,0.0,0.0,104.0,NAPAR ANANAS GREJ 100G BIFIX,5901483087364.0,brak,-1.0,1.0,HERBATY,DF,0,IP,0.0,sprzedaz,0,napar ananas grej 100g bifix,herbaty,0,false
81325,2026-01-23 00:00:00,2230133,7.0,7.0,4.0,1.0,0.0,10.1759,10.1759,720.0,DF/PAR/260123/9081/2,21.0,1.0,62.47,62.47,62.47,104.0,NAPAR ANANAS GREJ 100G BIFIX,5901483087364.0,nan,-1.0,1.0,HERBATY,DF,1,IP,-1.0,sprzedaz,0,napar ananas grej 100g bifix,herbaty,0,false
81325,2026-01-24 00:00:00,-1,0.0,0.0,4.0,0.0,0.0,10.1759,0.0,-1.0,brak,21.0,1.0,0.0,0.0,0.0,104.0,NAPAR ANANAS GREJ 100G BIFIX,5901483087364.0,brak,-1.0,1.0,HERBATY,DF,0,IP,0.0,sprzedaz,0,napar ananas grej 100g bifix,herbaty,0,false
81325,2026-01-25 00:00:00,-1,0.0,0.0,4.0,0.0,0.0,10.1759,0.0,-1.0,brak,21.0,1.0,0.0,0.0,0.0,104.0,NAPAR ANANAS GREJ 100G BIFIX,5901483087364.0,brak,-1.0,1.0,HERBATY,DF,0,IP,0.0,sprzedaz,0,napar ananas grej 100g bifix,herbaty,0,false
81325,2026-01-26 00:00:00,-1,0.0,0.0,4.0,0.0,0.0,10.1759,0.0,-1.0,brak,21.0,1.0,0.0,0.0,0.0,104.0,NAPAR ANANAS GREJ 100G BIFIX,5901483087364.0,brak,-1.0,1.0,HERBATY,DF,0,IP,0.0,sprzedaz,0,napar ananas grej 100g bifix,herbaty,0,false
81325,2026-01-27 00:00:00,-1,0.0,0.0,4.0,0.0,0.0,10.1759,0.0,-1.0,brak,21.0,1.0,0.0,0.0,0.0,104.0,NAPAR ANANAS GREJ 100G BIFIX,5901483087364.0,brak,-1.0,1.0,HERBATY,DF,0,IP,0.0,sprzedaz,0,napar ananas grej 100g bifix,herbaty,0,false
81325,2026-01-28 00:00:00,-1,0.0,0.0,4.0,0.0,0.0,10.1759,0.0,-1.0,brak,21.0,1.0,0.0,0.0,0.0,104.0,NAPAR ANANAS GREJ 100G BIFIX,5901483087364.0,brak,-1.0,1.0,HERBATY,DF,0,IP,0.0,sprzedaz,0,napar ananas grej 100g bifix,herbaty,0,false
81325,2026-01-29 00:00:00,-1,0.0,0.0,4.0,0.0,0.0,10.1759,0.0,-1.0,brak,21.0,1.0,0.0,0.0,0.0,104.0,NAPAR ANANAS GREJ 100G BIFIX,5901483087364.0,brak,-1.0,1.0,HERBATY,DF,0,IP,0.0,sprzedaz,0,napar ananas grej 100g bifix,herbaty,0,false
81325,2026-01-30 00:00:00,-1,0.0,0.0,4.0,0.0,0.0,10.1759,0.0,-1.0,brak,21.0,1.0,0.0,0.0,0.0,104.0,NAPAR ANANAS GREJ 100G BIFIX,5901483087364.0,brak,-1.0,1.0,HERBATY,DF,0,IP,0.0,sprzedaz,0,napar ananas grej 100g bifix,herbaty,0,false
81325,2026-01-31 00:00:00,-1,0.0,0.0,4.0,0.0,0.0,10.1759,0.0,-1.0,brak,21.0,1.0,0.0,0.0,0.0,104.0,NAPAR ANANAS GREJ 100G BIFIX,5901483087364.0,brak,-1.0,1.0,HERBATY,DF,0,IP,0.0,sprzedaz,0,napar ananas grej 100g bifix,herbaty,0,false
49455,2025-11-22 00:00:00,2178294,6.0,5.0,4.0,1.0,0.0,3.3238,3.3238,59.0,DF/PAR/251122/6370/1,21.0,1.0,31.48,31.48,31.48,319.0,PRZECENA WAFLE FAMILIJNE O SM KAKAOWO ŚMIETANKOWYM 180G COLIAN,480.0,SLODYCZE,92.0,1.0,***PRZECENY,DF,1,IP,-1.0,sprzedaz,0,przecena wafle familijne o sm kakaowo smietankowym 180g colian,przeceny,0,false
49455,2025-11-22 00:00:00,2178345,4.0,4.0,4.0,1.0,0.0,3.3238,3.3238,110.0,DF/PAR/251122/6395/1,21.0,1.0,72.45,72.45,72.45,319.0,PRZECENA WAFLE FAMILIJNE O SM KAKAOWO ŚMIETANKOWYM 180G COLIAN,480.0,SLODYCZE,92.0,1.0,***PRZECENY,DF,1,IP,-1.0,sprzedaz,0,przecena wafle familijne o sm kakaowo smietankowym 180g colian,przeceny,0,false
49455,2025-11-22 00:00:00,2178381,5.0,5.0,4.0,1.0,0.0,3.3238,3.3238,146.0,DF/PAR/251122/6405/1,21.0,1.0,22.95,22.95,22.95,319.0,PRZECENA WAFLE FAMILIJNE O SM KAKAOWO ŚMIETANKOWYM 180G COLIAN,480.0,SLODYCZE,92.0,1.0,***PRZECENY,DF,1,IP,-1.0,sprzedaz,0,przecena wafle familijne o sm kakaowo smietankowym 180g colian,przeceny,0,false
49455,2025-11-22 00:00:00,2178457,11.0,11.0,4.0,1.0,0.0,3.3238,3.3238,222.0,DF/PAR/251122/6433/1,21.0,1.0,126.03,126.03,126.03,319.0,PRZECENA WAFLE FAMILIJNE O SM KAKAOWO ŚMIETANKOWYM 180G COLIAN,480.0,SLODYCZE,92.0,1.0,***PRZECENY,DF,1,IP,-1.0,sprzedaz,0,przecena wafle familijne o sm kakaowo smietankowym 180g colian,przeceny,0,false
49455,2025-11-23 00:00:00,-1,0.0,0.0,4.0,0.0,0.0,3.3238,0.0,-1.0,brak,21.0,1.0,0.0,0.0,0.0,319.0,PRZECENA WAFLE FAMILIJNE O SM KAKAOWO ŚMIETANKOWYM 180G COLIAN,480.0,brak,92.0,1.0,***PRZECENY,DF,0,IP,0.0,sprzedaz,0,przecena wafle familijne o sm kakaowo smietankowym 180g colian,przeceny,0,false
49455,2025-11-24 00:00:00,-1,0.0,0.0,4.0,0.0,0.0,3.3238,0.0,-1.0,brak,21.0,1.0,0.0,0.0,0.0,319.0,PRZECENA WAFLE FAMILIJNE O SM KAKAOWO ŚMIETANKOWYM 180G COLIAN,480.0,brak,92.0,1.0,***PRZECENY,DF,0,IP,0.0,sprzedaz,0,przecena wafle familijne o sm kakaowo smietankowym 180g colian,przeceny,0,false
49455,2025-11-25 00:00:00,-1,0.0,0.0,4.0,0.0,0.0,3.3238,0.0,-1.0,brak,21.0,1.0,0.0,0.0,0.0,319.0,PRZECENA WAFLE FAMILIJNE O SM KAKAOWO ŚMIETANKOWYM 180G COLIAN,480.0,brak,92.0,1.0,***PRZECENY,DF,0,IP,0.0,sprzedaz,0,przecena wafle familijne o sm kakaowo smietankowym 180g colian,przeceny,0,false
49455,2025-11-26 00:00:00,-1,0.0,0.0,4.0,0.0,0.0,3.3238,0.0,-1.0,brak,21.0,1.0,0.0,0.0,0.0,319.0,PRZECENA WAFLE FAMILIJNE O SM KAKAOWO ŚMIETANKOWYM 180G COLIAN,480.0,brak,92.0,1.0,***PRZECENY,DF,0,IP,0.0,sprzedaz,0,przecena wafle familijne o sm kakaowo smietankowym 180g colian,przeceny,0,false
49455,2025-11-27 00:00:00,-1,0.0,0.0,4.0,0.0,0.0,3.3238,0.0,-1.0,brak,21.0,1.0,0.0,0.0,0.0,319.0,PRZECENA WAFLE FAMILIJNE O SM KAKAOWO ŚMIETANKOWYM 180G COLIAN,480.0,brak,92.0,1.0,***PRZECENY,DF,0,IP,0.0,sprzedaz,0,przecena wafle familijne o sm kakaowo smietankowym 180g colian,przeceny,0,false
49455,2025-11-28 00:00:00,-1,0.0,0.0,4.0,0.0,0.0,3.3238,0.0,-1.0,brak,21.0,1.0,0.0,0.0,0.0,319.0,PRZECENA WAFLE FAMILIJNE O SM KAKAOWO ŚMIETANKOWYM 180G COLIAN,480.0,brak,92.0,1.0,***PRZECENY,DF,0,IP,0.0,sprzedaz,0,przecena wafle familijne o sm kakaowo smietankowym 180g colian,przeceny,0,false
49455,2025-11-29 00:00:00,-1,0.0,0.0,4.0,0.0,0.0,3.3238,0.0,-1.0,brak,21.0,1.0,0.0,0.0,0.0,319.0,PRZECENA WAFLE FAMILIJNE O SM KAKAOWO ŚMIETANKOWYM 180G COLIAN,480.0,brak,92.0,1.0,***PRZECENY,DF,0,IP,0.0,sprzedaz,0,przecena wafle familijne o sm kakaowo smietankowym 180g colian,przeceny,0,false
49455,2025-11-30 00:00:00,-1,0.0,0.0,4.0,0.0,0.0,3.3238,0.0,-1.0,brak,21.0,1.0,0.0,0.0,0.0,319.0,PRZECENA WAFLE FAMILIJNE O SM KAKAOWO ŚMIETANKOWYM 180G COLIAN,480.0,brak,92.0,1.0,***PRZECENY,DF,0,IP,0.0,sprzedaz,0,przecena wafle familijne o sm kakaowo smietankowym 180g colian,przeceny,0,false
49455,2025-12-01 00:00:00,-1,0.0,0.0,4.0,0.0,0.0,3.3238,0.0,-1.0,brak,21.0,1.0,0.0,0.0,0.0,319.0,PRZECENA WAFLE FAMILIJNE O SM KAKAOWO ŚMIETANKOWYM 180G COLIAN,480.0,brak,92.0,1.0,***PRZECENY,DF,0,IP,0.0,sprzedaz,0,przecena wafle familijne o sm kakaowo smietankowym 180g colian,przeceny,0,false
49455,2025-12-02 00:00:00,-1,0.0,0.0,4.0,0.0,0.0,3.3238,0.0,-1.0,brak,21.0,1.0,0.0,0.0,0.0,319.0,PRZECENA WAFLE FAMILIJNE O SM KAKAOWO ŚMIETANKOWYM 180G COLIAN,480.0,brak,92.0,1.0,***PRZECENY,DF,0,IP,0.0,sprzedaz,0,przecena wafle familijne o sm kakaowo smietankowym 180g colian,przeceny,0,false
49455,2025-12-03 00:00:00,-1,0.0,0.0,4.0,0.0,0.0,3.3238,0.0,-1.0,brak,21.0,1.0,0.0,0.0,0.0,319.0,PRZECENA WAFLE FAMILIJNE O SM KAKAOWO ŚMIETANKOWYM 180G COLIAN,480.0,brak,92.0,1.0,***PRZECENY,DF,0,IP,0.0,sprzedaz,0,przecena wafle familijne o sm kakaowo smietankowym 180g colian,przeceny,0,false
49455,2025-12-04 00:00:00,-1,0.0,0.0,4.0,0.0,0.0,3.3238,0.0,-1.0,brak,21.0,1.0,0.0,0.0,0.0,319.0,PRZECENA WAFLE FAMILIJNE O SM KAKAOWO ŚMIETANKOWYM 180G COLIAN,480.0,brak,92.0,1.0,***PRZECENY,DF,0,IP,0.0,sprzedaz,0,przecena wafle familijne o sm kakaowo smietankowym 180g colian,przeceny,0,false
49455,2025-12-05 00:00:00,-1,0.0,0.0,4.0,0.0,0.0,3.3238,0.0,-1.0,brak,21.0,1.0,0.0,0.0,0.0,319.0,PRZECENA WAFLE FAMILIJNE O SM KAKAOWO ŚMIETANKOWYM 180G COLIAN,480.0,brak,92.0,1.0,***PRZECENY,DF,0,IP,0.0,sprzedaz,0,przecena wafle familijne o sm kakaowo smietankowym 180g colian,przeceny,0,false
49455,2025-12-06 00:00:00,-1,0.0,0.0,4.0,0.0,0.0,3.3238,0.0,-1.0,brak,21.0,1.0,0.0,0.0,0.0,319.0,PRZECENA WAFLE FAMILIJNE O SM KAKAOWO ŚMIETANKOWYM 180G COLIAN,480.0,brak,92.0,1.0,***PRZECENY,DF,0,IP,0.0,sprzedaz,0,przecena wafle familijne o sm kakaowo smietankowym 180g colian,przeceny,0,false
80766,2025-11-22 00:00:00,2178549,11.0,11.0,4.0,1.0,0.0,94.3008,94.3008,314.0,DF/PAR/251122/7886/2,21.0,1.0,146.09,146.09,146.09,8.0,LIKIER JAGERMEISTER 35% 1L CEDC,4067700014665.0,nan,-1.0,1.0,3 WÓDKI I NAP.ALK POWYŻEJ 18%,DF,1,IP,-1.0,sprzedaz,0,likier jagermeister 35 1l cedc,3 wodki i nap alk powyzej 18,0,false
80766,2025-11-23 00:00:00,-1,0.0,0.0,4.0,0.0,0.0,94.3008,0.0,-1.0,brak,21.0,1.0,0.0,0.0,0.0,8.0,LIKIER JAGERMEISTER 35% 1L CEDC,4067700014665.0,brak,-1.0,1.0,3 WÓDKI I NAP.ALK POWYŻEJ 18%,DF,0,IP,0.0,sprzedaz,0,likier jagermeister 35 1l cedc,3 wodki i nap alk powyzej 18,0,false
80766,2025-11-24 00:00:00,-1,0.0,0.0,4.0,0.0,0.0,94.3008,0.0,-1.0,brak,21.0,1.0,0.0,0.0,0.0,8.0,LIKIER JAGERMEISTER 35% 1L CEDC,4067700014665.0,brak,-1.0,1.0,3 WÓDKI I NAP.ALK POWYŻEJ 18%,DF,0,IP,0.0,sprzedaz,0,likier jagermeister 35 1l cedc,3 wodki i nap alk powyzej 18,0,false
80766,2025-11-25 00:00:00,-1,0.0,0.0,4.0,0.0,0.0,94.3008,0.0,-1.0,brak,21.0,1.0,0.0,0.0,0.0,8.0,LIKIER JAGERMEISTER 35% 1L CEDC,4067700014665.0,brak,-1.0,1.0,3 WÓDKI I NAP.ALK POWYŻEJ 18%,DF,0,IP,0.0,sprzedaz,0,likier jagermeister 35 1l cedc,3 wodki i nap alk powyzej 18,0,false
80766,2025-11-26 00:00:00,-1,0.0,0.0,4.0,0.0,0.0,94.3008,0.0,-1.0,brak,21.0,1.0,0.0,0.0,0.0,8.0,LIKIER JAGERMEISTER 35% 1L CEDC,4067700014665.0,brak,-1.0,1.0,3 WÓDKI I NAP.ALK POWYŻEJ 18%,DF,0,IP,0.0,sprzedaz,0,likier jagermeister 35 1l cedc,3 wodki i nap alk powyzej 18,0,false
80766,2025-11-27 00:00:00,-1,0.0,0.0,4.0,0.0,0.0,94.3008,0.0,-1.0,brak,21.0,1.0,0.0,0.0,0.0,8.0,LIKIER JAGERMEISTER 35% 1L CEDC,4067700014665.0,brak,-1.0,1.0,3 WÓDKI I NAP.ALK POWYŻEJ 18%,DF,0,IP,0.0,sprzedaz,0,likier jagermeister 35 1l cedc,3 wodki i nap alk powyzej 18,0,false
80766,2025-11-28 00:00:00,-1,0.0,0.0,4.0,0.0,0.0,94.3008,0.0,-1.0,brak,21.0,1.0,0.0,0.0,0.0,8.0,LIKIER JAGERMEISTER 35% 1L CEDC,4067700014665.0,brak,-1.0,1.0,3 WÓDKI I NAP.ALK POWYŻEJ 18%,DF,0,IP,0.0,sprzedaz,0,likier jagermeister 35 1l cedc,3 wodki i nap alk powyzej 18,0,false
80766,2025-11-29 00:00:00,-1,0.0,0.0,4.0,0.0,0.0,94.3008,0.0,-1.0,brak,21.0,1.0,0.0,0.0,0.0,8.0,LIKIER JAGERMEISTER 35% 1L CEDC,4067700014665.0,brak,-1.0,1.0,3 WÓDKI I NAP.ALK POWYŻEJ 18%,DF,0,IP,0.0,sprzedaz,0,likier jagermeister 35 1l cedc,3 wodki i nap alk powyzej 18,0,false
80766,2025-11-30 00:00:00,-1,0.0,0.0,4.0,0.0,0.0,94.3008,0.0,-1.0,brak,21.0,1.0,0.0,0.0,0.0,8.0,LIKIER JAGERMEISTER 35% 1L CEDC,4067700014665.0,brak,-1.0,1.0,3 WÓDKI I NAP.ALK POWYŻEJ 18%,DF,0,IP,0.0,sprzedaz,0,likier jagermeister 35 1l cedc,3 wodki i nap alk powyzej 18,0,false
80766,2025-12-01 00:00:00,-1,0.0,0.0,4.0,0.0,0.0,94.3008,0.0,-1.0,brak,21.0,1.0,0.0,0.0,0.0,8.0,LIKIER JAGERMEISTER 35% 1L CEDC,4067700014665.0,brak,-1.0,1.0,3 WÓDKI I NAP.ALK POWYŻEJ 18%,DF,0,IP,0.0,sprzedaz,0,likier jagermeister 35 1l cedc,3 wodki i nap alk powyzej 18,0,false
80766,2025-12-02 00:00:00,-1,0.0,0.0,4.0,0.0,0.0,94.3008,0.0,-1.0,brak,21.0,1.0,0.0,0.0,0.0,8.0,LIKIER JAGERMEISTER 35% 1L CEDC,4067700014665.0,brak,-1.0,1.0,3 WÓDKI I NAP.ALK POWYŻEJ 18%,DF,0,IP,0.0,sprzedaz,0,likier jagermeister 35 1l cedc,3 wodki i nap alk powyzej 18,0,false
80766,2025-12-03 00:00:00,-1,0.0,0.0,4.0,0.0,0.0,94.3008,0.0,-1.0,brak,21.0,1.0,0.0,0.0,0.0,8.0,LIKIER JAGERMEISTER 35% 1L CEDC,4067700014665.0,brak,-1.0,1.0,3 WÓDKI I NAP.ALK POWYŻEJ 18%,DF,0,IP,0.0,sprzedaz,0,likier jagermeister 35 1l cedc,3 wodki i nap alk powyzej 18,0,false
80766,2025-12-04 00:00:00,-1,0.0,0.0,4.0,0.0,0.0,94.3008,0.0,-1.0,brak,21.0,1.0,0.0,0.0,0.0,8.0,LIKIER JAGERMEISTER 35% 1L CEDC,4067700014665.0,brak,-1.0,1.0,3 WÓDKI I NAP.ALK POWYŻEJ 18%,DF,0,IP,0.0,sprzedaz,0,likier jagermeister 35 1l cedc,3 wodki i nap alk powyzej 18,0,false
80766,2025-12-05 00:00:00,-1,0.0,0.0,4.0,0.0,0.0,94.3008,0.0,-1.0,brak,21.0,1.0,0.0,0.0,0.0,8.0,LIKIER JAGERMEISTER 35% 1L CEDC,4067700014665.0,brak,-1.0,1.0,3 WÓDKI I NAP.ALK POWYŻEJ 18%,DF,0,IP,0.0,sprzedaz,0,likier jagermeister 35 1l cedc,3 wodki i nap alk powyzej 18,0,false
80766,2025-12-06 00:00:00,-1,0.0,0.0,4.0,0.0,0.0,94.3008,0.0,-1.0,brak,21.0,1.0,0.0,0.0,0.0,8.0,LIKIER JAGERMEISTER 35% 1L CEDC,4067700014665.0,brak,-1.0,1.0,3 WÓDKI I NAP.ALK POWYŻEJ 18%,DF,0,IP,0.0,sprzedaz,0,likier jagermeister 35 1l cedc,3 wodki i nap alk powyzej 18,0,false
36119,2025-11-22 00:00:00,2178954,12.0,12.0,4.0,1.0,0.0,4.7524,4.7524,719.0,DF/PAR/251122/8095/2,21.0,1.0,44.35,44.35,44.35,164.0,PALUSZKI BESKDZKIE MISIAKI 180G AKSAM,5907029008923.0,nan,-1.0,0.0,PALUSZKI /przekąski,DF,1,IP,-1.0,sprzedaz,0,paluszki beskdzkie misiaki 180g aksam,paluszki przekaski,0,false
36119,2025-11-23 00:00:00,-1,0.0,0.0,4.0,0.0,0.0,4.7524,0.0,-1.0,brak,21.0,1.0,0.0,0.0,0.0,164.0,PALUSZKI BESKDZKIE MISIAKI 180G AKSAM,5907029008923.0,brak,-1.0,1.0,PALUSZKI /przekąski,DF,0,IP,0.0,sprzedaz,0,paluszki beskdzkie misiaki 180g aksam,paluszki przekaski,0,false
36119,2025-11-24 00:00:00,-1,0.0,0.0,4.0,0.0,0.0,4.7524,0.0,-1.0,brak,21.0,1.0,0.0,0.0,0.0,164.0,PALUSZKI BESKDZKIE MISIAKI 180G AKSAM,5907029008923.0,brak,-1.0,1.0,PALUSZKI /przekąski,DF,0,IP,0.0,sprzedaz,0,paluszki beskdzkie misiaki 180g aksam,paluszki przekaski,0,false
36119,2025-11-25 00:00:00,-1,0.0,0.0,4.0,0.0,0.0,4.7524,0.0,-1.0,brak,21.0,1.0,0.0,0.0,0.0,164.0,PALUSZKI BESKDZKIE MISIAKI 180G AKSAM,5907029008923.0,brak,-1.0,1.0,PALUSZKI /przekąski,DF,0,IP,0.0,sprzedaz,0,paluszki beskdzkie misiaki 180g aksam,paluszki przekaski,0,false
36119,2025-11-26 00:00:00,2181396,1.0,1.0,4.0,1.0,0.0,4.7524,4.7524,342.0,DF/PAR/251126/9307/2,21.0,1.0,60.38,60.38,60.38,164.0,PALUSZKI BESKDZKIE MISIAKI 180G AKSAM,5907029008923.0,nan,-1.0,0.0,PALUSZKI /przekąski,DF,1,IP,-1.0,sprzedaz,0,paluszki beskdzkie misiaki 180g aksam,paluszki przekaski,0,false
36119,2025-11-27 00:00:00,-1,0.0,0.0,4.0,0.0,0.0,4.7524,0.0,-1.0,brak,21.0,1.0,0.0,0.0,0.0,164.0,PALUSZKI BESKDZKIE MISIAKI 180G AKSAM,5907029008923.0,brak,-1.0,1.0,PALUSZKI /przekąski,DF,0,IP,0.0,sprzedaz,0,paluszki beskdzkie misiaki 180g aksam,paluszki przekaski,0,false
36119,2025-11-28 00:00:00,-1,0.0,0.0,4.0,0.0,0.0,4.7524,0.0,-1.0,brak,21.0,1.0,0.0,0.0,0.0,164.0,PALUSZKI BESKDZKIE MISIAKI 180G AKSAM,5907029008923.0,brak,-1.0,1.0,PALUSZKI /przekąski,DF,0,IP,0.0,sprzedaz,0,paluszki beskdzkie misiaki 180g aksam,paluszki przekaski,0,false
36119,2025-11-29 00:00:00,2184998,9.0,9.0,4.0,1.0,0.0,4.7524,4.7524,983.0,DF/PAR/251129/11588/2,21.0,1.0,51.41,51.41,51.41,164.0,PALUSZKI BESKDZKIE MISIAKI 180G AKSAM,5907029008923.0,nan,-1.0,0.0,PALUSZKI /przekąski,DF,1,IP,-1.0,sprzedaz,0,paluszki beskdzkie misiaki 180g aksam,paluszki przekaski,0,false
36119,2025-11-30 00:00:00,-1,0.0,0.0,4.0,0.0,0.0,4.7524,0.0,-1.0,brak,21.0,1.0,0.0,0.0,0.0,164.0,PALUSZKI BESKDZKIE MISIAKI 180G AKSAM,5907029008923.0,brak,-1.0,1.0,PALUSZKI /przekąski,DF,0,IP,0.0,sprzedaz,0,paluszki beskdzkie misiaki 180g aksam,paluszki przekaski,0,false
36119,2025-12-01 00:00:00,-1,0.0,0.0,4.0,0.0,0.0,4.7524,0.0,-1.0,brak,21.0,1.0,0.0,0.0,0.0,164.0,PALUSZKI BESKDZKIE MISIAKI 180G AKSAM,5907029008923.0,brak,-1.0,1.0,PALUSZKI /przekąski,DF,0,IP,0.0,sprzedaz,0,paluszki beskdzkie misiaki 180g aksam,paluszki przekaski,0,false
36119,2025-12-02 00:00:00,-1,0.0,0.0,4.0,0.0,0.0,4.7524,0.0,-1.0,brak,21.0,1.0,0.0,0.0,0.0,164.0,PALUSZKI BESKDZKIE MISIAKI 180G AKSAM,5907029008923.0,brak,-1.0,1.0,PALUSZKI /przekąski,DF,0,IP,0.0,sprzedaz,0,paluszki beskdzkie misiaki 180g aksam,paluszki przekaski,0,false
36119,2025-12-03 00:00:00,-1,0.0,0.0,4.0,0.0,0.0,4.7524,0.0,-1.0,brak,21.0,1.0,0.0,0.0,0.0,164.0,PALUSZKI BESKDZKIE MISIAKI 180G AKSAM,5907029008923.0,brak,-1.0,1.0,PALUSZKI /przekąski,DF,0,IP,0.0,sprzedaz,0,paluszki beskdzkie misiaki 180g aksam,paluszki przekaski,0,false
36119,2025-12-04 00:00:00,-1,0.0,0.0,4.0,0.0,0.0,4.7524,0.0,-1.0,brak,21.0,1.0,0.0,0.0,0.0,164.0,PALUSZKI BESKDZKIE MISIAKI 180G AKSAM,5907029008923.0,brak,-1.0,1.0,PALUSZKI /przekąski,DF,0,IP,0.0,sprzedaz,0,paluszki beskdzkie misiaki 180g aksam,paluszki przekaski,0,false
36119,2025-12-05 00:00:00,2189713,1.0,1.0,4.0,1.0,0.0,4.7524,4.7524,776.0,DF/PAR/251205/3189/2,21.0,1.0,28.75,28.75,28.75,164.0,PALUSZKI BESKDZKIE MISIAKI 180G AKSAM,5907029008923.0,nan,-1.0,0.0,PALUSZKI /przekąski,DF,1,IP,-1.0,sprzedaz,0,paluszki beskdzkie misiaki 180g aksam,paluszki przekaski,0,false
36119,2025-12-06 00:00:00,-1,0.0,0.0,4.0,0.0,0.0,4.7524,0.0,-1.0,brak,21.0,1.0,0.0,0.0,0.0,164.0,PALUSZKI BESKDZKIE MISIAKI 180G AKSAM,5907029008923.0,brak,-1.0,1.0,PALUSZKI /przekąski,DF,0,IP,0.0,sprzedaz,0,paluszki beskdzkie misiaki 180g aksam,paluszki przekaski,0,false
36119,2025-12-07 00:00:00,-1,0.0,0.0,4.0,0.0,0.0,4.7524,0.0,-1.0,brak,21.0,1.0,0.0,0.0,0.0,164.0,PALUSZKI BESKDZKIE MISIAKI 180G AKSAM,5907029008923.0,brak,-1.0,1.0,PALUSZKI /przekąski,DF,0,IP,0.0,sprzedaz,0,paluszki beskdzkie misiaki 180g aksam,paluszki przekaski,0,false
36119,2025-12-08 00:00:00,-1,0.0,0.0,4.0,0.0,0.0,4.7524,0.0,-1.0,brak,21.0,1.0,0.0,0.0,0.0,164.0,PALUSZKI BESKDZKIE MISIAKI 180G AKSAM,5907029008923.0,brak,-1.0,1.0,PALUSZKI /przekąski,DF,0,IP,0.0,sprzedaz,0,paluszki beskdzkie misiaki 180g aksam,paluszki przekaski,0,false
36119,2025-12-09 00:00:00,-1,0.0,0.0,4.0,0.0,0.0,4.7524,0.0,-1.0,brak,21.0,1.0,0.0,0.0,0.0,164.0,PALUSZKI BESKDZKIE MISIAKI 180G AKSAM,5907029008923.0,brak,-1.0,1.0,PALUSZKI /przekąski,DF,0,IP,0.0,sprzedaz,0,paluszki beskdzkie misiaki 180g aksam,paluszki przekaski,0,false
36119,2025-12-10 00:00:00,-1,0.0,0.0,4.0,0.0,0.0,4.7524,0.0,-1.0,brak,21.0,1.0,0.0,0.0,0.0,164.0,PALUSZKI BESKDZKIE MISIAKI 180G AKSAM,5907029008923.0,brak,-1.0,1.0,PALUSZKI /przekąski,DF,0,IP,0.0,sprzedaz,0,paluszki beskdzkie misiaki 180g aksam,paluszki przekaski,0,false
36119,2025-12-11 00:00:00,-1,0.0,0.0,4.0,0.0,0.0,4.7524,0.0,-1.0,brak,21.0,1.0,0.0,0.0,0.0,164.0,PALUSZKI BESKDZKIE MISIAKI 180G AKSAM,5907029008923.0,brak,-1.0,1.0,PALUSZKI /przekąski,DF,0,IP,0.0,sprzedaz,0,paluszki beskdzkie misiaki 180g aksam,paluszki przekaski,0,false
36119,2025-12-12 00:00:00,-1,0.0,0.0,4.0,0.0,0.0,4.7524,0.0,-1.0,brak,21.0,1.0,0.0,0.0,0.0,164.0,PALUSZKI BESKDZKIE MISIAKI 180G AKSAM,5907029008923.0,brak,-1.0,1.0,PALUSZKI /przekąski,DF,0,IP,0.0,sprzedaz,0,paluszki beskdzkie misiaki 180g aksam,paluszki przekaski,0,false
36119,2025-12-13 00:00:00,-1,0.0,0.0,4.0,0.0,0.0,4.7524,0.0,-1.0,brak,21.0,1.0,0.0,0.0,0.0,164.0,PALUSZKI BESKDZKIE MISIAKI 180G AKSAM,5907029008923.0,brak,-1.0,1.0,PALUSZKI /przekąski,DF,0,IP,0.0,sprzedaz,0,paluszki beskdzkie misiaki 180g aksam,paluszki przekaski,0,false
36119,2025-12-14 00:00:00,-1,0.0,0.0,4.0,0.0,0.0,4.7524,0.0,-1.0,brak,21.0,1.0,0.0,0.0,0.0,164.0,PALUSZKI BESKDZKIE MISIAKI 180G AKSAM,5907029008923.0,brak,-1.0,1.0,PALUSZKI /przekąski,DF,0,IP,0.0,sprzedaz,0,paluszki beskdzkie misiaki 180g aksam,paluszki przekaski,0,false
36119,2025-12-15 00:00:00,-1,0.0,0.0,4.0,0.0,0.0,4.7524,0.0,-1.0,brak,21.0,1.0,0.0,0.0,0.0,164.0,PALUSZKI BESKDZKIE MISIAKI 180G AKSAM,5907029008923.0,brak,-1.0,1.0,PALUSZKI /przekąski,DF,0,IP,0.0,sprzedaz,0,paluszki beskdzkie misiaki 180g aksam,paluszki przekaski,0,false
36119,2025-12-16 00:00:00,-1,0.0,0.0,4.0,0.0,0.0,4.7524,0.0,-1.0,brak,21.0,1.0,0.0,0.0,0.0,164.0,PALUSZKI BESKDZKIE MISIAKI 180G AKSAM,5907029008923.0,brak,-1.0,1.0,PALUSZKI /przekąski,DF,0,IP,0.0,sprzedaz,0,paluszki beskdzkie misiaki 180g aksam,paluszki przekaski,0,false
36119,2025-12-17 00:00:00,-1,0.0,0.0,4.0,0.0,0.0,4.7524,0.0,-1.0,brak,21.0,1.0,0.0,0.0,0.0,164.0,PALUSZKI BESKDZKIE MISIAKI 180G AKSAM,5907029008923.0,brak,-1.0,1.0,PALUSZKI /przekąski,DF,0,IP,0.0,sprzedaz,0,paluszki beskdzkie misiaki 180g aksam,paluszki przekaski,0,false
36119,2025-12-18 00:00:00,2202111,4.0,4.0,4.0,1.0,0.0,4.7524,4.7524,1028.0,DF/PAR/251218/3128/1,21.0,1.0,16.96,16.96,16.96,164.0,PALUSZKI BESKDZKIE MISIAKI 180G AKSAM,5907029008923.0,nan,-1.0,0.0,PALUSZKI /przekąski,DF,1,IP,-1.0,sprzedaz,0,paluszki beskdzkie misiaki 180g aksam,paluszki przekaski,0,false
36119,2025-12-19 00:00:00,-1,0.0,0.0,4.0,0.0,0.0,4.7524,0.0,-1.0,brak,21.0,1.0,0.0,0.0,0.0,164.0,PALUSZKI BESKDZKIE MISIAKI 180G AKSAM,5907029008923.0,brak,-1.0,1.0,PALUSZKI /przekąski,DF,0,IP,0.0,sprzedaz,0,paluszki beskdzkie misiaki 180g aksam,paluszki przekaski,0,false
36119,2025-12-20 00:00:00,2203962,3.0,3.0,4.0,1.0,0.0,4.7524,4.7524,578.0,DF/PAR/251220/3613/1,21.0,1.0,46.17,46.17,46.17,164.0,PALUSZKI BESKDZKIE MISIAKI 180G AKSAM,5907029008923.0,nan,-1.0,0.0,PALUSZKI /przekąski,DF,1,IP,-1.0,sprzedaz,0,paluszki beskdzkie misiaki 180g aksam,paluszki przekaski,0,false
36119,2025-12-21 00:00:00,-1,0.0,0.0,4.0,0.0,0.0,4.7524,0.0,-1.0,brak,21.0,1.0,0.0,0.0,0.0,164.0,PALUSZKI BESKDZKIE MISIAKI 180G AKSAM,5907029008923.0,brak,-1.0,1.0,PALUSZKI /przekąski,DF,0,IP,0.0,sprzedaz,0,paluszki beskdzkie misiaki 180g aksam,paluszki przekaski,0,false
36119,2025-12-22 00:00:00,2205395,5.0,5.0,4.0,1.0,0.0,4.7524,4.7524,471.0,DF/PAR/251222/13216/2,21.0,1.0,16.58,16.58,16.58,164.0,PALUSZKI BESKDZKIE MISIAKI 180G AKSAM,5907029008923.0,nan,-1.0,0.0,PALUSZKI /przekąski,DF,1,IP,-1.0,sprzedaz,0,paluszki beskdzkie misiaki 180g aksam,paluszki przekaski,0,false
36119,2025-12-23 00:00:00,-1,0.0,0.0,4.0,0.0,0.0,4.7524,0.0,-1.0,brak,21.0,1.0,0.0,0.0,0.0,164.0,PALUSZKI BESKDZKIE MISIAKI 180G AKSAM,5907029008923.0,brak,-1.0,1.0,PALUSZKI /przekąski,DF,0,IP,0.0,sprzedaz,0,paluszki beskdzkie misiaki 180g aksam,paluszki przekaski,0,false
36119,2025-12-24 00:00:00,-1,0.0,0.0,4.0,0.0,0.0,4.7524,0.0,-1.0,brak,21.0,1.0,0.0,0.0,0.0,164.0,PALUSZKI BESKDZKIE MISIAKI 180G AKSAM,5907029008923.0,brak,-1.0,1.0,PALUSZKI /przekąski,DF,0,IP,0.0,sprzedaz,0,paluszki beskdzkie misiaki 180g aksam,paluszki przekaski,0,false
36119,2025-12-25 00:00:00,-1,0.0,0.0,4.0,0.0,0.0,4.7524,0.0,-1.0,brak,21.0,1.0,0.0,0.0,0.0,164.0,PALUSZKI BESKDZKIE MISIAKI 180G AKSAM,5907029008923.0,brak,-1.0,1.0,PALUSZKI /przekąski,DF,0,IP,0.0,sprzedaz,0,paluszki beskdzkie misiaki 180g aksam,paluszki przekaski,0,false
36119,2025-12-26 00:00:00,-1,0.0,0.0,4.0,0.0,0.0,4.7524,0.0,-1.0,brak,21.0,1.0,0.0,0.0,0.0,164.0,PALUSZKI BESKDZKIE MISIAKI 180G AKSAM,5907029008923.0,brak,-1.0,1.0,PALUSZKI /przekąski,DF,0,IP,0.0,sprzedaz,0,paluszki beskdzkie misiaki 180g aksam,paluszki przekaski,0,false
36119,2025-12-27 00:00:00,-1,0.0,0.0,4.0,0.0,0.0,4.7524,0.0,-1.0,brak,21.0,1.0,0.0,0.0,0.0,164.0,PALUSZKI BESKDZKIE MISIAKI 180G AKSAM,5907029008923.0,brak,-1.0,1.0,PALUSZKI /przekąski,DF,0,IP,0.0,sprzedaz,0,paluszki beskdzkie misiaki 180g aksam,paluszki przekaski,0,false
36119,2025-12-28 00:00:00,-1,0.0,0.0,4.0,0.0,0.0,4.7524,0.0,-1.0,brak,21.0,1.0,0.0,0.0,0.0,164.0,PALUSZKI BESKDZKIE MISIAKI 180G AKSAM,5907029008923.0,brak,-1.0,1.0,PALUSZKI /przekąski,DF,0,IP,0.0,sprzedaz,0,paluszki beskdzkie misiaki 180g aksam,paluszki przekaski,0,false
36119,2025-12-29 00:00:00,-1,0.0,0.0,4.0,0.0,0.0,4.7524,0.0,-1.0,brak,21.0,1.0,0.0,0.0,0.0,164.0,PALUSZKI BESKDZKIE MISIAKI 180G AKSAM,5907029008923.0,brak,-1.0,1.0,PALUSZKI /przekąski,DF,0,IP,0.0,sprzedaz,0,paluszki beskdzkie misiaki 180g aksam,paluszki przekaski,0,false
36119,2025-12-30 00:00:00,-1,0.0,0.0,4.0,0.0,0.0,4.7524,0.0,-1.0,brak,21.0,1.0,0.0,0.0,0.0,164.0,PALUSZKI BESKDZKIE MISIAKI 180G AKSAM,5907029008923.0,brak,-1.0,1.0,PALUSZKI /przekąski,DF,0,IP,0.0,sprzedaz,0,paluszki beskdzkie misiaki 180g aksam,paluszki przekaski,0,false
36119,2025-12-31 00:00:00,-1,0.0,0.0,4.0,0.0,0.0,4.7524,0.0,-1.0,brak,21.0,1.0,0.0,0.0,0.0,164.0,PALUSZKI BESKDZKIE MISIAKI 180G AKSAM,5907029008923.0,brak,-1.0,1.0,PALUSZKI /przekąski,DF,0,IP,0.0,sprzedaz,0,paluszki beskdzkie misiaki 180g aksam,paluszki przekaski,0,false
36119,2026-01-01 00:00:00,-1,0.0,0.0,4.0,0.0,0.0,4.7524,0.0,-1.0,brak,21.0,1.0,0.0,0.0,0.0,164.0,PALUSZKI BESKDZKIE MISIAKI 180G AKSAM,5907029008923.0,brak,-1.0,1.0,PALUSZKI /przekąski,DF,0,IP,0.0,sprzedaz,0,paluszki beskdzkie misiaki 180g aksam,paluszki przekaski,0,false
36119,2026-01-02 00:00:00,2212589,1.0,1.0,4.0,1.0,0.0,4.7524,4.7524,651.0,DF/PAR/260102/411/2,21.0,1.0,36.78,36.78,36.78,164.0,PALUSZKI BESKDZKIE MISIAKI 180G AKSAM,5907029008923.0,nan,-1.0,0.0,PALUSZKI /przekąski,DF,1,IP,-1.0,sprzedaz,0,paluszki beskdzkie misiaki 180g aksam,paluszki przekaski,0,false
36119,2026-01-03 00:00:00,2213106,3.0,3.0,4.0,1.0,0.0,4.7524,4.7524,258.0,DF/PAR/260103/205/1,21.0,1.0,32.74,32.74,32.74,164.0,PALUSZKI BESKDZKIE MISIAKI 180G AKSAM,5907029008923.0,nan,-1.0,0.0,PALUSZKI /przekąski,DF,1,IP,-1.0,sprzedaz,0,paluszki beskdzkie misiaki 180g aksam,paluszki przekaski,0,false
36119,2026-01-04 00:00:00,-1,0.0,0.0,4.0,0.0,0.0,4.7524,0.0,-1.0,brak,21.0,1.0,0.0,0.0,0.0,164.0,PALUSZKI BESKDZKIE MISIAKI 180G AKSAM,5907029008923.0,brak,-1.0,1.0,PALUSZKI /przekąski,DF,0,IP,0.0,sprzedaz,0,paluszki beskdzkie misiaki 180g aksam,paluszki przekaski,0,false
36119,2026-01-05 00:00:00,-1,0.0,0.0,4.0,0.0,0.0,4.7524,0.0,-1.0,brak,21.0,1.0,0.0,0.0,0.0,164.0,PALUSZKI BESKDZKIE MISIAKI 180G AKSAM,5907029008923.0,brak,-1.0,1.0,PALUSZKI /przekąski,DF,0,IP,0.0,sprzedaz,0,paluszki beskdzkie misiaki 180g aksam,paluszki przekaski,0,false
36119,2026-01-06 00:00:00,-1,0.0,0.0,4.0,0.0,0.0,4.7524,0.0,-1.0,brak,21.0,1.0,0.0,0.0,0.0,164.0,PALUSZKI BESKDZKIE MISIAKI 180G AKSAM,5907029008923.0,brak,-1.0,1.0,PALUSZKI /przekąski,DF,0,IP,0.0,sprzedaz,0,paluszki beskdzkie misiaki 180g aksam,paluszki przekaski,0,false
36119,2026-01-07 00:00:00,-1,0.0,0.0,4.0,0.0,0.0,4.7524,0.0,-1.0,brak,21.0,1.0,0.0,0.0,0.0,164.0,PALUSZKI BESKDZKIE MISIAKI 180G AKSAM,5907029008923.0,brak,-1.0,1.0,PALUSZKI /przekąski,DF,0,IP,0.0,sprzedaz,0,paluszki beskdzkie misiaki 180g aksam,paluszki przekaski,0,false
36119,2026-01-08 00:00:00,-1,0.0,0.0,4.0,0.0,0.0,4.7524,0.0,-1.0,brak,21.0,1.0,0.0,0.0,0.0,164.0,PALUSZKI BESKDZKIE MISIAKI 180G AKSAM,5907029008923.0,brak,-1.0,1.0,PALUSZKI /przekąski,DF,0,IP,0.0,sprzedaz,0,paluszki beskdzkie misiaki 180g aksam,paluszki przekaski,0,false
36119,2026-01-09 00:00:00,-1,0.0,0.0,4.0,0.0,0.0,4.7524,0.0,-1.0,brak,21.0,1.0,0.0,0.0,0.0,164.0,PALUSZKI BESKDZKIE MISIAKI 180G AKSAM,5907029008923.0,brak,-1.0,1.0,PALUSZKI /przekąski,DF,0,IP,0.0,sprzedaz,0,paluszki beskdzkie misiaki 180g aksam,paluszki przekaski,0,false
36119,2026-01-10 00:00:00,2218482,5.0,5.0,4.0,1.0,0.0,4.7524,4.7524,243.0,DF/PAR/260110/4058/2,21.0,1.0,65.94,65.94,65.94,164.0,PALUSZKI BESKDZKIE MISIAKI 180G AKSAM,5907029008923.0,nan,-1.0,0.0,PALUSZKI /przekąski,DF,1,IP,-1.0,sprzedaz,0,paluszki beskdzkie misiaki 180g aksam,paluszki przekaski,0,false
36119,2026-01-10 00:00:00,2219200,9.0,9.0,4.0,1.0,0.0,4.7524,4.7524,958.0,DF/PAR/260110/4491/2,21.0,1.0,95.95,95.95,95.95,164.0,PALUSZKI BESKDZKIE MISIAKI 180G AKSAM,5907029008923.0,nan,-1.0,0.0,PALUSZKI /przekąski,DF,1,IP,-1.0,sprzedaz,0,paluszki beskdzkie misiaki 180g aksam,paluszki przekaski,0,false
36119,2026-01-11 00:00:00,-1,0.0,0.0,4.0,0.0,0.0,4.7524,0.0,-1.0,brak,21.0,1.0,0.0,0.0,0.0,164.0,PALUSZKI BESKDZKIE MISIAKI 180G AKSAM,5907029008923.0,brak,-1.0,1.0,PALUSZKI /przekąski,DF,0,IP,0.0,sprzedaz,0,paluszki beskdzkie misiaki 180g aksam,paluszki przekaski,0,false
36119,2026-01-12 00:00:00,-1,0.0,0.0,4.0,0.0,0.0,4.7524,0.0,-1.0,brak,21.0,1.0,0.0,0.0,0.0,164.0,PALUSZKI BESKDZKIE MISIAKI 180G AKSAM,5907029008923.0,brak,-1.0,1.0,PALUSZKI /przekąski,DF,0,IP,0.0,sprzedaz,0,paluszki beskdzkie misiaki 180g aksam,paluszki przekaski,0,false
36119,2026-01-13 00:00:00,-1,0.0,0.0,4.0,0.0,0.0,4.7524,0.0,-1.0,brak,21.0,1.0,0.0,0.0,0.0,164.0,PALUSZKI BESKDZKIE MISIAKI 180G AKSAM,5907029008923.0,brak,-1.0,1.0,PALUSZKI /przekąski,DF,0,IP,0.0,sprzedaz,0,paluszki beskdzkie misiaki 180g aksam,paluszki przekaski,0,false
36119,2026-01-14 00:00:00,-1,0.0,0.0,4.0,0.0,0.0,4.7524,0.0,-1.0,brak,21.0,1.0,0.0,0.0,0.0,164.0,PALUSZKI BESKDZKIE MISIAKI 180G AKSAM,5907029008923.0,brak,-1.0,1.0,PALUSZKI /przekąski,DF,0,IP,0.0,sprzedaz,0,paluszki beskdzkie misiaki 180g aksam,paluszki przekaski,0,false
36119,2026-01-15 00:00:00,2222813,5.0,5.0,4.0,1.0,0.0,4.7524,4.7524,614.0,DF/PAR/260115/2543/1,21.0,1.0,19.94,19.94,19.94,164.0,PALUSZKI BESKDZKIE MISIAKI 180G AKSAM,5907029008923.0,nan,-1.0,0.0,PALUSZKI /przekąski,DF,1,IP,-1.0,sprzedaz,0,paluszki beskdzkie misiaki 180g aksam,paluszki przekaski,0,false
36119,2026-01-15 00:00:00,2223040,7.0,7.0,4.0,1.0,0.0,4.7524,4.7524,838.0,DF/PAR/260115/2722/1,21.0,1.0,50.9,50.9,50.9,164.0,PALUSZKI BESKDZKIE MISIAKI 180G AKSAM,5907029008923.0,nan,-1.0,0.0,PALUSZKI /przekąski,DF,1,IP,-1.0,sprzedaz,0,paluszki beskdzkie misiaki 180g aksam,paluszki przekaski,0,false
36119,2026-01-16 00:00:00,-1,0.0,0.0,4.0,0.0,0.0,4.7524,0.0,-1.0,brak,21.0,1.0,0.0,0.0,0.0,164.0,PALUSZKI BESKDZKIE MISIAKI 180G AKSAM,5907029008923.0,brak,-1.0,1.0,PALUSZKI /przekąski,DF,0,IP,0.0,sprzedaz,0,paluszki beskdzkie misiaki 180g aksam,paluszki przekaski,0,false
36119,2026-01-17 00:00:00,2224899,1.0,1.0,4.0,1.0,0.0,4.7524,4.7524,586.0,DF/PAR/260117/3510/1,21.0,1.0,17.76,17.76,17.76,164.0,PALUSZKI BESKDZKIE MISIAKI 180G AKSAM,5907029008923.0,nan,-1.0,0.0,PALUSZKI /przekąski,DF,1,IP,-1.0,sprzedaz,0,paluszki beskdzkie misiaki 180g aksam,paluszki przekaski,0,false
36119,2026-01-18 00:00:00,-1,0.0,0.0,4.0,0.0,0.0,4.7524,0.0,-1.0,brak,21.0,1.0,0.0,0.0,0.0,164.0,PALUSZKI BESKDZKIE MISIAKI 180G AKSAM,5907029008923.0,brak,-1.0,1.0,PALUSZKI /przekąski,DF,0,IP,0.0,sprzedaz,0,paluszki beskdzkie misiaki 180g aksam,paluszki przekaski,0,false
36119,2026-01-19 00:00:00,-1,0.0,0.0,4.0,0.0,0.0,4.7524,0.0,-1.0,brak,21.0,1.0,0.0,0.0,0.0,164.0,PALUSZKI BESKDZKIE MISIAKI 180G AKSAM,5907029008923.0,brak,-1.0,1.0,PALUSZKI /przekąski,DF,0,IP,0.0,sprzedaz,0,paluszki beskdzkie misiaki 180g aksam,paluszki przekaski,0,false
36119,2026-01-20 00:00:00,-1,0.0,0.0,4.0,0.0,0.0,4.7524,0.0,-1.0,brak,21.0,1.0,0.0,0.0,0.0,164.0,PALUSZKI BESKDZKIE MISIAKI 180G AKSAM,5907029008923.0,brak,-1.0,1.0,PALUSZKI /przekąski,DF,0,IP,0.0,sprzedaz,0,paluszki beskdzkie misiaki 180g aksam,paluszki przekaski,0,false
36119,2026-01-21 00:00:00,2227790,3.0,3.0,4.0,1.0,0.0,4.7524,4.7524,385.0,DF/PAR/260121/8198/2,21.0,1.0,34.24,34.24,34.24,164.0,PALUSZKI BESKDZKIE MISIAKI 180G AKSAM,5907029008923.0,nan,-1.0,0.0,PALUSZKI /przekąski,DF,1,IP,-1.0,sprzedaz,0,paluszki beskdzkie misiaki 180g aksam,paluszki przekaski,0,false
36119,2026-01-22 00:00:00,-1,0.0,0.0,4.0,0.0,0.0,4.7524,0.0,-1.0,brak,21.0,1.0,0.0,0.0,0.0,164.0,PALUSZKI BESKDZKIE MISIAKI 180G AKSAM,5907029008923.0,brak,-1.0,1.0,PALUSZKI /przekąski,DF,0,IP,0.0,sprzedaz,0,paluszki beskdzkie misiaki 180g aksam,paluszki przekaski,0,false
36119,2026-01-23 00:00:00,-1,0.0,0.0,4.0,0.0,0.0,4.7524,0.0,-1.0,brak,21.0,1.0,0.0,0.0,0.0,164.0,PALUSZKI BESKDZKIE MISIAKI 180G AKSAM,5907029008923.0,brak,-1.0,1.0,PALUSZKI /przekąski,DF,0,IP,0.0,sprzedaz,0,paluszki beskdzkie misiaki 180g aksam,paluszki przekaski,0,false
36119,2026-01-24 00:00:00,-1,0.0,0.0,4.0,0.0,0.0,4.7524,0.0,-1.0,brak,21.0,1.0,0.0,0.0,0.0,164.0,PALUSZKI BESKDZKIE MISIAKI 180G AKSAM,5907029008923.0,brak,-1.0,1.0,PALUSZKI /przekąski,DF,0,IP,0.0,sprzedaz,0,paluszki beskdzkie misiaki 180g aksam,paluszki przekaski,0,false
36119,2026-01-25 00:00:00,-1,0.0,0.0,4.0,0.0,0.0,4.7524,0.0,-1.0,brak,21.0,1.0,0.0,0.0,0.0,164.0,PALUSZKI BESKDZKIE MISIAKI 180G AKSAM,5907029008923.0,brak,-1.0,1.0,PALUSZKI /przekąski,DF,0,IP,0.0,sprzedaz,0,paluszki beskdzkie misiaki 180g aksam,paluszki przekaski,0,false
36119,2026-01-26 00:00:00,-1,0.0,0.0,4.0,0.0,0.0,4.7524,0.0,-1.0,brak,21.0,1.0,0.0,0.0,0.0,164.0,PALUSZKI BESKDZKIE MISIAKI 180G AKSAM,5907029008923.0,brak,-1.0,1.0,PALUSZKI /przekąski,DF,0,IP,0.0,sprzedaz,0,paluszki beskdzkie misiaki 180g aksam,paluszki przekaski,0,false
36119,2026-01-27 00:00:00,-1,0.0,0.0,4.0,0.0,0.0,4.7524,0.0,-1.0,brak,21.0,1.0,0.0,0.0,0.0,164.0,PALUSZKI BESKDZKIE MISIAKI 180G AKSAM,5907029008923.0,brak,-1.0,1.0,PALUSZKI /przekąski,DF,0,IP,0.0,sprzedaz,0,paluszki beskdzkie misiaki 180g aksam,paluszki przekaski,0,false
36119,2026-01-28 00:00:00,2233804,1.0,1.0,4.0,1.0,0.0,4.7524,4.7524,170.0,DF/PAR/260128/7170/1,21.0,1.0,14.85,14.85,14.85,164.0,PALUSZKI BESKDZKIE MISIAKI 180G AKSAM,5907029008923.0,nan,-1.0,0.0,PALUSZKI /przekąski,DF,1,IP,-1.0,sprzedaz,0,paluszki beskdzkie misiaki 180g aksam,paluszki przekaski,0,false
36119,2026-01-28 00:00:00,2234327,5.0,5.0,4.0,1.0,0.0,4.7524,4.7524,690.0,DF/PAR/260128/7311/1,21.0,1.0,32.45,32.45,32.45,164.0,PALUSZKI BESKDZKIE MISIAKI 180G AKSAM,5907029008923.0,nan,-1.0,0.0,PALUSZKI /przekąski,DF,1,IP,-1.0,sprzedaz,0,paluszki beskdzkie misiaki 180g aksam,paluszki przekaski,0,false
36119,2026-01-29 00:00:00,-1,0.0,0.0,4.0,0.0,0.0,4.7524,0.0,-1.0,brak,21.0,1.0,0.0,0.0,0.0,164.0,PALUSZKI BESKDZKIE MISIAKI 180G AKSAM,5907029008923.0,brak,-1.0,1.0,PALUSZKI /przekąski,DF,0,IP,0.0,sprzedaz,0,paluszki beskdzkie misiaki 180g aksam,paluszki przekaski,0,false
36119,2026-01-30 00:00:00,-1,0.0,0.0,4.0,0.0,0.0,4.7524,0.0,-1.0,brak,21.0,1.0,0.0,0.0,0.0,164.0,PALUSZKI BESKDZKIE MISIAKI 180G AKSAM,5907029008923.0,brak,-1.0,1.0,PALUSZKI /przekąski,DF,0,IP,0.0,sprzedaz,0,paluszki beskdzkie misiaki 180g aksam,paluszki przekaski,0,false
36119,2026-01-31 00:00:00,2237252,1.0,1.0,4.0,1.0,0.0,4.7524,4.7524,540.0,DF/PAR/260131/8657/1,21.0,1.0,55.82,55.82,55.82,164.0,PALUSZKI BESKDZKIE MISIAKI 180G AKSAM,5907029008923.0,nan,-1.0,0.0,PALUSZKI /przekąski,DF,1,IP,-1.0,sprzedaz,0,paluszki beskdzkie misiaki 180g aksam,paluszki przekaski,0,false
38377,2025-11-22 00:00:00,2179107,3.0,3.0,4.0,1.0,0.0,2.8476,2.8476,872.0,DF/PAR/251122/8226/2,21.0,1.0,5.12,5.12,5.12,319.0,"PRZECENA GRAJE ŚMIETANKA ŁACIAT.KART1 0,5L",431.0,nan,-1.0,1.0,***PRZECENY,DF,1,IP,-1.0,sprzedaz,0,przecena graje smietanka laciat kart1 0 5l,przeceny,0,false
38377,2025-11-23 00:00:00,-1,0.0,0.0,4.0,0.0,0.0,2.8476,0.0,-1.0,brak,21.0,1.0,0.0,0.0,0.0,319.0,"PRZECENA GRAJE ŚMIETANKA ŁACIAT.KART1 0,5L",431.0,brak,-1.0,1.0,***PRZECENY,DF,0,IP,0.0,sprzedaz,0,przecena graje smietanka laciat kart1 0 5l,przeceny,0,false
38377,2025-11-24 00:00:00,2179457,1.0,1.0,4.0,1.0,0.0,2.8476,2.8476,238.0,DF/PAR/251124/8307/2,21.0,1.0,61.3,61.3,61.3,319.0,"PRZECENA GRAJE ŚMIETANKA ŁACIAT.KART1 0,5L",431.0,nan,-1.0,1.0,***PRZECENY,DF,1,IP,-1.0,sprzedaz,0,przecena graje smietanka laciat kart1 0 5l,przeceny,0,false
38377,2025-11-25 00:00:00,-1,0.0,0.0,4.0,0.0,0.0,2.8476,0.0,-1.0,brak,21.0,1.0,0.0,0.0,0.0,319.0,"PRZECENA GRAJE ŚMIETANKA ŁACIAT.KART1 0,5L",431.0,brak,-1.0,1.0,***PRZECENY,DF,0,IP,0.0,sprzedaz,0,przecena graje smietanka laciat kart1 0 5l,przeceny,0,false
38377,2025-11-26 00:00:00,-1,0.0,0.0,4.0,0.0,0.0,2.8476,0.0,-1.0,brak,21.0,1.0,0.0,0.0,0.0,319.0,"PRZECENA GRAJE ŚMIETANKA ŁACIAT.KART1 0,5L",431.0,brak,-1.0,1.0,***PRZECENY,DF,0,IP,0.0,sprzedaz,0,przecena graje smietanka laciat kart1 0 5l,przeceny,0,false
38377,2025-11-27 00:00:00,-1,0.0,0.0,4.0,0.0,0.0,2.8476,0.0,-1.0,brak,21.0,1.0,0.0,0.0,0.0,319.0,"PRZECENA GRAJE ŚMIETANKA ŁACIAT.KART1 0,5L",431.0,brak,-1.0,1.0,***PRZECENY,DF,0,IP,0.0,sprzedaz,0,przecena graje smietanka laciat kart1 0 5l,przeceny,0,false
38377,2025-11-28 00:00:00,-1,0.0,0.0,4.0,0.0,0.0,2.8476,0.0,-1.0,brak,21.0,1.0,0.0,0.0,0.0,319.0,"PRZECENA GRAJE ŚMIETANKA ŁACIAT.KART1 0,5L",431.0,brak,-1.0,1.0,***PRZECENY,DF,0,IP,0.0,sprzedaz,0,przecena graje smietanka laciat kart1 0 5l,przeceny,0,false
38377,2025-11-29 00:00:00,-1,0.0,0.0,4.0,0.0,0.0,2.8476,0.0,-1.0,brak,21.0,1.0,0.0,0.0,0.0,319.0,"PRZECENA GRAJE ŚMIETANKA ŁACIAT.KART1 0,5L",431.0,brak,-1.0,1.0,***PRZECENY,DF,0,IP,0.0,sprzedaz,0,przecena graje smietanka laciat kart1 0 5l,przeceny,0,false
38377,2025-11-30 00:00:00,-1,0.0,0.0,4.0,0.0,0.0,2.8476,0.0,-1.0,brak,21.0,1.0,0.0,0.0,0.0,319.0,"PRZECENA GRAJE ŚMIETANKA ŁACIAT.KART1 0,5L",431.0,brak,-1.0,1.0,***PRZECENY,DF,0,IP,0.0,sprzedaz,0,przecena graje smietanka laciat kart1 0 5l,przeceny,0,false
38377,2025-12-01 00:00:00,-1,0.0,0.0,4.0,0.0,0.0,2.8476,0.0,-1.0,brak,21.0,1.0,0.0,0.0,0.0,319.0,"PRZECENA GRAJE ŚMIETANKA ŁACIAT.KART1 0,5L",431.0,brak,-1.0,1.0,***PRZECENY,DF,0,IP,0.0,sprzedaz,0,przecena graje smietanka laciat kart1 0 5l,przeceny,0,false
38377,2025-12-02 00:00:00,-1,0.0,0.0,4.0,0.0,0.0,2.8476,0.0,-1.0,brak,21.0,1.0,0.0,0.0,0.0,319.0,"PRZECENA GRAJE ŚMIETANKA ŁACIAT.KART1 0,5L",431.0,brak,-1.0,1.0,***PRZECENY,DF,0,IP,0.0,sprzedaz,0,przecena graje smietanka laciat kart1 0 5l,przeceny,0,false
38377,2025-12-03 00:00:00,-1,0.0,0.0,4.0,0.0,0.0,2.8476,0.0,-1.0,brak,21.0,1.0,0.0,0.0,0.0,319.0,"PRZECENA GRAJE ŚMIETANKA ŁACIAT.KART1 0,5L",431.0,brak,-1.0,1.0,***PRZECENY,DF,0,IP,0.0,sprzedaz,0,przecena graje smietanka laciat kart1 0 5l,przeceny,0,false
38377,2025-12-04 00:00:00,-1,0.0,0.0,4.0,0.0,0.0,2.8476,0.0,-1.0,brak,21.0,1.0,0.0,0.0,0.0,319.0,"PRZECENA GRAJE ŚMIETANKA ŁACIAT.KART1 0,5L",431.0,brak,-1.0,1.0,***PRZECENY,DF,0,IP,0.0,sprzedaz,0,przecena graje smietanka laciat kart1 0 5l,przeceny,0,false
38377,2025-12-05 00:00:00,-1,0.0,0.0,4.0,0.0,0.0,2.8476,0.0,-1.0,brak,21.0,1.0,0.0,0.0,0.0,319.0,"PRZECENA GRAJE ŚMIETANKA ŁACIAT.KART1 0,5L",431.0,brak,-1.0,1.0,***PRZECENY,DF,0,IP,0.0,sprzedaz,0,przecena graje smietanka laciat kart1 0 5l,przeceny,0,false
38377,2025-12-06 00:00:00,-1,0.0,0.0,4.0,0.0,0.0,2.8476,0.0,-1.0,brak,21.0,1.0,0.0,0.0,0.0,319.0,"PRZECENA GRAJE ŚMIETANKA ŁACIAT.KART1 0,5L",431.0,brak,-1.0,1.0,***PRZECENY,DF,0,IP,0.0,sprzedaz,0,przecena graje smietanka laciat kart1 0 5l,przeceny,0,false
38377,2025-12-07 00:00:00,-1,0.0,0.0,4.0,0.0,0.0,2.8476,0.0,-1.0,brak,21.0,1.0,0.0,0.0,0.0,319.0,"PRZECENA GRAJE ŚMIETANKA ŁACIAT.KART1 0,5L",431.0,brak,-1.0,1.0,***PRZECENY,DF,0,IP,0.0,sprzedaz,0,przecena graje smietanka laciat kart1 0 5l,przeceny,0,false
38377,2025-12-08 00:00:00,-1,0.0,0.0,4.0,0.0,0.0,2.8476,0.0,-1.0,brak,21.0,1.0,0.0,0.0,0.0,319.0,"PRZECENA GRAJE ŚMIETANKA ŁACIAT.KART1 0,5L",431.0,brak,-1.0,1.0,***PRZECENY,DF,0,IP,0.0,sprzedaz,0,przecena graje smietanka laciat kart1 0 5l,przeceny,0,false
37993,2025-11-25 00:00:00,2180228,3.0,3.0,4.0,1.0,0.0,7.3089,7.3089,113.0,DF/PAR/251125/7154/1,21.0,1.0,21.68,21.68,21.68,223.0,CZEKOLADA NUSSBEISER Z MIGDAŁEM ALPEN GOLD 100G,7622210943514.0,nan,-1.0,1.0,CZEKOLADY,DF,1,IP,-1.0,sprzedaz,0,czekolada nussbeiser z migdalem alpen gold 100g,czekolady,0,false
37993,2025-11-26 00:00:00,-1,0.0,0.0,4.0,0.0,0.0,7.3089,0.0,-1.0,brak,21.0,1.0,0.0,0.0,0.0,223.0,CZEKOLADA NUSSBEISER Z MIGDAŁEM ALPEN GOLD 100G,7622210943514.0,brak,-1.0,1.0,CZEKOLADY,DF,0,IP,0.0,sprzedaz,0,czekolada nussbeiser z migdalem alpen gold 100g,czekolady,0,false
37993,2025-11-27 00:00:00,-1,0.0,0.0,4.0,0.0,0.0,7.3089,0.0,-1.0,brak,21.0,1.0,0.0,0.0,0.0,223.0,CZEKOLADA NUSSBEISER Z MIGDAŁEM ALPEN GOLD 100G,7622210943514.0,brak,-1.0,1.0,CZEKOLADY,DF,0,IP,0.0,sprzedaz,0,czekolada nussbeiser z migdalem alpen gold 100g,czekolady,0,false
37993,2025-11-28 00:00:00,-1,0.0,0.0,4.0,0.0,0.0,7.3089,0.0,-1.0,brak,21.0,1.0,0.0,0.0,0.0,223.0,CZEKOLADA NUSSBEISER Z MIGDAŁEM ALPEN GOLD 100G,7622210943514.0,brak,-1.0,1.0,CZEKOLADY,DF,0,IP,0.0,sprzedaz,0,czekolada nussbeiser z migdalem alpen gold 100g,czekolady,0,false
37993,2025-11-29 00:00:00,-1,0.0,0.0,4.0,0.0,0.0,7.3089,0.0,-1.0,brak,21.0,1.0,0.0,0.0,0.0,223.0,CZEKOLADA NUSSBEISER Z MIGDAŁEM ALPEN GOLD 100G,7622210943514.0,brak,-1.0,1.0,CZEKOLADY,DF,0,IP,0.0,sprzedaz,0,czekolada nussbeiser z migdalem alpen gold 100g,czekolady,0,false
37993,2025-11-30 00:00:00,-1,0.0,0.0,4.0,0.0,0.0,7.3089,0.0,-1.0,brak,21.0,1.0,0.0,0.0,0.0,223.0,CZEKOLADA NUSSBEISER Z MIGDAŁEM ALPEN GOLD 100G,7622210943514.0,brak,-1.0,1.0,CZEKOLADY,DF,0,IP,0.0,sprzedaz,0,czekolada nussbeiser z migdalem alpen gold 100g,czekolady,0,false
37993,2025-12-01 00:00:00,-1,0.0,0.0,4.0,0.0,0.0,7.3089,0.0,-1.0,brak,21.0,1.0,0.0,0.0,0.0,223.0,CZEKOLADA NUSSBEISER Z MIGDAŁEM ALPEN GOLD 100G,7622210943514.0,brak,-1.0,1.0,CZEKOLADY,DF,0,IP,0.0,sprzedaz,0,czekolada nussbeiser z migdalem alpen gold 100g,czekolady,0,false
37993,2025-12-02 00:00:00,-1,0.0,0.0,4.0,0.0,0.0,7.3089,0.0,-1.0,brak,21.0,1.0,0.0,0.0,0.0,223.0,CZEKOLADA NUSSBEISER Z MIGDAŁEM ALPEN GOLD 100G,7622210943514.0,brak,-1.0,1.0,CZEKOLADY,DF,0,IP,0.0,sprzedaz,0,czekolada nussbeiser z migdalem alpen gold 100g,czekolady,0,false
37993,2025-12-03 00:00:00,-1,0.0,0.0,4.0,0.0,0.0,7.3089,0.0,-1.0,brak,21.0,1.0,0.0,0.0,0.0,223.0,CZEKOLADA NUSSBEISER Z MIGDAŁEM ALPEN GOLD 100G,7622210943514.0,brak,-1.0,1.0,CZEKOLADY,DF,0,IP,0.0,sprzedaz,0,czekolada nussbeiser z migdalem alpen gold 100g,czekolady,0,false
37993,2025-12-04 00:00:00,-1,0.0,0.0,4.0,0.0,0.0,7.3089,0.0,-1.0,brak,21.0,1.0,0.0,0.0,0.0,223.0,CZEKOLADA NUSSBEISER Z MIGDAŁEM ALPEN GOLD 100G,7622210943514.0,brak,-1.0,1.0,CZEKOLADY,DF,0,IP,0.0,sprzedaz,0,czekolada nussbeiser z migdalem alpen gold 100g,czekolady,0,false
37993,2025-12-05 00:00:00,-1,0.0,0.0,4.0,0.0,0.0,7.3089,0.0,-1.0,brak,21.0,1.0,0.0,0.0,0.0,223.0,CZEKOLADA NUSSBEISER Z MIGDAŁEM ALPEN GOLD 100G,7622210943514.0,brak,-1.0,1.0,CZEKOLADY,DF,0,IP,0.0,sprzedaz,0,czekolada nussbeiser z migdalem alpen gold 100g,czekolady,0,false
37993,2025-12-06 00:00:00,-1,0.0,0.0,4.0,0.0,0.0,7.3089,0.0,-1.0,brak,21.0,1.0,0.0,0.0,0.0,223.0,CZEKOLADA NUSSBEISER Z MIGDAŁEM ALPEN GOLD 100G,7622210943514.0,brak,-1.0,1.0,CZEKOLADY,DF,0,IP,0.0,sprzedaz,0,czekolada nussbeiser z migdalem alpen gold 100g,czekolady,0,false
37993,2025-12-07 00:00:00,-1,0.0,0.0,4.0,0.0,0.0,7.3089,0.0,-1.0,brak,21.0,1.0,0.0,0.0,0.0,223.0,CZEKOLADA NUSSBEISER Z MIGDAŁEM ALPEN GOLD 100G,7622210943514.0,brak,-1.0,1.0,CZEKOLADY,DF,0,IP,0.0,sprzedaz,0,czekolada nussbeiser z migdalem alpen gold 100g,czekolady,0,false
37993,2025-12-08 00:00:00,-1,0.0,0.0,4.0,0.0,0.0,7.3089,0.0,-1.0,brak,21.0,1.0,0.0,0.0,0.0,223.0,CZEKOLADA NUSSBEISER Z MIGDAŁEM ALPEN GOLD 100G,7622210943514.0,brak,-1.0,1.0,CZEKOLADY,DF,0,IP,0.0,sprzedaz,0,czekolada nussbeiser z migdalem alpen gold 100g,czekolady,0,false
37993,2025-12-09 00:00:00,-1,0.0,0.0,4.0,0.0,0.0,7.3089,0.0,-1.0,brak,21.0,1.0,0.0,0.0,0.0,223.0,CZEKOLADA NUSSBEISER Z MIGDAŁEM ALPEN GOLD 100G,7622210943514.0,brak,-1.0,1.0,CZEKOLADY,DF,0,IP,0.0,sprzedaz,0,czekolada nussbeiser z migdalem alpen gold 100g,czekolady,0,false
55168,2025-11-26 00:00:00,2181942,1.0,1.0,4.0,1.0,0.0,9.5143,9.5143,880.0,DF/PAR/251126/9697/2,21.0,1.0,25.97,25.97,25.97,218.0,CIASTO PIERNIKOWE 400G DAN CAKE,5900864765723.0,nan,-1.0,1.0,CIASTA GOTOWE,DF,1,IP,-1.0,sprzedaz,0,ciasto piernikowe 400g dan cake,ciasta gotowe,0,false
55168,2025-11-27 00:00:00,-1,0.0,0.0,4.0,0.0,0.0,9.5143,0.0,-1.0,brak,21.0,1.0,0.0,0.0,0.0,218.0,CIASTO PIERNIKOWE 400G DAN CAKE,5900864765723.0,brak,-1.0,1.0,CIASTA GOTOWE,DF,0,IP,0.0,sprzedaz,0,ciasto piernikowe 400g dan cake,ciasta gotowe,0,false
55168,2025-11-28 00:00:00,-1,0.0,0.0,4.0,0.0,0.0,9.5143,0.0,-1.0,brak,21.0,1.0,0.0,0.0,0.0,218.0,CIASTO PIERNIKOWE 400G DAN CAKE,5900864765723.0,brak,-1.0,1.0,CIASTA GOTOWE,DF,0,IP,0.0,sprzedaz,0,ciasto piernikowe 400g dan cake,ciasta gotowe,0,false
55168,2025-11-29 00:00:00,-1,0.0,0.0,4.0,0.0,0.0,9.5143,0.0,-1.0,brak,21.0,1.0,0.0,0.0,0.0,218.0,CIASTO PIERNIKOWE 400G DAN CAKE,5900864765723.0,brak,-1.0,1.0,CIASTA GOTOWE,DF,0,IP,0.0,sprzedaz,0,ciasto piernikowe 400g dan cake,ciasta gotowe,0,false
55168,2025-11-30 00:00:00,-1,0.0,0.0,4.0,0.0,0.0,9.5143,0.0,-1.0,brak,21.0,1.0,0.0,0.0,0.0,218.0,CIASTO PIERNIKOWE 400G DAN CAKE,5900864765723.0,brak,-1.0,1.0,CIASTA GOTOWE,DF,0,IP,0.0,sprzedaz,0,ciasto piernikowe 400g dan cake,ciasta gotowe,0,false
55168,2025-12-01 00:00:00,-1,0.0,0.0,4.0,0.0,0.0,9.5143,0.0,-1.0,brak,21.0,1.0,0.0,0.0,0.0,218.0,CIASTO PIERNIKOWE 400G DAN CAKE,5900864765723.0,brak,-1.0,1.0,CIASTA GOTOWE,DF,0,IP,0.0,sprzedaz,0,ciasto piernikowe 400g dan cake,ciasta gotowe,0,false
55168,2025-12-02 00:00:00,-1,0.0,0.0,4.0,0.0,0.0,9.5143,0.0,-1.0,brak,21.0,1.0,0.0,0.0,0.0,218.0,CIASTO PIERNIKOWE 400G DAN CAKE,5900864765723.0,brak,-1.0,1.0,CIASTA GOTOWE,DF,0,IP,0.0,sprzedaz,0,ciasto piernikowe 400g dan cake,ciasta gotowe,0,false
55168,2025-12-03 00:00:00,-1,0.0,0.0,4.0,0.0,0.0,9.5143,0.0,-1.0,brak,21.0,1.0,0.0,0.0,0.0,218.0,CIASTO PIERNIKOWE 400G DAN CAKE,5900864765723.0,brak,-1.0,1.0,CIASTA GOTOWE,DF,0,IP,0.0,sprzedaz,0,ciasto piernikowe 400g dan cake,ciasta gotowe,0,false
55168,2025-12-04 00:00:00,-1,0.0,0.0,4.0,0.0,0.0,9.5143,0.0,-1.0,brak,21.0,1.0,0.0,0.0,0.0,218.0,CIASTO PIERNIKOWE 400G DAN CAKE,5900864765723.0,brak,-1.0,1.0,CIASTA GOTOWE,DF,0,IP,0.0,sprzedaz,0,ciasto piernikowe 400g dan cake,ciasta gotowe,0,false
55168,2025-12-05 00:00:00,2189387,4.0,4.0,4.0,1.0,0.0,9.5143,9.5143,450.0,DF/PAR/251205/2991/2,21.0,1.0,67.34,67.34,67.34,218.0,CIASTO PIERNIKOWE 400G DAN CAKE,5900864765723.0,nan,-1.0,1.0,CIASTA GOTOWE,DF,1,IP,-1.0,sprzedaz,0,ciasto piernikowe 400g dan cake,ciasta gotowe,0,false
55168,2025-12-06 00:00:00,-1,0.0,0.0,4.0,0.0,0.0,9.5143,0.0,-1.0,brak,21.0,1.0,0.0,0.0,0.0,218.0,CIASTO PIERNIKOWE 400G DAN CAKE,5900864765723.0,brak,-1.0,1.0,CIASTA GOTOWE,DF,0,IP,0.0,sprzedaz,0,ciasto piernikowe 400g dan cake,ciasta gotowe,0,false
55168,2025-12-07 00:00:00,-1,0.0,0.0,4.0,0.0,0.0,9.5143,0.0,-1.0,brak,21.0,1.0,0.0,0.0,0.0,218.0,CIASTO PIERNIKOWE 400G DAN CAKE,5900864765723.0,brak,-1.0,1.0,CIASTA GOTOWE,DF,0,IP,0.0,sprzedaz,0,ciasto piernikowe 400g dan cake,ciasta gotowe,0,false
55168,2025-12-08 00:00:00,-1,0.0,0.0,4.0,0.0,0.0,9.5143,0.0,-1.0,brak,21.0,1.0,0.0,0.0,0.0,218.0,CIASTO PIERNIKOWE 400G DAN CAKE,5900864765723.0,brak,-1.0,1.0,CIASTA GOTOWE,DF,0,IP,0.0,sprzedaz,0,ciasto piernikowe 400g dan cake,ciasta gotowe,0,false
55168,2025-12-09 00:00:00,-1,0.0,0.0,4.0,0.0,0.0,9.5143,0.0,-1.0,brak,21.0,1.0,0.0,0.0,0.0,218.0,CIASTO PIERNIKOWE 400G DAN CAKE,5900864765723.0,brak,-1.0,1.0,CIASTA GOTOWE,DF,0,IP,0.0,sprzedaz,0,ciasto piernikowe 400g dan cake,ciasta gotowe,0,false
55168,2025-12-10 00:00:00,-1,0.0,0.0,4.0,0.0,0.0,9.5143,0.0,-1.0,brak,21.0,1.0,0.0,0.0,0.0,218.0,CIASTO PIERNIKOWE 400G DAN CAKE,5900864765723.0,brak,-1.0,1.0,CIASTA GOTOWE,DF,0,IP,0.0,sprzedaz,0,ciasto piernikowe 400g dan cake,ciasta gotowe,0,false
55168,2025-12-11 00:00:00,-1,0.0,0.0,4.0,0.0,0.0,9.5143,0.0,-1.0,brak,21.0,1.0,0.0,0.0,0.0,218.0,CIASTO PIERNIKOWE 400G DAN CAKE,5900864765723.0,brak,-1.0,1.0,CIASTA GOTOWE,DF,0,IP,0.0,sprzedaz,0,ciasto piernikowe 400g dan cake,ciasta gotowe,0,false
55168,2025-12-12 00:00:00,2195943,1.0,1.0,4.0,1.0,0.0,9.5143,9.5143,596.0,DF/PAR/251212/7299/2,21.0,1.0,9.99,9.99,9.99,218.0,CIASTO PIERNIKOWE 400G DAN CAKE,5900864765723.0,nan,-1.0,1.0,CIASTA GOTOWE,DF,1,IP,-1.0,sprzedaz,0,ciasto piernikowe 400g dan cake,ciasta gotowe,0,false
55168,2025-12-13 00:00:00,-1,0.0,0.0,4.0,0.0,0.0,9.5143,0.0,-1.0,brak,21.0,1.0,0.0,0.0,0.0,218.0,CIASTO PIERNIKOWE 400G DAN CAKE,5900864765723.0,brak,-1.0,1.0,CIASTA GOTOWE,DF,0,IP,0.0,sprzedaz,0,ciasto piernikowe 400g dan cake,ciasta gotowe,0,false
55168,2025-12-14 00:00:00,-1,0.0,0.0,4.0,0.0,0.0,9.5143,0.0,-1.0,brak,21.0,1.0,0.0,0.0,0.0,218.0,CIASTO PIERNIKOWE 400G DAN CAKE,5900864765723.0,brak,-1.0,1.0,CIASTA GOTOWE,DF,0,IP,0.0,sprzedaz,0,ciasto piernikowe 400g dan cake,ciasta gotowe,0,false
55168,2025-12-15 00:00:00,-1,0.0,0.0,4.0,0.0,0.0,9.5143,0.0,-1.0,brak,21.0,1.0,0.0,0.0,0.0,218.0,CIASTO PIERNIKOWE 400G DAN CAKE,5900864765723.0,brak,-1.0,1.0,CIASTA GOTOWE,DF,0,IP,0.0,sprzedaz,0,ciasto piernikowe 400g dan cake,ciasta gotowe,0,false
55168,2025-12-16 00:00:00,-1,0.0,0.0,4.0,0.0,0.0,9.5143,0.0,-1.0,brak,21.0,1.0,0.0,0.0,0.0,218.0,CIASTO PIERNIKOWE 400G DAN CAKE,5900864765723.0,brak,-1.0,1.0,CIASTA GOTOWE,DF,0,IP,0.0,sprzedaz,0,ciasto piernikowe 400g dan cake,ciasta gotowe,0,false
55168,2025-12-17 00:00:00,-1,0.0,0.0,4.0,0.0,0.0,9.5143,0.0,-1.0,brak,21.0,1.0,0.0,0.0,0.0,218.0,CIASTO PIERNIKOWE 400G DAN CAKE,5900864765723.0,brak,-1.0,1.0,CIASTA GOTOWE,DF,0,IP,0.0,sprzedaz,0,ciasto piernikowe 400g dan cake,ciasta gotowe,0,false
55168,2025-12-18 00:00:00,-1,0.0,0.0,4.0,0.0,0.0,9.5143,0.0,-1.0,brak,21.0,1.0,0.0,0.0,0.0,218.0,CIASTO PIERNIKOWE 400G DAN CAKE,5900864765723.0,brak,-1.0,1.0,CIASTA GOTOWE,DF,0,IP,0.0,sprzedaz,0,ciasto piernikowe 400g dan cake,ciasta gotowe,0,false
55168,2025-12-19 00:00:00,-1,0.0,0.0,4.0,0.0,0.0,9.5143,0.0,-1.0,brak,21.0,1.0,0.0,0.0,0.0,218.0,CIASTO PIERNIKOWE 400G DAN CAKE,5900864765723.0,brak,-1.0,1.0,CIASTA GOTOWE,DF,0,IP,0.0,sprzedaz,0,ciasto piernikowe 400g dan cake,ciasta gotowe,0,false
55168,2025-12-20 00:00:00,-1,0.0,0.0,4.0,0.0,0.0,9.5143,0.0,-1.0,brak,21.0,1.0,0.0,0.0,0.0,218.0,CIASTO PIERNIKOWE 400G DAN CAKE,5900864765723.0,brak,-1.0,1.0,CIASTA GOTOWE,DF,0,IP,0.0,sprzedaz,0,ciasto piernikowe 400g dan cake,ciasta gotowe,0,false
55168,2025-12-21 00:00:00,-1,0.0,0.0,4.0,0.0,0.0,9.5143,0.0,-1.0,brak,21.0,1.0,0.0,0.0,0.0,218.0,CIASTO PIERNIKOWE 400G DAN CAKE,5900864765723.0,brak,-1.0,1.0,CIASTA GOTOWE,DF,0,IP,0.0,sprzedaz,0,ciasto piernikowe 400g dan cake,ciasta gotowe,0,false
55168,2025-12-22 00:00:00,-1,0.0,0.0,4.0,0.0,0.0,9.5143,0.0,-1.0,brak,21.0,1.0,0.0,0.0,0.0,218.0,CIASTO PIERNIKOWE 400G DAN CAKE,5900864765723.0,brak,-1.0,1.0,CIASTA GOTOWE,DF,0,IP,0.0,sprzedaz,0,ciasto piernikowe 400g dan cake,ciasta gotowe,0,false
55168,2025-12-23 00:00:00,2206986,3.0,3.0,4.0,1.0,0.0,9.5143,9.5143,650.0,DF/PAR/251223/4642/1,21.0,1.0,44.24,44.24,44.24,218.0,CIASTO PIERNIKOWE 400G DAN CAKE,5900864765723.0,nan,-1.0,1.0,CIASTA GOTOWE,DF,1,IP,-1.0,sprzedaz,0,ciasto piernikowe 400g dan cake,ciasta gotowe,0,false
55168,2025-12-24 00:00:00,-1,0.0,0.0,4.0,0.0,0.0,9.5143,0.0,-1.0,brak,21.0,1.0,0.0,0.0,0.0,218.0,CIASTO PIERNIKOWE 400G DAN CAKE,5900864765723.0,brak,-1.0,1.0,CIASTA GOTOWE,DF,0,IP,0.0,sprzedaz,0,ciasto piernikowe 400g dan cake,ciasta gotowe,0,false
55168,2025-12-25 00:00:00,-1,0.0,0.0,4.0,0.0,0.0,9.5143,0.0,-1.0,brak,21.0,1.0,0.0,0.0,0.0,218.0,CIASTO PIERNIKOWE 400G DAN CAKE,5900864765723.0,brak,-1.0,1.0,CIASTA GOTOWE,DF,0,IP,0.0,sprzedaz,0,ciasto piernikowe 400g dan cake,ciasta gotowe,0,false
55168,2025-12-26 00:00:00,-1,0.0,0.0,4.0,0.0,0.0,9.5143,0.0,-1.0,brak,21.0,1.0,0.0,0.0,0.0,218.0,CIASTO PIERNIKOWE 400G DAN CAKE,5900864765723.0,brak,-1.0,1.0,CIASTA GOTOWE,DF,0,IP,0.0,sprzedaz,0,ciasto piernikowe 400g dan cake,ciasta gotowe,0,false
55168,2025-12-27 00:00:00,-1,0.0,0.0,4.0,0.0,0.0,9.5143,0.0,-1.0,brak,21.0,1.0,0.0,0.0,0.0,218.0,CIASTO PIERNIKOWE 400G DAN CAKE,5900864765723.0,brak,-1.0,1.0,CIASTA GOTOWE,DF,0,IP,0.0,sprzedaz,0,ciasto piernikowe 400g dan cake,ciasta gotowe,0,false
55168,2025-12-28 00:00:00,-1,0.0,0.0,4.0,0.0,0.0,9.5143,0.0,-1.0,brak,21.0,1.0,0.0,0.0,0.0,218.0,CIASTO PIERNIKOWE 400G DAN CAKE,5900864765723.0,brak,-1.0,1.0,CIASTA GOTOWE,DF,0,IP,0.0,sprzedaz,0,ciasto piernikowe 400g dan cake,ciasta gotowe,0,false
55168,2025-12-29 00:00:00,-1,0.0,0.0,4.0,0.0,0.0,9.5143,0.0,-1.0,brak,21.0,1.0,0.0,0.0,0.0,218.0,CIASTO PIERNIKOWE 400G DAN CAKE,5900864765723.0,brak,-1.0,1.0,CIASTA GOTOWE,DF,0,IP,0.0,sprzedaz,0,ciasto piernikowe 400g dan cake,ciasta gotowe,0,false
55168,2025-12-30 00:00:00,-1,0.0,0.0,4.0,0.0,0.0,9.5143,0.0,-1.0,brak,21.0,1.0,0.0,0.0,0.0,218.0,CIASTO PIERNIKOWE 400G DAN CAKE,5900864765723.0,brak,-1.0,1.0,CIASTA GOTOWE,DF,0,IP,0.0,sprzedaz,0,ciasto piernikowe 400g dan cake,ciasta gotowe,0,false
55168,2025-12-31 00:00:00,-1,0.0,0.0,4.0,0.0,0.0,9.5143,0.0,-1.0,brak,21.0,1.0,0.0,0.0,0.0,218.0,CIASTO PIERNIKOWE 400G DAN CAKE,5900864765723.0,brak,-1.0,1.0,CIASTA GOTOWE,DF,0,IP,0.0,sprzedaz,0,ciasto piernikowe 400g dan cake,ciasta gotowe,0,false
55168,2026-01-01 00:00:00,-1,0.0,0.0,4.0,0.0,0.0,9.5143,0.0,-1.0,brak,21.0,1.0,0.0,0.0,0.0,218.0,CIASTO PIERNIKOWE 400G DAN CAKE,5900864765723.0,brak,-1.0,1.0,CIASTA GOTOWE,DF,0,IP,0.0,sprzedaz,0,ciasto piernikowe 400g dan cake,ciasta gotowe,0,false
55168,2026-01-02 00:00:00,-1,0.0,0.0,4.0,0.0,0.0,9.5143,0.0,-1.0,brak,21.0,1.0,0.0,0.0,0.0,218.0,CIASTO PIERNIKOWE 400G DAN CAKE,5900864765723.0,brak,-1.0,1.0,CIASTA GOTOWE,DF,0,IP,0.0,sprzedaz,0,ciasto piernikowe 400g dan cake,ciasta gotowe,0,false
55168,2026-01-03 00:00:00,-1,0.0,0.0,4.0,0.0,0.0,9.5143,0.0,-1.0,brak,21.0,1.0,0.0,0.0,0.0,218.0,CIASTO PIERNIKOWE 400G DAN CAKE,5900864765723.0,brak,-1.0,1.0,CIASTA GOTOWE,DF,0,IP,0.0,sprzedaz,0,ciasto piernikowe 400g dan cake,ciasta gotowe,0,false
55168,2026-01-04 00:00:00,-1,0.0,0.0,4.0,0.0,0.0,9.5143,0.0,-1.0,brak,21.0,1.0,0.0,0.0,0.0,218.0,CIASTO PIERNIKOWE 400G DAN CAKE,5900864765723.0,brak,-1.0,1.0,CIASTA GOTOWE,DF,0,IP,0.0,sprzedaz,0,ciasto piernikowe 400g dan cake,ciasta gotowe,0,false
55168,2026-01-05 00:00:00,-1,0.0,0.0,4.0,0.0,0.0,9.5143,0.0,-1.0,brak,21.0,1.0,0.0,0.0,0.0,218.0,CIASTO PIERNIKOWE 400G DAN CAKE,5900864765723.0,brak,-1.0,1.0,CIASTA GOTOWE,DF,0,IP,0.0,sprzedaz,0,ciasto piernikowe 400g dan cake,ciasta gotowe,0,false
55168,2026-01-06 00:00:00,-1,0.0,0.0,4.0,0.0,0.0,9.5143,0.0,-1.0,brak,21.0,1.0,0.0,0.0,0.0,218.0,CIASTO PIERNIKOWE 400G DAN CAKE,5900864765723.0,brak,-1.0,1.0,CIASTA GOTOWE,DF,0,IP,0.0,sprzedaz,0,ciasto piernikowe 400g dan cake,ciasta gotowe,0,false
81143,2025-11-27 00:00:00,2182249,1.0,1.0,4.0,1.0,0.0,62.5935,62.5935,252.0,DF/PAR/251127/9914/2,21.0,1.0,76.99,76.99,76.99,8.0,"SPIRYTUS GDAŃSKI 95% 0,5L",5900595001176.0,nan,-1.0,1.0,3 WÓDKI I NAP.ALK POWYŻEJ 18%,DF,1,IP,-1.0,sprzedaz,0,spirytus gdanski 95 0 5l,3 wodki i nap alk powyzej 18,0,false
81143,2025-11-28 00:00:00,-1,0.0,0.0,4.0,0.0,0.0,62.5935,0.0,-1.0,brak,21.0,1.0,0.0,0.0,0.0,8.0,"SPIRYTUS GDAŃSKI 95% 0,5L",5900595001176.0,brak,-1.0,1.0,3 WÓDKI I NAP.ALK POWYŻEJ 18%,DF,0,IP,0.0,sprzedaz,0,spirytus gdanski 95 0 5l,3 wodki i nap alk powyzej 18,0,false
81143,2025-11-29 00:00:00,-1,0.0,0.0,4.0,0.0,0.0,62.5935,0.0,-1.0,brak,21.0,1.0,0.0,0.0,0.0,8.0,"SPIRYTUS GDAŃSKI 95% 0,5L",5900595001176.0,brak,-1.0,1.0,3 WÓDKI I NAP.ALK POWYŻEJ 18%,DF,0,IP,0.0,sprzedaz,0,spirytus gdanski 95 0 5l,3 wodki i nap alk powyzej 18,0,false
81143,2025-11-30 00:00:00,-1,0.0,0.0,4.0,0.0,0.0,62.5935,0.0,-1.0,brak,21.0,1.0,0.0,0.0,0.0,8.0,"SPIRYTUS GDAŃSKI 95% 0,5L",5900595001176.0,brak,-1.0,1.0,3 WÓDKI I NAP.ALK POWYŻEJ 18%,DF,0,IP,0.0,sprzedaz,0,spirytus gdanski 95 0 5l,3 wodki i nap alk powyzej 18,0,false
81143,2025-12-01 00:00:00,-1,0.0,0.0,4.0,0.0,0.0,62.5935,0.0,-1.0,brak,21.0,1.0,0.0,0.0,0.0,8.0,"SPIRYTUS GDAŃSKI 95% 0,5L",5900595001176.0,brak,-1.0,1.0,3 WÓDKI I NAP.ALK POWYŻEJ 18%,DF,0,IP,0.0,sprzedaz,0,spirytus gdanski 95 0 5l,3 wodki i nap alk powyzej 18,0,false
81143,2025-12-02 00:00:00,-1,0.0,0.0,4.0,0.0,0.0,62.5935,0.0,-1.0,brak,21.0,1.0,0.0,0.0,0.0,8.0,"SPIRYTUS GDAŃSKI 95% 0,5L",5900595001176.0,brak,-1.0,1.0,3 WÓDKI I NAP.ALK POWYŻEJ 18%,DF,0,IP,0.0,sprzedaz,0,spirytus gdanski 95 0 5l,3 wodki i nap alk powyzej 18,0,false
81143,2025-12-03 00:00:00,-1,0.0,0.0,4.0,0.0,0.0,62.5935,0.0,-1.0,brak,21.0,1.0,0.0,0.0,0.0,8.0,"SPIRYTUS GDAŃSKI 95% 0,5L",5900595001176.0,brak,-1.0,1.0,3 WÓDKI I NAP.ALK POWYŻEJ 18%,DF,0,IP,0.0,sprzedaz,0,spirytus gdanski 95 0 5l,3 wodki i nap alk powyzej 18,0,false
81143,2025-12-04 00:00:00,-1,0.0,0.0,4.0,0.0,0.0,62.5935,0.0,-1.0,brak,21.0,1.0,0.0,0.0,0.0,8.0,"SPIRYTUS GDAŃSKI 95% 0,5L",5900595001176.0,brak,-1.0,1.0,3 WÓDKI I NAP.ALK POWYŻEJ 18%,DF,0,IP,0.0,sprzedaz,0,spirytus gdanski 95 0 5l,3 wodki i nap alk powyzej 18,0,false
81143,2025-12-05 00:00:00,-1,0.0,0.0,4.0,0.0,0.0,62.5935,0.0,-1.0,brak,21.0,1.0,0.0,0.0,0.0,8.0,"SPIRYTUS GDAŃSKI 95% 0,5L",5900595001176.0,brak,-1.0,1.0,3 WÓDKI I NAP.ALK POWYŻEJ 18%,DF,0,IP,0.0,sprzedaz,0,spirytus gdanski 95 0 5l,3 wodki i nap alk powyzej 18,0,false
81143,2025-12-06 00:00:00,-1,0.0,0.0,4.0,0.0,0.0,62.5935,0.0,-1.0,brak,21.0,1.0,0.0,0.0,0.0,8.0,"SPIRYTUS GDAŃSKI 95% 0,5L",5900595001176.0,brak,-1.0,1.0,3 WÓDKI I NAP.ALK POWYŻEJ 18%,DF,0,IP,0.0,sprzedaz,0,spirytus gdanski 95 0 5l,3 wodki i nap alk powyzej 18,0,false
81143,2025-12-07 00:00:00,-1,0.0,0.0,4.0,0.0,0.0,62.5935,0.0,-1.0,brak,21.0,1.0,0.0,0.0,0.0,8.0,"SPIRYTUS GDAŃSKI 95% 0,5L",5900595001176.0,brak,-1.0,1.0,3 WÓDKI I NAP.ALK POWYŻEJ 18%,DF,0,IP,0.0,sprzedaz,0,spirytus gdanski 95 0 5l,3 wodki i nap alk powyzej 18,0,false
81143,2025-12-08 00:00:00,-1,0.0,0.0,4.0,0.0,0.0,62.5935,0.0,-1.0,brak,21.0,1.0,0.0,0.0,0.0,8.0,"SPIRYTUS GDAŃSKI 95% 0,5L",5900595001176.0,brak,-1.0,1.0,3 WÓDKI I NAP.ALK POWYŻEJ 18%,DF,0,IP,0.0,sprzedaz,0,spirytus gdanski 95 0 5l,3 wodki i nap alk powyzej 18,0,false
81143,2025-12-09 00:00:00,-1,0.0,0.0,4.0,0.0,0.0,62.5935,0.0,-1.0,brak,21.0,1.0,0.0,0.0,0.0,8.0,"SPIRYTUS GDAŃSKI 95% 0,5L",5900595001176.0,brak,-1.0,1.0,3 WÓDKI I NAP.ALK POWYŻEJ 18%,DF,0,IP,0.0,sprzedaz,0,spirytus gdanski 95 0 5l,3 wodki i nap alk powyzej 18,0,false
81143,2025-12-10 00:00:00,-1,0.0,0.0,4.0,0.0,0.0,62.5935,0.0,-1.0,brak,21.0,1.0,0.0,0.0,0.0,8.0,"SPIRYTUS GDAŃSKI 95% 0,5L",5900595001176.0,brak,-1.0,1.0,3 WÓDKI I NAP.ALK POWYŻEJ 18%,DF,0,IP,0.0,sprzedaz,0,spirytus gdanski 95 0 5l,3 wodki i nap alk powyzej 18,0,false
81143,2025-12-11 00:00:00,-1,0.0,0.0,4.0,0.0,0.0,62.5935,0.0,-1.0,brak,21.0,1.0,0.0,0.0,0.0,8.0,"SPIRYTUS GDAŃSKI 95% 0,5L",5900595001176.0,brak,-1.0,1.0,3 WÓDKI I NAP.ALK POWYŻEJ 18%,DF,0,IP,0.0,sprzedaz,0,spirytus gdanski 95 0 5l,3 wodki i nap alk powyzej 18,0,false
6331,2025-11-28 00:00:00,2183945,4.0,4.0,4.0,1.0,0.0,3.5143,3.5143,1009.0,DF/PAR/251128/10977/2,21.0,1.0,72.5,72.5,72.5,95.0,SEREK WIEJSKI Z BRZOSKWINIĄ 150G PIĄTNICA,5900531000935.0,NABIAL,357.0,1.0,TWAROGI /nabiał,DF,1,IP,-1.0,sprzedaz,0,serek wiejski z brzoskwinia 150g piatnica,twarogi nabial,0,false
6331,2025-11-29 00:00:00,2184140,5.0,5.0,4.0,1.0,0.0,3.5143,3.5143,128.0,DF/PAR/251129/11095/2,21.0,1.0,36.51,36.51,36.51,95.0,SEREK WIEJSKI Z BRZOSKWINIĄ 150G PIĄTNICA,5900531000935.0,NABIAL,357.0,1.0,TWAROGI /nabiał,DF,1,IP,-1.0,sprzedaz,0,serek wiejski z brzoskwinia 150g piatnica,twarogi nabial,0,false
6331,2025-11-30 00:00:00,-1,0.0,0.0,4.0,0.0,0.0,3.5143,0.0,-1.0,brak,21.0,1.0,0.0,0.0,0.0,95.0,SEREK WIEJSKI Z BRZOSKWINIĄ 150G PIĄTNICA,5900531000935.0,brak,357.0,1.0,TWAROGI /nabiał,DF,0,IP,0.0,sprzedaz,0,serek wiejski z brzoskwinia 150g piatnica,twarogi nabial,0,false
6331,2025-12-01 00:00:00,-1,0.0,0.0,4.0,0.0,0.0,3.5143,0.0,-1.0,brak,21.0,1.0,0.0,0.0,0.0,95.0,SEREK WIEJSKI Z BRZOSKWINIĄ 150G PIĄTNICA,5900531000935.0,brak,357.0,1.0,TWAROGI /nabiał,DF,0,IP,0.0,sprzedaz,0,serek wiejski z brzoskwinia 150g piatnica,twarogi nabial,0,false
6331,2025-12-02 00:00:00,-1,0.0,0.0,4.0,0.0,0.0,3.5143,0.0,-1.0,brak,21.0,1.0,0.0,0.0,0.0,95.0,SEREK WIEJSKI Z BRZOSKWINIĄ 150G PIĄTNICA,5900531000935.0,brak,357.0,1.0,TWAROGI /nabiał,DF,0,IP,0.0,sprzedaz,0,serek wiejski z brzoskwinia 150g piatnica,twarogi nabial,0,false
6331,2025-12-03 00:00:00,-1,0.0,0.0,4.0,0.0,0.0,3.5143,0.0,-1.0,brak,21.0,1.0,0.0,0.0,0.0,95.0,SEREK WIEJSKI Z BRZOSKWINIĄ 150G PIĄTNICA,5900531000935.0,brak,357.0,1.0,TWAROGI /nabiał,DF,0,IP,0.0,sprzedaz,0,serek wiejski z brzoskwinia 150g piatnica,twarogi nabial,0,false
6331,2025-12-04 00:00:00,-1,0.0,0.0,4.0,0.0,0.0,3.5143,0.0,-1.0,brak,21.0,1.0,0.0,0.0,0.0,95.0,SEREK WIEJSKI Z BRZOSKWINIĄ 150G PIĄTNICA,5900531000935.0,brak,357.0,1.0,TWAROGI /nabiał,DF,0,IP,0.0,sprzedaz,0,serek wiejski z brzoskwinia 150g piatnica,twarogi nabial,0,false
6331,2025-12-05 00:00:00,-1,0.0,0.0,4.0,0.0,0.0,3.5143,0.0,-1.0,brak,21.0,1.0,0.0,0.0,0.0,95.0,SEREK WIEJSKI Z BRZOSKWINIĄ 150G PIĄTNICA,5900531000935.0,brak,357.0,1.0,TWAROGI /nabiał,DF,0,IP,0.0,sprzedaz,0,serek wiejski z brzoskwinia 150g piatnica,twarogi nabial,0,false
6331,2025-12-06 00:00:00,-1,0.0,0.0,4.0,0.0,0.0,3.5143,0.0,-1.0,brak,21.0,1.0,0.0,0.0,0.0,95.0,SEREK WIEJSKI Z BRZOSKWINIĄ 150G PIĄTNICA,5900531000935.0,brak,357.0,1.0,TWAROGI /nabiał,DF,0,IP,0.0,sprzedaz,0,serek wiejski z brzoskwinia 150g piatnica,twarogi nabial,0,false
6331,2025-12-07 00:00:00,-1,0.0,0.0,4.0,0.0,0.0,3.5143,0.0,-1.0,brak,21.0,1.0,0.0,0.0,0.0,95.0,SEREK WIEJSKI Z BRZOSKWINIĄ 150G PIĄTNICA,5900531000935.0,brak,357.0,1.0,TWAROGI /nabiał,DF,0,IP,0.0,sprzedaz,0,serek wiejski z brzoskwinia 150g piatnica,twarogi nabial,0,false
6331,2025-12-08 00:00:00,2191221,4.0,4.0,4.0,1.0,0.0,3.5143,3.5143,15.0,DF/PAR/251208/4185/2,21.0,1.0,15.48,15.48,15.48,95.0,SEREK WIEJSKI Z BRZOSKWINIĄ 150G PIĄTNICA,5900531000935.0,NABIAL,357.0,1.0,TWAROGI /nabiał,DF,1,IP,-1.0,sprzedaz,0,serek wiejski z brzoskwinia 150g piatnica,twarogi nabial,0,false
6331,2025-12-08 00:00:00,2191704,6.0,6.0,4.0,1.0,0.0,3.5143,3.5143,500.0,DF/PAR/251208/4512/2,21.0,1.0,28.03,28.03,28.03,95.0,SEREK WIEJSKI Z BRZOSKWINIĄ 150G PIĄTNICA,5900531000935.0,NABIAL,357.0,1.0,TWAROGI /nabiał,DF,1,IP,-1.0,sprzedaz,0,serek wiejski z brzoskwinia 150g piatnica,twarogi nabial,0,false
6331,2025-12-09 00:00:00,2193178,6.0,6.0,4.0,1.0,0.0,3.6095,3.6095,967.0,DF/PAR/251209/1494/1,21.0,1.0,41.3,41.3,41.3,95.0,SEREK WIEJSKI Z BRZOSKWINIĄ 150G PIĄTNICA,5900531000935.0,NABIAL,357.0,1.0,TWAROGI /nabiał,DF,1,IP,-1.0,sprzedaz,0,serek wiejski z brzoskwinia 150g piatnica,twarogi nabial,0,false
6331,2025-12-10 00:00:00,-1,0.0,0.0,4.0,0.0,0.0,3.6095,0.0,-1.0,brak,21.0,1.0,0.0,0.0,0.0,95.0,SEREK WIEJSKI Z BRZOSKWINIĄ 150G PIĄTNICA,5900531000935.0,brak,357.0,1.0,TWAROGI /nabiał,DF,0,IP,0.0,sprzedaz,0,serek wiejski z brzoskwinia 150g piatnica,twarogi nabial,0,false
6331,2025-12-11 00:00:00,-1,0.0,0.0,4.0,0.0,0.0,3.6095,0.0,-1.0,brak,21.0,1.0,0.0,0.0,0.0,95.0,SEREK WIEJSKI Z BRZOSKWINIĄ 150G PIĄTNICA,5900531000935.0,brak,357.0,1.0,TWAROGI /nabiał,DF,0,IP,0.0,sprzedaz,0,serek wiejski z brzoskwinia 150g piatnica,twarogi nabial,0,false
6331,2025-12-12 00:00:00,-1,0.0,0.0,4.0,0.0,0.0,3.6095,0.0,-1.0,brak,21.0,1.0,0.0,0.0,0.0,95.0,SEREK WIEJSKI Z BRZOSKWINIĄ 150G PIĄTNICA,5900531000935.0,brak,357.0,1.0,TWAROGI /nabiał,DF,0,IP,0.0,sprzedaz,0,serek wiejski z brzoskwinia 150g piatnica,twarogi nabial,0,false
6331,2025-12-13 00:00:00,-1,0.0,0.0,4.0,0.0,0.0,3.6095,0.0,-1.0,brak,21.0,1.0,0.0,0.0,0.0,95.0,SEREK WIEJSKI Z BRZOSKWINIĄ 150G PIĄTNICA,5900531000935.0,brak,357.0,1.0,TWAROGI /nabiał,DF,0,IP,0.0,sprzedaz,0,serek wiejski z brzoskwinia 150g piatnica,twarogi nabial,0,false
6331,2025-12-14 00:00:00,-1,0.0,0.0,4.0,0.0,0.0,3.6095,0.0,-1.0,brak,21.0,1.0,0.0,0.0,0.0,95.0,SEREK WIEJSKI Z BRZOSKWINIĄ 150G PIĄTNICA,5900531000935.0,brak,357.0,1.0,TWAROGI /nabiał,DF,0,IP,0.0,sprzedaz,0,serek wiejski z brzoskwinia 150g piatnica,twarogi nabial,0,false
6331,2025-12-15 00:00:00,2198497,8.0,8.0,4.0,1.0,0.0,3.6095,3.6095,646.0,DF/PAR/251215/8850/2,21.0,1.0,180.04,180.04,180.04,95.0,SEREK WIEJSKI Z BRZOSKWINIĄ 150G PIĄTNICA,5900531000935.0,NABIAL,357.0,1.0,TWAROGI /nabiał,DF,1,IP,-1.0,sprzedaz,0,serek wiejski z brzoskwinia 150g piatnica,twarogi nabial,0,false
6331,2025-12-15 00:00:00,2198497,10.0,10.0,4.0,1.0,0.0,3.6095,3.6095,646.0,DF/PAR/251215/8850/2,21.0,1.0,180.04,180.04,180.04,95.0,SEREK WIEJSKI Z BRZOSKWINIĄ 150G PIĄTNICA,5900531000935.0,NABIAL,357.0,1.0,TWAROGI /nabiał,DF,1,IP,-1.0,sprzedaz,0,serek wiejski z brzoskwinia 150g piatnica,twarogi nabial,0,false
6331,2025-12-16 00:00:00,2199684,1.0,1.0,4.0,1.0,0.0,3.6095,3.6095,757.0,DF/PAR/251216/9635/2,21.0,1.0,19.17,19.17,19.17,95.0,SEREK WIEJSKI Z BRZOSKWINIĄ 150G PIĄTNICA,5900531000935.0,NABIAL,357.0,1.0,TWAROGI /nabiał,DF,1,IP,-1.0,sprzedaz,0,serek wiejski z brzoskwinia 150g piatnica,twarogi nabial,0,false
6331,2025-12-17 00:00:00,2200971,4.0,4.0,4.0,1.0,0.0,3.6095,3.6095,1001.0,DF/PAR/251217/10485/2,21.0,1.0,22.84,22.84,22.84,95.0,SEREK WIEJSKI Z BRZOSKWINIĄ 150G PIĄTNICA,5900531000935.0,NABIAL,357.0,1.0,TWAROGI /nabiał,DF,1,IP,-1.0,sprzedaz,0,serek wiejski z brzoskwinia 150g piatnica,twarogi nabial,0,false
6331,2025-12-18 00:00:00,-1,0.0,0.0,4.0,0.0,0.0,3.6095,0.0,-1.0,brak,21.0,1.0,0.0,0.0,0.0,95.0,SEREK WIEJSKI Z BRZOSKWINIĄ 150G PIĄTNICA,5900531000935.0,brak,357.0,1.0,TWAROGI /nabiał,DF,0,IP,0.0,sprzedaz,0,serek wiejski z brzoskwinia 150g piatnica,twarogi nabial,0,false
6331,2025-12-19 00:00:00,-1,0.0,0.0,4.0,0.0,0.0,3.6095,0.0,-1.0,brak,21.0,1.0,0.0,0.0,0.0,95.0,SEREK WIEJSKI Z BRZOSKWINIĄ 150G PIĄTNICA,5900531000935.0,brak,357.0,1.0,TWAROGI /nabiał,DF,0,IP,0.0,sprzedaz,0,serek wiejski z brzoskwinia 150g piatnica,twarogi nabial,0,false
6331,2025-12-20 00:00:00,-1,0.0,0.0,4.0,0.0,0.0,3.6095,0.0,-1.0,brak,21.0,1.0,0.0,0.0,0.0,95.0,SEREK WIEJSKI Z BRZOSKWINIĄ 150G PIĄTNICA,5900531000935.0,brak,357.0,1.0,TWAROGI /nabiał,DF,0,IP,0.0,sprzedaz,0,serek wiejski z brzoskwinia 150g piatnica,twarogi nabial,0,false
6331,2025-12-21 00:00:00,-1,0.0,0.0,4.0,0.0,0.0,3.6095,0.0,-1.0,brak,21.0,1.0,0.0,0.0,0.0,95.0,SEREK WIEJSKI Z BRZOSKWINIĄ 150G PIĄTNICA,5900531000935.0,brak,357.0,1.0,TWAROGI /nabiał,DF,0,IP,0.0,sprzedaz,0,serek wiejski z brzoskwinia 150g piatnica,twarogi nabial,0,false
6331,2025-12-22 00:00:00,2205264,3.0,3.0,4.0,1.0,0.0,3.6095,3.6095,340.0,DF/PAR/251222/3877/1,21.0,1.0,11.07,11.07,11.07,95.0,SEREK WIEJSKI Z BRZOSKWINIĄ 150G PIĄTNICA,5900531000935.0,NABIAL,357.0,1.0,TWAROGI /nabiał,DF,1,IP,-1.0,sprzedaz,0,serek wiejski z brzoskwinia 150g piatnica,twarogi nabial,0,false
6331,2025-12-23 00:00:00,2207796,1.0,1.0,4.0,1.0,0.0,3.6095,3.6095,1455.0,DF/PAR/251223/5075/1,21.0,1.0,3.79,3.79,3.79,95.0,SEREK WIEJSKI Z BRZOSKWINIĄ 150G PIĄTNICA,5900531000935.0,NABIAL,357.0,1.0,TWAROGI /nabiał,DF,1,IP,-1.0,sprzedaz,0,serek wiejski z brzoskwinia 150g piatnica,twarogi nabial,0,false
6331,2025-12-24 00:00:00,-1,0.0,0.0,4.0,0.0,0.0,3.6095,0.0,-1.0,brak,21.0,1.0,0.0,0.0,0.0,95.0,SEREK WIEJSKI Z BRZOSKWINIĄ 150G PIĄTNICA,5900531000935.0,brak,357.0,1.0,TWAROGI /nabiał,DF,0,IP,0.0,sprzedaz,0,serek wiejski z brzoskwinia 150g piatnica,twarogi nabial,0,false
6331,2025-12-25 00:00:00,-1,0.0,0.0,4.0,0.0,0.0,3.6095,0.0,-1.0,brak,21.0,1.0,0.0,0.0,0.0,95.0,SEREK WIEJSKI Z BRZOSKWINIĄ 150G PIĄTNICA,5900531000935.0,brak,357.0,1.0,TWAROGI /nabiał,DF,0,IP,0.0,sprzedaz,0,serek wiejski z brzoskwinia 150g piatnica,twarogi nabial,0,false
6331,2025-12-26 00:00:00,-1,0.0,0.0,4.0,0.0,0.0,3.6095,0.0,-1.0,brak,21.0,1.0,0.0,0.0,0.0,95.0,SEREK WIEJSKI Z BRZOSKWINIĄ 150G PIĄTNICA,5900531000935.0,brak,357.0,1.0,TWAROGI /nabiał,DF,0,IP,0.0,sprzedaz,0,serek wiejski z brzoskwinia 150g piatnica,twarogi nabial,0,false
6331,2025-12-27 00:00:00,-1,0.0,0.0,4.0,0.0,0.0,3.6095,0.0,-1.0,brak,21.0,1.0,0.0,0.0,0.0,95.0,SEREK WIEJSKI Z BRZOSKWINIĄ 150G PIĄTNICA,5900531000935.0,brak,357.0,1.0,TWAROGI /nabiał,DF,0,IP,0.0,sprzedaz,0,serek wiejski z brzoskwinia 150g piatnica,twarogi nabial,0,false
6331,2025-12-28 00:00:00,-1,0.0,0.0,4.0,0.0,0.0,3.6095,0.0,-1.0,brak,21.0,1.0,0.0,0.0,0.0,95.0,SEREK WIEJSKI Z BRZOSKWINIĄ 150G PIĄTNICA,5900531000935.0,brak,357.0,1.0,TWAROGI /nabiał,DF,0,IP,0.0,sprzedaz,0,serek wiejski z brzoskwinia 150g piatnica,twarogi nabial,0,false
6331,2025-12-29 00:00:00,2209295,1.0,1.0,4.0,1.0,0.0,2.8476,2.8476,746.0,DF/PAR/251229/14870/2,21.0,1.0,14.11,14.11,14.11,95.0,SEREK WIEJSKI Z BRZOSKWINIĄ 150G PIĄTNICA,5900531000935.0,NABIAL,357.0,1.0,TWAROGI /nabiał,DF,1,IP,-1.0,sprzedaz,0,serek wiejski z brzoskwinia 150g piatnica,twarogi nabial,0,false
6331,2025-12-29 00:00:00,2209387,5.0,5.0,4.0,1.0,0.0,2.8476,2.8476,838.0,DF/PAR/251229/5650/1,21.0,1.0,57.2,57.2,57.2,95.0,SEREK WIEJSKI Z BRZOSKWINIĄ 150G PIĄTNICA,5900531000935.0,NABIAL,357.0,1.0,TWAROGI /nabiał,DF,1,IP,-1.0,sprzedaz,0,serek wiejski z brzoskwinia 150g piatnica,twarogi nabial,0,false
6331,2025-12-30 00:00:00,-1,0.0,0.0,4.0,0.0,0.0,2.8476,0.0,-1.0,brak,21.0,1.0,0.0,0.0,0.0,95.0,SEREK WIEJSKI Z BRZOSKWINIĄ 150G PIĄTNICA,5900531000935.0,brak,357.0,1.0,TWAROGI /nabiał,DF,0,IP,0.0,sprzedaz,0,serek wiejski z brzoskwinia 150g piatnica,twarogi nabial,0,false
6331,2025-12-31 00:00:00,-1,0.0,0.0,4.0,0.0,0.0,2.8476,0.0,-1.0,brak,21.0,1.0,0.0,0.0,0.0,95.0,SEREK WIEJSKI Z BRZOSKWINIĄ 150G PIĄTNICA,5900531000935.0,brak,357.0,1.0,TWAROGI /nabiał,DF,0,IP,0.0,sprzedaz,0,serek wiejski z brzoskwinia 150g piatnica,twarogi nabial,0,false
6331,2026-01-01 00:00:00,-1,0.0,0.0,4.0,0.0,0.0,2.8476,0.0,-1.0,brak,21.0,1.0,0.0,0.0,0.0,95.0,SEREK WIEJSKI Z BRZOSKWINIĄ 150G PIĄTNICA,5900531000935.0,brak,357.0,1.0,TWAROGI /nabiał,DF,0,IP,0.0,sprzedaz,0,serek wiejski z brzoskwinia 150g piatnica,twarogi nabial,0,false
6331,2026-01-02 00:00:00,-1,0.0,0.0,4.0,0.0,0.0,2.8476,0.0,-1.0,brak,21.0,1.0,0.0,0.0,0.0,95.0,SEREK WIEJSKI Z BRZOSKWINIĄ 150G PIĄTNICA,5900531000935.0,brak,357.0,1.0,TWAROGI /nabiał,DF,0,IP,0.0,sprzedaz,0,serek wiejski z brzoskwinia 150g piatnica,twarogi nabial,0,false
6331,2026-01-03 00:00:00,-1,0.0,0.0,4.0,0.0,0.0,2.8476,0.0,-1.0,brak,21.0,1.0,0.0,0.0,0.0,95.0,SEREK WIEJSKI Z BRZOSKWINIĄ 150G PIĄTNICA,5900531000935.0,brak,357.0,1.0,TWAROGI /nabiał,DF,0,IP,0.0,sprzedaz,0,serek wiejski z brzoskwinia 150g piatnica,twarogi nabial,0,false
6331,2026-01-04 00:00:00,-1,0.0,0.0,4.0,0.0,0.0,2.8476,0.0,-1.0,brak,21.0,1.0,0.0,0.0,0.0,95.0,SEREK WIEJSKI Z BRZOSKWINIĄ 150G PIĄTNICA,5900531000935.0,brak,357.0,1.0,TWAROGI /nabiał,DF,0,IP,0.0,sprzedaz,0,serek wiejski z brzoskwinia 150g piatnica,twarogi nabial,0,false
6331,2026-01-05 00:00:00,-1,0.0,0.0,4.0,0.0,0.0,2.8476,0.0,-1.0,brak,21.0,1.0,0.0,0.0,0.0,95.0,SEREK WIEJSKI Z BRZOSKWINIĄ 150G PIĄTNICA,5900531000935.0,brak,357.0,1.0,TWAROGI /nabiał,DF,0,IP,0.0,sprzedaz,0,serek wiejski z brzoskwinia 150g piatnica,twarogi nabial,0,false
6331,2026-01-06 00:00:00,-1,0.0,0.0,4.0,0.0,0.0,2.8476,0.0,-1.0,brak,21.0,1.0,0.0,0.0,0.0,95.0,SEREK WIEJSKI Z BRZOSKWINIĄ 150G PIĄTNICA,5900531000935.0,brak,357.0,1.0,TWAROGI /nabiał,DF,0,IP,0.0,sprzedaz,0,serek wiejski z brzoskwinia 150g piatnica,twarogi nabial,0,false
6331,2026-01-07 00:00:00,-1,0.0,0.0,4.0,0.0,0.0,2.8476,0.0,-1.0,brak,21.0,1.0,0.0,0.0,0.0,95.0,SEREK WIEJSKI Z BRZOSKWINIĄ 150G PIĄTNICA,5900531000935.0,brak,357.0,1.0,TWAROGI /nabiał,DF,0,IP,0.0,sprzedaz,0,serek wiejski z brzoskwinia 150g piatnica,twarogi nabial,0,false
6331,2026-01-08 00:00:00,-1,0.0,0.0,4.0,0.0,0.0,2.8476,0.0,-1.0,brak,21.0,1.0,0.0,0.0,0.0,95.0,SEREK WIEJSKI Z BRZOSKWINIĄ 150G PIĄTNICA,5900531000935.0,brak,357.0,1.0,TWAROGI /nabiał,DF,0,IP,0.0,sprzedaz,0,serek wiejski z brzoskwinia 150g piatnica,twarogi nabial,0,false
6331,2026-01-09 00:00:00,-1,0.0,0.0,4.0,0.0,0.0,2.8476,0.0,-1.0,brak,21.0,1.0,0.0,0.0,0.0,95.0,SEREK WIEJSKI Z BRZOSKWINIĄ 150G PIĄTNICA,5900531000935.0,brak,357.0,1.0,TWAROGI /nabiał,DF,0,IP,0.0,sprzedaz,0,serek wiejski z brzoskwinia 150g piatnica,twarogi nabial,0,false
6331,2026-01-10 00:00:00,-1,0.0,0.0,4.0,0.0,0.0,2.8476,0.0,-1.0,brak,21.0,1.0,0.0,0.0,0.0,95.0,SEREK WIEJSKI Z BRZOSKWINIĄ 150G PIĄTNICA,5900531000935.0,brak,357.0,1.0,TWAROGI /nabiał,DF,0,IP,0.0,sprzedaz,0,serek wiejski z brzoskwinia 150g piatnica,twarogi nabial,0,false
6331,2026-01-11 00:00:00,-1,0.0,0.0,4.0,0.0,0.0,2.8476,0.0,-1.0,brak,21.0,1.0,0.0,0.0,0.0,95.0,SEREK WIEJSKI Z BRZOSKWINIĄ 150G PIĄTNICA,5900531000935.0,brak,357.0,1.0,TWAROGI /nabiał,DF,0,IP,0.0,sprzedaz,0,serek wiejski z brzoskwinia 150g piatnica,twarogi nabial,0,false
6331,2026-01-12 00:00:00,-1,0.0,0.0,4.0,0.0,0.0,2.8476,0.0,-1.0,brak,21.0,1.0,0.0,0.0,0.0,95.0,SEREK WIEJSKI Z BRZOSKWINIĄ 150G PIĄTNICA,5900531000935.0,brak,357.0,1.0,TWAROGI /nabiał,DF,0,IP,0.0,sprzedaz,0,serek wiejski z brzoskwinia 150g piatnica,twarogi nabial,0,false
81283,2025-12-01 00:00:00,2185362,3.0,3.0,4.0,1.0,0.0,14.626,14.626,328.0,DF/PAR/251201/289/2,21.0,1.0,153.94,153.94,153.94,226.0,BOMB HEART TO HEART 106G GOPLANA,5900189011246.0,nan,-1.0,1.0,BOMBONIERKI I PRALINY,DF,1,IP,-1.0,sprzedaz,0,bomb heart to heart 106g goplana,bombonierki i praliny,0,false
81283,2025-12-02 00:00:00,-1,0.0,0.0,4.0,0.0,0.0,14.626,0.0,-1.0,brak,21.0,1.0,0.0,0.0,0.0,226.0,BOMB HEART TO HEART 106G GOPLANA,5900189011246.0,brak,-1.0,1.0,BOMBONIERKI I PRALINY,DF,0,IP,0.0,sprzedaz,0,bomb heart to heart 106g goplana,bombonierki i praliny,0,false
81283,2025-12-03 00:00:00,-1,0.0,0.0,4.0,0.0,0.0,14.626,0.0,-1.0,brak,21.0,1.0,0.0,0.0,0.0,226.0,BOMB HEART TO HEART 106G GOPLANA,5900189011246.0,brak,-1.0,1.0,BOMBONIERKI I PRALINY,DF,0,IP,0.0,sprzedaz,0,bomb heart to heart 106g goplana,bombonierki i praliny,0,false
81283,2025-12-04 00:00:00,-1,0.0,0.0,4.0,0.0,0.0,14.626,0.0,-1.0,brak,21.0,1.0,0.0,0.0,0.0,226.0,BOMB HEART TO HEART 106G GOPLANA,5900189011246.0,brak,-1.0,1.0,BOMBONIERKI I PRALINY,DF,0,IP,0.0,sprzedaz,0,bomb heart to heart 106g goplana,bombonierki i praliny,0,false
81283,2025-12-05 00:00:00,-1,0.0,0.0,4.0,0.0,0.0,14.626,0.0,-1.0,brak,21.0,1.0,0.0,0.0,0.0,226.0,BOMB HEART TO HEART 106G GOPLANA,5900189011246.0,brak,-1.0,1.0,BOMBONIERKI I PRALINY,DF,0,IP,0.0,sprzedaz,0,bomb heart to heart 106g goplana,bombonierki i praliny,0,false
81283,2025-12-06 00:00:00,-1,0.0,0.0,4.0,0.0,0.0,14.626,0.0,-1.0,brak,21.0,1.0,0.0,0.0,0.0,226.0,BOMB HEART TO HEART 106G GOPLANA,5900189011246.0,brak,-1.0,1.0,BOMBONIERKI I PRALINY,DF,0,IP,0.0,sprzedaz,0,bomb heart to heart 106g goplana,bombonierki i praliny,0,false
81283,2025-12-07 00:00:00,-1,0.0,0.0,4.0,0.0,0.0,14.626,0.0,-1.0,brak,21.0,1.0,0.0,0.0,0.0,226.0,BOMB HEART TO HEART 106G GOPLANA,5900189011246.0,brak,-1.0,1.0,BOMBONIERKI I PRALINY,DF,0,IP,0.0,sprzedaz,0,bomb heart to heart 106g goplana,bombonierki i praliny,0,false
81283,2025-12-08 00:00:00,-1,0.0,0.0,4.0,0.0,0.0,14.626,0.0,-1.0,brak,21.0,1.0,0.0,0.0,0.0,226.0,BOMB HEART TO HEART 106G GOPLANA,5900189011246.0,brak,-1.0,1.0,BOMBONIERKI I PRALINY,DF,0,IP,0.0,sprzedaz,0,bomb heart to heart 106g goplana,bombonierki i praliny,0,false
81283,2025-12-09 00:00:00,-1,0.0,0.0,4.0,0.0,0.0,14.626,0.0,-1.0,brak,21.0,1.0,0.0,0.0,0.0,226.0,BOMB HEART TO HEART 106G GOPLANA,5900189011246.0,brak,-1.0,1.0,BOMBONIERKI I PRALINY,DF,0,IP,0.0,sprzedaz,0,bomb heart to heart 106g goplana,bombonierki i praliny,0,false
81283,2025-12-10 00:00:00,-1,0.0,0.0,4.0,0.0,0.0,14.626,0.0,-1.0,brak,21.0,1.0,0.0,0.0,0.0,226.0,BOMB HEART TO HEART 106G GOPLANA,5900189011246.0,brak,-1.0,1.0,BOMBONIERKI I PRALINY,DF,0,IP,0.0,sprzedaz,0,bomb heart to heart 106g goplana,bombonierki i praliny,0,false
81283,2025-12-11 00:00:00,-1,0.0,0.0,4.0,0.0,0.0,14.626,0.0,-1.0,brak,21.0,1.0,0.0,0.0,0.0,226.0,BOMB HEART TO HEART 106G GOPLANA,5900189011246.0,brak,-1.0,1.0,BOMBONIERKI I PRALINY,DF,0,IP,0.0,sprzedaz,0,bomb heart to heart 106g goplana,bombonierki i praliny,0,false
81283,2025-12-12 00:00:00,-1,0.0,0.0,4.0,0.0,0.0,14.626,0.0,-1.0,brak,21.0,1.0,0.0,0.0,0.0,226.0,BOMB HEART TO HEART 106G GOPLANA,5900189011246.0,brak,-1.0,1.0,BOMBONIERKI I PRALINY,DF,0,IP,0.0,sprzedaz,0,bomb heart to heart 106g goplana,bombonierki i praliny,0,false
81283,2025-12-13 00:00:00,-1,0.0,0.0,4.0,0.0,0.0,14.626,0.0,-1.0,brak,21.0,1.0,0.0,0.0,0.0,226.0,BOMB HEART TO HEART 106G GOPLANA,5900189011246.0,brak,-1.0,1.0,BOMBONIERKI I PRALINY,DF,0,IP,0.0,sprzedaz,0,bomb heart to heart 106g goplana,bombonierki i praliny,0,false
81283,2025-12-14 00:00:00,-1,0.0,0.0,4.0,0.0,0.0,14.626,0.0,-1.0,brak,21.0,1.0,0.0,0.0,0.0,226.0,BOMB HEART TO HEART 106G GOPLANA,5900189011246.0,brak,-1.0,1.0,BOMBONIERKI I PRALINY,DF,0,IP,0.0,sprzedaz,0,bomb heart to heart 106g goplana,bombonierki i praliny,0,false
81283,2025-12-15 00:00:00,-1,0.0,0.0,4.0,0.0,0.0,14.626,0.0,-1.0,brak,21.0,1.0,0.0,0.0,0.0,226.0,BOMB HEART TO HEART 106G GOPLANA,5900189011246.0,brak,-1.0,1.0,BOMBONIERKI I PRALINY,DF,0,IP,0.0,sprzedaz,0,bomb heart to heart 106g goplana,bombonierki i praliny,0,false
5152,2025-12-02 00:00:00,2186081,1.0,1.0,4.0,1.0,0.0,10.561,10.561,118.0,DF/PAR/251202/811/2,21.0,1.0,12.99,12.99,12.99,221.0,CUKIERKI TRUFLE 230G MIESZKO,5900353642665.0,SLODYCZE,623.0,0.0,CUKIERKI,DF,1,IP,-1.0,sprzedaz,0,cukierki trufle 230g mieszko,cukierki,0,false
5152,2025-12-03 00:00:00,-1,0.0,0.0,4.0,0.0,0.0,10.561,0.0,-1.0,brak,21.0,1.0,0.0,0.0,0.0,221.0,CUKIERKI TRUFLE 230G MIESZKO,5900353642665.0,brak,623.0,1.0,CUKIERKI,DF,0,IP,0.0,sprzedaz,0,cukierki trufle 230g mieszko,cukierki,0,false
5152,2025-12-04 00:00:00,-1,0.0,0.0,4.0,0.0,0.0,10.561,0.0,-1.0,brak,21.0,1.0,0.0,0.0,0.0,221.0,CUKIERKI TRUFLE 230G MIESZKO,5900353642665.0,brak,623.0,1.0,CUKIERKI,DF,0,IP,0.0,sprzedaz,0,cukierki trufle 230g mieszko,cukierki,0,false
5152,2025-12-05 00:00:00,-1,0.0,0.0,4.0,0.0,0.0,10.561,0.0,-1.0,brak,21.0,1.0,0.0,0.0,0.0,221.0,CUKIERKI TRUFLE 230G MIESZKO,5900353642665.0,brak,623.0,1.0,CUKIERKI,DF,0,IP,0.0,sprzedaz,0,cukierki trufle 230g mieszko,cukierki,0,false
5152,2025-12-06 00:00:00,-1,0.0,0.0,4.0,0.0,0.0,10.561,0.0,-1.0,brak,21.0,1.0,0.0,0.0,0.0,221.0,CUKIERKI TRUFLE 230G MIESZKO,5900353642665.0,brak,623.0,1.0,CUKIERKI,DF,0,IP,0.0,sprzedaz,0,cukierki trufle 230g mieszko,cukierki,0,false
5152,2025-12-07 00:00:00,-1,0.0,0.0,4.0,0.0,0.0,10.561,0.0,-1.0,brak,21.0,1.0,0.0,0.0,0.0,221.0,CUKIERKI TRUFLE 230G MIESZKO,5900353642665.0,brak,623.0,1.0,CUKIERKI,DF,0,IP,0.0,sprzedaz,0,cukierki trufle 230g mieszko,cukierki,0,false
5152,2025-12-08 00:00:00,-1,0.0,0.0,4.0,0.0,0.0,10.561,0.0,-1.0,brak,21.0,1.0,0.0,0.0,0.0,221.0,CUKIERKI TRUFLE 230G MIESZKO,5900353642665.0,brak,623.0,1.0,CUKIERKI,DF,0,IP,0.0,sprzedaz,0,cukierki trufle 230g mieszko,cukierki,0,false
5152,2025-12-09 00:00:00,-1,0.0,0.0,4.0,0.0,0.0,10.561,0.0,-1.0,brak,21.0,1.0,0.0,0.0,0.0,221.0,CUKIERKI TRUFLE 230G MIESZKO,5900353642665.0,brak,623.0,1.0,CUKIERKI,DF,0,IP,0.0,sprzedaz,0,cukierki trufle 230g mieszko,cukierki,0,false
5152,2025-12-10 00:00:00,-1,0.0,0.0,4.0,0.0,0.0,10.561,0.0,-1.0,brak,21.0,1.0,0.0,0.0,0.0,221.0,CUKIERKI TRUFLE 230G MIESZKO,5900353642665.0,brak,623.0,1.0,CUKIERKI,DF,0,IP,0.0,sprzedaz,0,cukierki trufle 230g mieszko,cukierki,0,false
5152,2025-12-11 00:00:00,-1,0.0,0.0,4.0,0.0,0.0,10.561,0.0,-1.0,brak,21.0,1.0,0.0,0.0,0.0,221.0,CUKIERKI TRUFLE 230G MIESZKO,5900353642665.0,brak,623.0,1.0,CUKIERKI,DF,0,IP,0.0,sprzedaz,0,cukierki trufle 230g mieszko,cukierki,0,false
5152,2025-12-12 00:00:00,-1,0.0,0.0,4.0,0.0,0.0,10.561,0.0,-1.0,brak,21.0,1.0,0.0,0.0,0.0,221.0,CUKIERKI TRUFLE 230G MIESZKO,5900353642665.0,brak,623.0,1.0,CUKIERKI,DF,0,IP,0.0,sprzedaz,0,cukierki trufle 230g mieszko,cukierki,0,false
5152,2025-12-13 00:00:00,-1,0.0,0.0,4.0,0.0,0.0,10.561,0.0,-1.0,brak,21.0,1.0,0.0,0.0,0.0,221.0,CUKIERKI TRUFLE 230G MIESZKO,5900353642665.0,brak,623.0,1.0,CUKIERKI,DF,0,IP,0.0,sprzedaz,0,cukierki trufle 230g mieszko,cukierki,0,false
5152,2025-12-14 00:00:00,-1,0.0,0.0,4.0,0.0,0.0,10.561,0.0,-1.0,brak,21.0,1.0,0.0,0.0,0.0,221.0,CUKIERKI TRUFLE 230G MIESZKO,5900353642665.0,brak,623.0,1.0,CUKIERKI,DF,0,IP,0.0,sprzedaz,0,cukierki trufle 230g mieszko,cukierki,0,false
5152,2025-12-15 00:00:00,-1,0.0,0.0,4.0,0.0,0.0,10.561,0.0,-1.0,brak,21.0,1.0,0.0,0.0,0.0,221.0,CUKIERKI TRUFLE 230G MIESZKO,5900353642665.0,brak,623.0,1.0,CUKIERKI,DF,0,IP,0.0,sprzedaz,0,cukierki trufle 230g mieszko,cukierki,0,false
5152,2025-12-16 00:00:00,-1,0.0,0.0,4.0,0.0,0.0,10.561,0.0,-1.0,brak,21.0,1.0,0.0,0.0,0.0,221.0,CUKIERKI TRUFLE 230G MIESZKO,5900353642665.0,brak,623.0,1.0,CUKIERKI,DF,0,IP,0.0,sprzedaz,0,cukierki trufle 230g mieszko,cukierki,0,false
5152,2025-12-17 00:00:00,-1,0.0,0.0,4.0,0.0,0.0,10.561,0.0,-1.0,brak,21.0,1.0,0.0,0.0,0.0,221.0,CUKIERKI TRUFLE 230G MIESZKO,5900353642665.0,brak,623.0,1.0,CUKIERKI,DF,0,IP,0.0,sprzedaz,0,cukierki trufle 230g mieszko,cukierki,0,false
5152,2025-12-18 00:00:00,2201284,1.0,1.0,4.0,1.0,0.0,10.561,10.561,216.0,DF/PAR/251218/2976/1,21.0,1.0,12.99,12.99,12.99,221.0,CUKIERKI TRUFLE 230G MIESZKO,5900353642665.0,SLODYCZE,623.0,0.0,CUKIERKI,DF,1,IP,-1.0,sprzedaz,0,cukierki trufle 230g mieszko,cukierki,0,false
5152,2025-12-19 00:00:00,-1,0.0,0.0,4.0,0.0,0.0,10.561,0.0,-1.0,brak,21.0,1.0,0.0,0.0,0.0,221.0,CUKIERKI TRUFLE 230G MIESZKO,5900353642665.0,brak,623.0,1.0,CUKIERKI,DF,0,IP,0.0,sprzedaz,0,cukierki trufle 230g mieszko,cukierki,0,false
5152,2025-12-20 00:00:00,-1,0.0,0.0,4.0,0.0,0.0,10.561,0.0,-1.0,brak,21.0,1.0,0.0,0.0,0.0,221.0,CUKIERKI TRUFLE 230G MIESZKO,5900353642665.0,brak,623.0,1.0,CUKIERKI,DF,0,IP,0.0,sprzedaz,0,cukierki trufle 230g mieszko,cukierki,0,false
5152,2025-12-21 00:00:00,-1,0.0,0.0,4.0,0.0,0.0,10.561,0.0,-1.0,brak,21.0,1.0,0.0,0.0,0.0,221.0,CUKIERKI TRUFLE 230G MIESZKO,5900353642665.0,brak,623.0,1.0,CUKIERKI,DF,0,IP,0.0,sprzedaz,0,cukierki trufle 230g mieszko,cukierki,0,false
5152,2025-12-22 00:00:00,-1,0.0,0.0,4.0,0.0,0.0,10.561,0.0,-1.0,brak,21.0,1.0,0.0,0.0,0.0,221.0,CUKIERKI TRUFLE 230G MIESZKO,5900353642665.0,brak,623.0,1.0,CUKIERKI,DF,0,IP,0.0,sprzedaz,0,cukierki trufle 230g mieszko,cukierki,0,false
5152,2025-12-23 00:00:00,-1,0.0,0.0,4.0,0.0,0.0,10.561,0.0,-1.0,brak,21.0,1.0,0.0,0.0,0.0,221.0,CUKIERKI TRUFLE 230G MIESZKO,5900353642665.0,brak,623.0,1.0,CUKIERKI,DF,0,IP,0.0,sprzedaz,0,cukierki trufle 230g mieszko,cukierki,0,false
5152,2025-12-24 00:00:00,-1,0.0,0.0,4.0,0.0,0.0,10.561,0.0,-1.0,brak,21.0,1.0,0.0,0.0,0.0,221.0,CUKIERKI TRUFLE 230G MIESZKO,5900353642665.0,brak,623.0,1.0,CUKIERKI,DF,0,IP,0.0,sprzedaz,0,cukierki trufle 230g mieszko,cukierki,0,false
5152,2025-12-25 00:00:00,-1,0.0,0.0,4.0,0.0,0.0,10.561,0.0,-1.0,brak,21.0,1.0,0.0,0.0,0.0,221.0,CUKIERKI TRUFLE 230G MIESZKO,5900353642665.0,brak,623.0,1.0,CUKIERKI,DF,0,IP,0.0,sprzedaz,0,cukierki trufle 230g mieszko,cukierki,0,false
5152,2025-12-26 00:00:00,-1,0.0,0.0,4.0,0.0,0.0,10.561,0.0,-1.0,brak,21.0,1.0,0.0,0.0,0.0,221.0,CUKIERKI TRUFLE 230G MIESZKO,5900353642665.0,brak,623.0,1.0,CUKIERKI,DF,0,IP,0.0,sprzedaz,0,cukierki trufle 230g mieszko,cukierki,0,false
5152,2025-12-27 00:00:00,-1,0.0,0.0,4.0,0.0,0.0,10.561,0.0,-1.0,brak,21.0,1.0,0.0,0.0,0.0,221.0,CUKIERKI TRUFLE 230G MIESZKO,5900353642665.0,brak,623.0,1.0,CUKIERKI,DF,0,IP,0.0,sprzedaz,0,cukierki trufle 230g mieszko,cukierki,0,false
5152,2025-12-28 00:00:00,-1,0.0,0.0,4.0,0.0,0.0,10.561,0.0,-1.0,brak,21.0,1.0,0.0,0.0,0.0,221.0,CUKIERKI TRUFLE 230G MIESZKO,5900353642665.0,brak,623.0,1.0,CUKIERKI,DF,0,IP,0.0,sprzedaz,0,cukierki trufle 230g mieszko,cukierki,0,false
5152,2025-12-29 00:00:00,-1,0.0,0.0,4.0,0.0,0.0,10.561,0.0,-1.0,brak,21.0,1.0,0.0,0.0,0.0,221.0,CUKIERKI TRUFLE 230G MIESZKO,5900353642665.0,brak,623.0,1.0,CUKIERKI,DF,0,IP,0.0,sprzedaz,0,cukierki trufle 230g mieszko,cukierki,0,false
5152,2025-12-30 00:00:00,-1,0.0,0.0,4.0,0.0,0.0,10.561,0.0,-1.0,brak,21.0,1.0,0.0,0.0,0.0,221.0,CUKIERKI TRUFLE 230G MIESZKO,5900353642665.0,brak,623.0,1.0,CUKIERKI,DF,0,IP,0.0,sprzedaz,0,cukierki trufle 230g mieszko,cukierki,0,false
5152,2025-12-31 00:00:00,-1,0.0,0.0,4.0,0.0,0.0,10.561,0.0,-1.0,brak,21.0,1.0,0.0,0.0,0.0,221.0,CUKIERKI TRUFLE 230G MIESZKO,5900353642665.0,brak,623.0,1.0,CUKIERKI,DF,0,IP,0.0,sprzedaz,0,cukierki trufle 230g mieszko,cukierki,0,false
5152,2026-01-01 00:00:00,-1,0.0,0.0,4.0,0.0,0.0,10.561,0.0,-1.0,brak,21.0,1.0,0.0,0.0,0.0,221.0,CUKIERKI TRUFLE 230G MIESZKO,5900353642665.0,brak,623.0,1.0,CUKIERKI,DF,0,IP,0.0,sprzedaz,0,cukierki trufle 230g mieszko,cukierki,0,false
5152,2026-01-02 00:00:00,-1,0.0,0.0,4.0,0.0,0.0,10.561,0.0,-1.0,brak,21.0,1.0,0.0,0.0,0.0,221.0,CUKIERKI TRUFLE 230G MIESZKO,5900353642665.0,brak,623.0,1.0,CUKIERKI,DF,0,IP,0.0,sprzedaz,0,cukierki trufle 230g mieszko,cukierki,0,false
5152,2026-01-03 00:00:00,-1,0.0,0.0,4.0,0.0,0.0,10.561,0.0,-1.0,brak,21.0,1.0,0.0,0.0,0.0,221.0,CUKIERKI TRUFLE 230G MIESZKO,5900353642665.0,brak,623.0,1.0,CUKIERKI,DF,0,IP,0.0,sprzedaz,0,cukierki trufle 230g mieszko,cukierki,0,false
5152,2026-01-04 00:00:00,-1,0.0,0.0,4.0,0.0,0.0,10.561,0.0,-1.0,brak,21.0,1.0,0.0,0.0,0.0,221.0,CUKIERKI TRUFLE 230G MIESZKO,5900353642665.0,brak,623.0,1.0,CUKIERKI,DF,0,IP,0.0,sprzedaz,0,cukierki trufle 230g mieszko,cukierki,0,false
5152,2026-01-05 00:00:00,-1,0.0,0.0,4.0,0.0,0.0,10.561,0.0,-1.0,brak,21.0,1.0,0.0,0.0,0.0,221.0,CUKIERKI TRUFLE 230G MIESZKO,5900353642665.0,brak,623.0,1.0,CUKIERKI,DF,0,IP,0.0,sprzedaz,0,cukierki trufle 230g mieszko,cukierki,0,false
5152,2026-01-06 00:00:00,-1,0.0,0.0,4.0,0.0,0.0,10.561,0.0,-1.0,brak,21.0,1.0,0.0,0.0,0.0,221.0,CUKIERKI TRUFLE 230G MIESZKO,5900353642665.0,brak,623.0,1.0,CUKIERKI,DF,0,IP,0.0,sprzedaz,0,cukierki trufle 230g mieszko,cukierki,0,false
5152,2026-01-07 00:00:00,2215193,3.0,3.0,4.0,1.0,0.0,10.561,10.561,129.0,DF/PAR/260107/1992/2,21.0,1.0,58.57,58.57,58.57,221.0,CUKIERKI TRUFLE 230G MIESZKO,5900353642665.0,SLODYCZE,623.0,0.0,CUKIERKI,DF,1,IP,-1.0,sprzedaz,0,cukierki trufle 230g mieszko,cukierki,0,false
5152,2026-01-08 00:00:00,-1,0.0,0.0,4.0,0.0,0.0,10.561,0.0,-1.0,brak,21.0,1.0,0.0,0.0,0.0,221.0,CUKIERKI TRUFLE 230G MIESZKO,5900353642665.0,brak,623.0,1.0,CUKIERKI,DF,0,IP,0.0,sprzedaz,0,cukierki trufle 230g mieszko,cukierki,0,false
5152,2026-01-09 00:00:00,-1,0.0,0.0,4.0,0.0,0.0,10.561,0.0,-1.0,brak,21.0,1.0,0.0,0.0,0.0,221.0,CUKIERKI TRUFLE 230G MIESZKO,5900353642665.0,brak,623.0,1.0,CUKIERKI,DF,0,IP,0.0,sprzedaz,0,cukierki trufle 230g mieszko,cukierki,0,false
5152,2026-01-10 00:00:00,-1,0.0,0.0,4.0,0.0,0.0,10.561,0.0,-1.0,brak,21.0,1.0,0.0,0.0,0.0,221.0,CUKIERKI TRUFLE 230G MIESZKO,5900353642665.0,brak,623.0,1.0,CUKIERKI,DF,0,IP,0.0,sprzedaz,0,cukierki trufle 230g mieszko,cukierki,0,false
5152,2026-01-11 00:00:00,-1,0.0,0.0,4.0,0.0,0.0,10.561,0.0,-1.0,brak,21.0,1.0,0.0,0.0,0.0,221.0,CUKIERKI TRUFLE 230G MIESZKO,5900353642665.0,brak,623.0,1.0,CUKIERKI,DF,0,IP,0.0,sprzedaz,0,cukierki trufle 230g mieszko,cukierki,0,false
5152,2026-01-12 00:00:00,-1,0.0,0.0,4.0,0.0,0.0,10.561,0.0,-1.0,brak,21.0,1.0,0.0,0.0,0.0,221.0,CUKIERKI TRUFLE 230G MIESZKO,5900353642665.0,brak,623.0,1.0,CUKIERKI,DF,0,IP,0.0,sprzedaz,0,cukierki trufle 230g mieszko,cukierki,0,false
5152,2026-01-13 00:00:00,-1,0.0,0.0,4.0,0.0,0.0,10.561,0.0,-1.0,brak,21.0,1.0,0.0,0.0,0.0,221.0,CUKIERKI TRUFLE 230G MIESZKO,5900353642665.0,brak,623.0,1.0,CUKIERKI,DF,0,IP,0.0,sprzedaz,0,cukierki trufle 230g mieszko,cukierki,0,false
5152,2026-01-14 00:00:00,-1,0.0,0.0,4.0,0.0,0.0,10.561,0.0,-1.0,brak,21.0,1.0,0.0,0.0,0.0,221.0,CUKIERKI TRUFLE 230G MIESZKO,5900353642665.0,brak,623.0,1.0,CUKIERKI,DF,0,IP,0.0,sprzedaz,0,cukierki trufle 230g mieszko,cukierki,0,false
5152,2026-01-15 00:00:00,-1,0.0,0.0,4.0,0.0,0.0,10.561,0.0,-1.0,brak,21.0,1.0,0.0,0.0,0.0,221.0,CUKIERKI TRUFLE 230G MIESZKO,5900353642665.0,brak,623.0,1.0,CUKIERKI,DF,0,IP,0.0,sprzedaz,0,cukierki trufle 230g mieszko,cukierki,0,false
5152,2026-01-16 00:00:00,-1,0.0,0.0,4.0,0.0,0.0,10.561,0.0,-1.0,brak,21.0,1.0,0.0,0.0,0.0,221.0,CUKIERKI TRUFLE 230G MIESZKO,5900353642665.0,brak,623.0,1.0,CUKIERKI,DF,0,IP,0.0,sprzedaz,0,cukierki trufle 230g mieszko,cukierki,0,false
5152,2026-01-17 00:00:00,-1,0.0,0.0,4.0,0.0,0.0,10.561,0.0,-1.0,brak,21.0,1.0,0.0,0.0,0.0,221.0,CUKIERKI TRUFLE 230G MIESZKO,5900353642665.0,brak,623.0,1.0,CUKIERKI,DF,0,IP,0.0,sprzedaz,0,cukierki trufle 230g mieszko,cukierki,0,false
5152,2026-01-18 00:00:00,-1,0.0,0.0,4.0,0.0,0.0,10.561,0.0,-1.0,brak,21.0,1.0,0.0,0.0,0.0,221.0,CUKIERKI TRUFLE 230G MIESZKO,5900353642665.0,brak,623.0,1.0,CUKIERKI,DF,0,IP,0.0,sprzedaz,0,cukierki trufle 230g mieszko,cukierki,0,false
5152,2026-01-19 00:00:00,-1,0.0,0.0,4.0,0.0,0.0,10.561,0.0,-1.0,brak,21.0,1.0,0.0,0.0,0.0,221.0,CUKIERKI TRUFLE 230G MIESZKO,5900353642665.0,brak,623.0,1.0,CUKIERKI,DF,0,IP,0.0,sprzedaz,0,cukierki trufle 230g mieszko,cukierki,0,false
5152,2026-01-20 00:00:00,-1,0.0,0.0,4.0,0.0,0.0,10.561,0.0,-1.0,brak,21.0,1.0,0.0,0.0,0.0,221.0,CUKIERKI TRUFLE 230G MIESZKO,5900353642665.0,brak,623.0,1.0,CUKIERKI,DF,0,IP,0.0,sprzedaz,0,cukierki trufle 230g mieszko,cukierki,0,false
5152,2026-01-21 00:00:00,-1,0.0,0.0,4.0,0.0,0.0,10.561,0.0,-1.0,brak,21.0,1.0,0.0,0.0,0.0,221.0,CUKIERKI TRUFLE 230G MIESZKO,5900353642665.0,brak,623.0,1.0,CUKIERKI,DF,0,IP,0.0,sprzedaz,0,cukierki trufle 230g mieszko,cukierki,0,false
5152,2026-01-22 00:00:00,-1,0.0,0.0,4.0,0.0,0.0,10.561,0.0,-1.0,brak,21.0,1.0,0.0,0.0,0.0,221.0,CUKIERKI TRUFLE 230G MIESZKO,5900353642665.0,brak,623.0,1.0,CUKIERKI,DF,0,IP,0.0,sprzedaz,0,cukierki trufle 230g mieszko,cukierki,0,false
5152,2026-01-23 00:00:00,-1,0.0,0.0,4.0,0.0,0.0,10.561,0.0,-1.0,brak,21.0,1.0,0.0,0.0,0.0,221.0,CUKIERKI TRUFLE 230G MIESZKO,5900353642665.0,brak,623.0,1.0,CUKIERKI,DF,0,IP,0.0,sprzedaz,0,cukierki trufle 230g mieszko,cukierki,0,false
5152,2026-01-24 00:00:00,-1,0.0,0.0,4.0,0.0,0.0,10.561,0.0,-1.0,brak,21.0,1.0,0.0,0.0,0.0,221.0,CUKIERKI TRUFLE 230G MIESZKO,5900353642665.0,brak,623.0,1.0,CUKIERKI,DF,0,IP,0.0,sprzedaz,0,cukierki trufle 230g mieszko,cukierki,0,false
5152,2026-01-25 00:00:00,-1,0.0,0.0,4.0,0.0,0.0,10.561,0.0,-1.0,brak,21.0,1.0,0.0,0.0,0.0,221.0,CUKIERKI TRUFLE 230G MIESZKO,5900353642665.0,brak,623.0,1.0,CUKIERKI,DF,0,IP,0.0,sprzedaz,0,cukierki trufle 230g mieszko,cukierki,0,false
5152,2026-01-26 00:00:00,-1,0.0,0.0,4.0,0.0,0.0,10.561,0.0,-1.0,brak,21.0,1.0,0.0,0.0,0.0,221.0,CUKIERKI TRUFLE 230G MIESZKO,5900353642665.0,brak,623.0,1.0,CUKIERKI,DF,0,IP,0.0,sprzedaz,0,cukierki trufle 230g mieszko,cukierki,0,false
5152,2026-01-27 00:00:00,-1,0.0,0.0,4.0,0.0,0.0,10.561,0.0,-1.0,brak,21.0,1.0,0.0,0.0,0.0,221.0,CUKIERKI TRUFLE 230G MIESZKO,5900353642665.0,brak,623.0,1.0,CUKIERKI,DF,0,IP,0.0,sprzedaz,0,cukierki trufle 230g mieszko,cukierki,0,false
5152,2026-01-28 00:00:00,-1,0.0,0.0,4.0,0.0,0.0,10.561,0.0,-1.0,brak,21.0,1.0,0.0,0.0,0.0,221.0,CUKIERKI TRUFLE 230G MIESZKO,5900353642665.0,brak,623.0,1.0,CUKIERKI,DF,0,IP,0.0,sprzedaz,0,cukierki trufle 230g mieszko,cukierki,0,false
5152,2026-01-29 00:00:00,-1,0.0,0.0,4.0,0.0,0.0,10.561,0.0,-1.0,brak,21.0,1.0,0.0,0.0,0.0,221.0,CUKIERKI TRUFLE 230G MIESZKO,5900353642665.0,brak,623.0,1.0,CUKIERKI,DF,0,IP,0.0,sprzedaz,0,cukierki trufle 230g mieszko,cukierki,0,false
5152,2026-01-30 00:00:00,-1,0.0,0.0,4.0,0.0,0.0,10.561,0.0,-1.0,brak,21.0,1.0,0.0,0.0,0.0,221.0,CUKIERKI TRUFLE 230G MIESZKO,5900353642665.0,brak,623.0,1.0,CUKIERKI,DF,0,IP,0.0,sprzedaz,0,cukierki trufle 230g mieszko,cukierki,0,false
5152,2026-01-31 00:00:00,2237659,1.0,1.0,4.0,1.0,0.0,10.561,10.561,946.0,DF/PAR/260131/12423/2,21.0,1.0,25.68,25.68,25.68,221.0,CUKIERKI TRUFLE 230G MIESZKO,5900353642665.0,SLODYCZE,623.0,0.0,CUKIERKI,DF,1,IP,-1.0,sprzedaz,0,cukierki trufle 230g mieszko,cukierki,0,false
50131,2025-12-02 00:00:00,2186680,4.0,4.0,4.0,1.0,0.0,32.5122,32.5122,713.0,DF/PAR/251202/1201/2,21.0,1.0,146.96,146.96,146.96,106.0,KAWA CAPS ESPRESSO INTENSO 52G JDE,8711000371183.0,nan,-1.0,1.0,KAWY,DF,1,IP,-1.0,sprzedaz,0,kawa caps espresso intenso 52g jde,kawy,0,false
50131,2025-12-03 00:00:00,-1,0.0,0.0,4.0,0.0,0.0,32.5122,0.0,-1.0,brak,21.0,1.0,0.0,0.0,0.0,106.0,KAWA CAPS ESPRESSO INTENSO 52G JDE,8711000371183.0,brak,-1.0,1.0,KAWY,DF,0,IP,0.0,sprzedaz,0,kawa caps espresso intenso 52g jde,kawy,0,false
50131,2025-12-04 00:00:00,-1,0.0,0.0,4.0,0.0,0.0,32.5122,0.0,-1.0,brak,21.0,1.0,0.0,0.0,0.0,106.0,KAWA CAPS ESPRESSO INTENSO 52G JDE,8711000371183.0,brak,-1.0,1.0,KAWY,DF,0,IP,0.0,sprzedaz,0,kawa caps espresso intenso 52g jde,kawy,0,false
50131,2025-12-05 00:00:00,-1,0.0,0.0,4.0,0.0,0.0,32.5122,0.0,-1.0,brak,21.0,1.0,0.0,0.0,0.0,106.0,KAWA CAPS ESPRESSO INTENSO 52G JDE,8711000371183.0,brak,-1.0,1.0,KAWY,DF,0,IP,0.0,sprzedaz,0,kawa caps espresso intenso 52g jde,kawy,0,false
50131,2025-12-06 00:00:00,-1,0.0,0.0,4.0,0.0,0.0,32.5122,0.0,-1.0,brak,21.0,1.0,0.0,0.0,0.0,106.0,KAWA CAPS ESPRESSO INTENSO 52G JDE,8711000371183.0,brak,-1.0,1.0,KAWY,DF,0,IP,0.0,sprzedaz,0,kawa caps espresso intenso 52g jde,kawy,0,false
50131,2025-12-07 00:00:00,-1,0.0,0.0,4.0,0.0,0.0,32.5122,0.0,-1.0,brak,21.0,1.0,0.0,0.0,0.0,106.0,KAWA CAPS ESPRESSO INTENSO 52G JDE,8711000371183.0,brak,-1.0,1.0,KAWY,DF,0,IP,0.0,sprzedaz,0,kawa caps espresso intenso 52g jde,kawy,0,false
50131,2025-12-08 00:00:00,-1,0.0,0.0,4.0,0.0,0.0,32.5122,0.0,-1.0,brak,21.0,1.0,0.0,0.0,0.0,106.0,KAWA CAPS ESPRESSO INTENSO 52G JDE,8711000371183.0,brak,-1.0,1.0,KAWY,DF,0,IP,0.0,sprzedaz,0,kawa caps espresso intenso 52g jde,kawy,0,false
50131,2025-12-09 00:00:00,-1,0.0,0.0,4.0,0.0,0.0,32.5122,0.0,-1.0,brak,21.0,1.0,0.0,0.0,0.0,106.0,KAWA CAPS ESPRESSO INTENSO 52G JDE,8711000371183.0,brak,-1.0,1.0,KAWY,DF,0,IP,0.0,sprzedaz,0,kawa caps espresso intenso 52g jde,kawy,0,false
50131,2025-12-10 00:00:00,-1,0.0,0.0,4.0,0.0,0.0,32.5122,0.0,-1.0,brak,21.0,1.0,0.0,0.0,0.0,106.0,KAWA CAPS ESPRESSO INTENSO 52G JDE,8711000371183.0,brak,-1.0,1.0,KAWY,DF,0,IP,0.0,sprzedaz,0,kawa caps espresso intenso 52g jde,kawy,0,false
50131,2025-12-11 00:00:00,-1,0.0,0.0,4.0,0.0,0.0,32.5122,0.0,-1.0,brak,21.0,1.0,0.0,0.0,0.0,106.0,KAWA CAPS ESPRESSO INTENSO 52G JDE,8711000371183.0,brak,-1.0,1.0,KAWY,DF,0,IP,0.0,sprzedaz,0,kawa caps espresso intenso 52g jde,kawy,0,false
50131,2025-12-12 00:00:00,-1,0.0,0.0,4.0,0.0,0.0,32.5122,0.0,-1.0,brak,21.0,1.0,0.0,0.0,0.0,106.0,KAWA CAPS ESPRESSO INTENSO 52G JDE,8711000371183.0,brak,-1.0,1.0,KAWY,DF,0,IP,0.0,sprzedaz,0,kawa caps espresso intenso 52g jde,kawy,0,false
50131,2025-12-13 00:00:00,-1,0.0,0.0,4.0,0.0,0.0,32.5122,0.0,-1.0,brak,21.0,1.0,0.0,0.0,0.0,106.0,KAWA CAPS ESPRESSO INTENSO 52G JDE,8711000371183.0,brak,-1.0,1.0,KAWY,DF,0,IP,0.0,sprzedaz,0,kawa caps espresso intenso 52g jde,kawy,0,false
50131,2025-12-14 00:00:00,-1,0.0,0.0,4.0,0.0,0.0,32.5122,0.0,-1.0,brak,21.0,1.0,0.0,0.0,0.0,106.0,KAWA CAPS ESPRESSO INTENSO 52G JDE,8711000371183.0,brak,-1.0,1.0,KAWY,DF,0,IP,0.0,sprzedaz,0,kawa caps espresso intenso 52g jde,kawy,0,false
50131,2025-12-15 00:00:00,-1,0.0,0.0,4.0,0.0,0.0,32.5122,0.0,-1.0,brak,21.0,1.0,0.0,0.0,0.0,106.0,KAWA CAPS ESPRESSO INTENSO 52G JDE,8711000371183.0,brak,-1.0,1.0,KAWY,DF,0,IP,0.0,sprzedaz,0,kawa caps espresso intenso 52g jde,kawy,0,false
50131,2025-12-16 00:00:00,-1,0.0,0.0,4.0,0.0,0.0,32.5122,0.0,-1.0,brak,21.0,1.0,0.0,0.0,0.0,106.0,KAWA CAPS ESPRESSO INTENSO 52G JDE,8711000371183.0,brak,-1.0,1.0,KAWY,DF,0,IP,0.0,sprzedaz,0,kawa caps espresso intenso 52g jde,kawy,0,false
80093,2025-12-03 00:00:00,2187610,16.0,16.0,4.0,1.0,0.0,40.6423,40.6423,659.0,DF/PAR/251203/1803/2,21.0,1.0,152.66,152.66,152.66,6.0,"WHISKY PASSPORT 40% 0,5L",5000299210475.0,nan,-1.0,1.0,3 WHISKY RUM BRANDY RUM BOURBON,DF,1,IP,-1.0,sprzedaz,0,whisky passport 40 0 5l,3 whisky rum brandy rum bourbon,0,false
80093,2025-12-04 00:00:00,-1,0.0,0.0,4.0,0.0,0.0,40.6423,0.0,-1.0,brak,21.0,1.0,0.0,0.0,0.0,6.0,"WHISKY PASSPORT 40% 0,5L",5000299210475.0,brak,-1.0,1.0,3 WHISKY RUM BRANDY RUM BOURBON,DF,0,IP,0.0,sprzedaz,0,whisky passport 40 0 5l,3 whisky rum brandy rum bourbon,0,false
80093,2025-12-05 00:00:00,-1,0.0,0.0,4.0,0.0,0.0,40.6423,0.0,-1.0,brak,21.0,1.0,0.0,0.0,0.0,6.0,"WHISKY PASSPORT 40% 0,5L",5000299210475.0,brak,-1.0,1.0,3 WHISKY RUM BRANDY RUM BOURBON,DF,0,IP,0.0,sprzedaz,0,whisky passport 40 0 5l,3 whisky rum brandy rum bourbon,0,false
80093,2025-12-06 00:00:00,-1,0.0,0.0,4.0,0.0,0.0,40.6423,0.0,-1.0,brak,21.0,1.0,0.0,0.0,0.0,6.0,"WHISKY PASSPORT 40% 0,5L",5000299210475.0,brak,-1.0,1.0,3 WHISKY RUM BRANDY RUM BOURBON,DF,0,IP,0.0,sprzedaz,0,whisky passport 40 0 5l,3 whisky rum brandy rum bourbon,0,false
80093,2025-12-07 00:00:00,-1,0.0,0.0,4.0,0.0,0.0,40.6423,0.0,-1.0,brak,21.0,1.0,0.0,0.0,0.0,6.0,"WHISKY PASSPORT 40% 0,5L",5000299210475.0,brak,-1.0,1.0,3 WHISKY RUM BRANDY RUM BOURBON,DF,0,IP,0.0,sprzedaz,0,whisky passport 40 0 5l,3 whisky rum brandy rum bourbon,0,false
80093,2025-12-08 00:00:00,-1,0.0,0.0,4.0,0.0,0.0,40.6423,0.0,-1.0,brak,21.0,1.0,0.0,0.0,0.0,6.0,"WHISKY PASSPORT 40% 0,5L",5000299210475.0,brak,-1.0,1.0,3 WHISKY RUM BRANDY RUM BOURBON,DF,0,IP,0.0,sprzedaz,0,whisky passport 40 0 5l,3 whisky rum brandy rum bourbon,0,false
80093,2025-12-09 00:00:00,-1,0.0,0.0,4.0,0.0,0.0,40.6423,0.0,-1.0,brak,21.0,1.0,0.0,0.0,0.0,6.0,"WHISKY PASSPORT 40% 0,5L",5000299210475.0,brak,-1.0,1.0,3 WHISKY RUM BRANDY RUM BOURBON,DF,0,IP,0.0,sprzedaz,0,whisky passport 40 0 5l,3 whisky rum brandy rum bourbon,0,false
80093,2025-12-10 00:00:00,-1,0.0,0.0,4.0,0.0,0.0,40.6423,0.0,-1.0,brak,21.0,1.0,0.0,0.0,0.0,6.0,"WHISKY PASSPORT 40% 0,5L",5000299210475.0,brak,-1.0,1.0,3 WHISKY RUM BRANDY RUM BOURBON,DF,0,IP,0.0,sprzedaz,0,whisky passport 40 0 5l,3 whisky rum brandy rum bourbon,0,false
80093,2025-12-11 00:00:00,-1,0.0,0.0,4.0,0.0,0.0,40.6423,0.0,-1.0,brak,21.0,1.0,0.0,0.0,0.0,6.0,"WHISKY PASSPORT 40% 0,5L",5000299210475.0,brak,-1.0,1.0,3 WHISKY RUM BRANDY RUM BOURBON,DF,0,IP,0.0,sprzedaz,0,whisky passport 40 0 5l,3 whisky rum brandy rum bourbon,0,false
80093,2025-12-12 00:00:00,-1,0.0,0.0,4.0,0.0,0.0,40.6423,0.0,-1.0,brak,21.0,1.0,0.0,0.0,0.0,6.0,"WHISKY PASSPORT 40% 0,5L",5000299210475.0,brak,-1.0,1.0,3 WHISKY RUM BRANDY RUM BOURBON,DF,0,IP,0.0,sprzedaz,0,whisky passport 40 0 5l,3 whisky rum brandy rum bourbon,0,false
80093,2025-12-13 00:00:00,-1,0.0,0.0,4.0,0.0,0.0,40.6423,0.0,-1.0,brak,21.0,1.0,0.0,0.0,0.0,6.0,"WHISKY PASSPORT 40% 0,5L",5000299210475.0,brak,-1.0,1.0,3 WHISKY RUM BRANDY RUM BOURBON,DF,0,IP,0.0,sprzedaz,0,whisky passport 40 0 5l,3 whisky rum brandy rum bourbon,0,false
80093,2025-12-14 00:00:00,-1,0.0,0.0,4.0,0.0,0.0,40.6423,0.0,-1.0,brak,21.0,1.0,0.0,0.0,0.0,6.0,"WHISKY PASSPORT 40% 0,5L",5000299210475.0,brak,-1.0,1.0,3 WHISKY RUM BRANDY RUM BOURBON,DF,0,IP,0.0,sprzedaz,0,whisky passport 40 0 5l,3 whisky rum brandy rum bourbon,0,false
80093,2025-12-15 00:00:00,-1,0.0,0.0,4.0,0.0,0.0,40.6423,0.0,-1.0,brak,21.0,1.0,0.0,0.0,0.0,6.0,"WHISKY PASSPORT 40% 0,5L",5000299210475.0,brak,-1.0,1.0,3 WHISKY RUM BRANDY RUM BOURBON,DF,0,IP,0.0,sprzedaz,0,whisky passport 40 0 5l,3 whisky rum brandy rum bourbon,0,false
80093,2025-12-16 00:00:00,-1,0.0,0.0,4.0,0.0,0.0,40.6423,0.0,-1.0,brak,21.0,1.0,0.0,0.0,0.0,6.0,"WHISKY PASSPORT 40% 0,5L",5000299210475.0,brak,-1.0,1.0,3 WHISKY RUM BRANDY RUM BOURBON,DF,0,IP,0.0,sprzedaz,0,whisky passport 40 0 5l,3 whisky rum brandy rum bourbon,0,false
80093,2025-12-17 00:00:00,-1,0.0,0.0,4.0,0.0,0.0,40.6423,0.0,-1.0,brak,21.0,1.0,0.0,0.0,0.0,6.0,"WHISKY PASSPORT 40% 0,5L",5000299210475.0,brak,-1.0,1.0,3 WHISKY RUM BRANDY RUM BOURBON,DF,0,IP,0.0,sprzedaz,0,whisky passport 40 0 5l,3 whisky rum brandy rum bourbon,0,false
80093,2025-12-18 00:00:00,-1,0.0,0.0,4.0,0.0,0.0,40.6423,0.0,-1.0,brak,21.0,1.0,0.0,0.0,0.0,6.0,"WHISKY PASSPORT 40% 0,5L",5000299210475.0,brak,-1.0,1.0,3 WHISKY RUM BRANDY RUM BOURBON,DF,0,IP,0.0,sprzedaz,0,whisky passport 40 0 5l,3 whisky rum brandy rum bourbon,0,false
80093,2025-12-19 00:00:00,-1,0.0,0.0,4.0,0.0,0.0,40.6423,0.0,-1.0,brak,21.0,1.0,0.0,0.0,0.0,6.0,"WHISKY PASSPORT 40% 0,5L",5000299210475.0,brak,-1.0,1.0,3 WHISKY RUM BRANDY RUM BOURBON,DF,0,IP,0.0,sprzedaz,0,whisky passport 40 0 5l,3 whisky rum brandy rum bourbon,0,false
80093,2025-12-20 00:00:00,-1,0.0,0.0,4.0,0.0,0.0,40.6423,0.0,-1.0,brak,21.0,1.0,0.0,0.0,0.0,6.0,"WHISKY PASSPORT 40% 0,5L",5000299210475.0,brak,-1.0,1.0,3 WHISKY RUM BRANDY RUM BOURBON,DF,0,IP,0.0,sprzedaz,0,whisky passport 40 0 5l,3 whisky rum brandy rum bourbon,0,false
80093,2025-12-21 00:00:00,-1,0.0,0.0,4.0,0.0,0.0,40.6423,0.0,-1.0,brak,21.0,1.0,0.0,0.0,0.0,6.0,"WHISKY PASSPORT 40% 0,5L",5000299210475.0,brak,-1.0,1.0,3 WHISKY RUM BRANDY RUM BOURBON,DF,0,IP,0.0,sprzedaz,0,whisky passport 40 0 5l,3 whisky rum brandy rum bourbon,0,false
80093,2025-12-22 00:00:00,-1,0.0,0.0,4.0,0.0,0.0,40.6423,0.0,-1.0,brak,21.0,1.0,0.0,0.0,0.0,6.0,"WHISKY PASSPORT 40% 0,5L",5000299210475.0,brak,-1.0,1.0,3 WHISKY RUM BRANDY RUM BOURBON,DF,0,IP,0.0,sprzedaz,0,whisky passport 40 0 5l,3 whisky rum brandy rum bourbon,0,false
80093,2025-12-23 00:00:00,-1,0.0,0.0,4.0,0.0,0.0,40.6423,0.0,-1.0,brak,21.0,1.0,0.0,0.0,0.0,6.0,"WHISKY PASSPORT 40% 0,5L",5000299210475.0,brak,-1.0,1.0,3 WHISKY RUM BRANDY RUM BOURBON,DF,0,IP,0.0,sprzedaz,0,whisky passport 40 0 5l,3 whisky rum brandy rum bourbon,0,false
80093,2025-12-24 00:00:00,-1,0.0,0.0,4.0,0.0,0.0,40.6423,0.0,-1.0,brak,21.0,1.0,0.0,0.0,0.0,6.0,"WHISKY PASSPORT 40% 0,5L",5000299210475.0,brak,-1.0,1.0,3 WHISKY RUM BRANDY RUM BOURBON,DF,0,IP,0.0,sprzedaz,0,whisky passport 40 0 5l,3 whisky rum brandy rum bourbon,0,false
80093,2025-12-25 00:00:00,-1,0.0,0.0,4.0,0.0,0.0,40.6423,0.0,-1.0,brak,21.0,1.0,0.0,0.0,0.0,6.0,"WHISKY PASSPORT 40% 0,5L",5000299210475.0,brak,-1.0,1.0,3 WHISKY RUM BRANDY RUM BOURBON,DF,0,IP,0.0,sprzedaz,0,whisky passport 40 0 5l,3 whisky rum brandy rum bourbon,0,false
80093,2025-12-26 00:00:00,-1,0.0,0.0,4.0,0.0,0.0,40.6423,0.0,-1.0,brak,21.0,1.0,0.0,0.0,0.0,6.0,"WHISKY PASSPORT 40% 0,5L",5000299210475.0,brak,-1.0,1.0,3 WHISKY RUM BRANDY RUM BOURBON,DF,0,IP,0.0,sprzedaz,0,whisky passport 40 0 5l,3 whisky rum brandy rum bourbon,0,false
80093,2025-12-27 00:00:00,-1,0.0,0.0,4.0,0.0,0.0,40.6423,0.0,-1.0,brak,21.0,1.0,0.0,0.0,0.0,6.0,"WHISKY PASSPORT 40% 0,5L",5000299210475.0,brak,-1.0,1.0,3 WHISKY RUM BRANDY RUM BOURBON,DF,0,IP,0.0,sprzedaz,0,whisky passport 40 0 5l,3 whisky rum brandy rum bourbon,0,false
80093,2025-12-28 00:00:00,-1,0.0,0.0,4.0,0.0,0.0,40.6423,0.0,-1.0,brak,21.0,1.0,0.0,0.0,0.0,6.0,"WHISKY PASSPORT 40% 0,5L",5000299210475.0,brak,-1.0,1.0,3 WHISKY RUM BRANDY RUM BOURBON,DF,0,IP,0.0,sprzedaz,0,whisky passport 40 0 5l,3 whisky rum brandy rum bourbon,0,false
80093,2025-12-29 00:00:00,-1,0.0,0.0,4.0,0.0,0.0,40.6423,0.0,-1.0,brak,21.0,1.0,0.0,0.0,0.0,6.0,"WHISKY PASSPORT 40% 0,5L",5000299210475.0,brak,-1.0,1.0,3 WHISKY RUM BRANDY RUM BOURBON,DF,0,IP,0.0,sprzedaz,0,whisky passport 40 0 5l,3 whisky rum brandy rum bourbon,0,false
80093,2025-12-30 00:00:00,-1,0.0,0.0,4.0,0.0,0.0,40.6423,0.0,-1.0,brak,21.0,1.0,0.0,0.0,0.0,6.0,"WHISKY PASSPORT 40% 0,5L",5000299210475.0,brak,-1.0,1.0,3 WHISKY RUM BRANDY RUM BOURBON,DF,0,IP,0.0,sprzedaz,0,whisky passport 40 0 5l,3 whisky rum brandy rum bourbon,0,false
80093,2025-12-31 00:00:00,-1,0.0,0.0,4.0,0.0,0.0,40.6423,0.0,-1.0,brak,21.0,1.0,0.0,0.0,0.0,6.0,"WHISKY PASSPORT 40% 0,5L",5000299210475.0,brak,-1.0,1.0,3 WHISKY RUM BRANDY RUM BOURBON,DF,0,IP,0.0,sprzedaz,0,whisky passport 40 0 5l,3 whisky rum brandy rum bourbon,0,false
80093,2026-01-01 00:00:00,-1,0.0,0.0,4.0,0.0,0.0,40.6423,0.0,-1.0,brak,21.0,1.0,0.0,0.0,0.0,6.0,"WHISKY PASSPORT 40% 0,5L",5000299210475.0,brak,-1.0,1.0,3 WHISKY RUM BRANDY RUM BOURBON,DF,0,IP,0.0,sprzedaz,0,whisky passport 40 0 5l,3 whisky rum brandy rum bourbon,0,false
80093,2026-01-02 00:00:00,2212667,2.0,2.0,4.0,1.0,0.0,40.6423,40.6423,729.0,DF/PAR/260102/486/2,21.0,1.0,55.98,55.98,55.98,6.0,"WHISKY PASSPORT 40% 0,5L",5000299210475.0,nan,-1.0,1.0,3 WHISKY RUM BRANDY RUM BOURBON,DF,1,IP,-1.0,sprzedaz,0,whisky passport 40 0 5l,3 whisky rum brandy rum bourbon,0,false
80093,2026-01-03 00:00:00,-1,0.0,0.0,4.0,0.0,0.0,40.6423,0.0,-1.0,brak,21.0,1.0,0.0,0.0,0.0,6.0,"WHISKY PASSPORT 40% 0,5L",5000299210475.0,brak,-1.0,1.0,3 WHISKY RUM BRANDY RUM BOURBON,DF,0,IP,0.0,sprzedaz,0,whisky passport 40 0 5l,3 whisky rum brandy rum bourbon,0,false
80093,2026-01-04 00:00:00,-1,0.0,0.0,4.0,0.0,0.0,40.6423,0.0,-1.0,brak,21.0,1.0,0.0,0.0,0.0,6.0,"WHISKY PASSPORT 40% 0,5L",5000299210475.0,brak,-1.0,1.0,3 WHISKY RUM BRANDY RUM BOURBON,DF,0,IP,0.0,sprzedaz,0,whisky passport 40 0 5l,3 whisky rum brandy rum bourbon,0,false
80093,2026-01-05 00:00:00,-1,0.0,0.0,4.0,0.0,0.0,40.6423,0.0,-1.0,brak,21.0,1.0,0.0,0.0,0.0,6.0,"WHISKY PASSPORT 40% 0,5L",5000299210475.0,brak,-1.0,1.0,3 WHISKY RUM BRANDY RUM BOURBON,DF,0,IP,0.0,sprzedaz,0,whisky passport 40 0 5l,3 whisky rum brandy rum bourbon,0,false
80093,2026-01-06 00:00:00,-1,0.0,0.0,4.0,0.0,0.0,40.6423,0.0,-1.0,brak,21.0,1.0,0.0,0.0,0.0,6.0,"WHISKY PASSPORT 40% 0,5L",5000299210475.0,brak,-1.0,1.0,3 WHISKY RUM BRANDY RUM BOURBON,DF,0,IP,0.0,sprzedaz,0,whisky passport 40 0 5l,3 whisky rum brandy rum bourbon,0,false
80093,2026-01-07 00:00:00,-1,0.0,0.0,4.0,0.0,0.0,40.6423,0.0,-1.0,brak,21.0,1.0,0.0,0.0,0.0,6.0,"WHISKY PASSPORT 40% 0,5L",5000299210475.0,brak,-1.0,1.0,3 WHISKY RUM BRANDY RUM BOURBON,DF,0,IP,0.0,sprzedaz,0,whisky passport 40 0 5l,3 whisky rum brandy rum bourbon,0,false
80093,2026-01-08 00:00:00,-1,0.0,0.0,4.0,0.0,0.0,40.6423,0.0,-1.0,brak,21.0,1.0,0.0,0.0,0.0,6.0,"WHISKY PASSPORT 40% 0,5L",5000299210475.0,brak,-1.0,1.0,3 WHISKY RUM BRANDY RUM BOURBON,DF,0,IP,0.0,sprzedaz,0,whisky passport 40 0 5l,3 whisky rum brandy rum bourbon,0,false
80093,2026-01-09 00:00:00,-1,0.0,0.0,4.0,0.0,0.0,40.6423,0.0,-1.0,brak,21.0,1.0,0.0,0.0,0.0,6.0,"WHISKY PASSPORT 40% 0,5L",5000299210475.0,brak,-1.0,1.0,3 WHISKY RUM BRANDY RUM BOURBON,DF,0,IP,0.0,sprzedaz,0,whisky passport 40 0 5l,3 whisky rum brandy rum bourbon,0,false
80093,2026-01-10 00:00:00,2219167,2.0,2.0,4.0,1.0,0.0,40.6423,40.6423,925.0,DF/PAR/260110/4458/2,21.0,1.0,57.98,57.98,57.98,6.0,"WHISKY PASSPORT 40% 0,5L",5000299210475.0,nan,-1.0,1.0,3 WHISKY RUM BRANDY RUM BOURBON,DF,1,IP,-1.0,sprzedaz,0,whisky passport 40 0 5l,3 whisky rum brandy rum bourbon,0,false
80093,2026-01-11 00:00:00,-1,0.0,0.0,4.0,0.0,0.0,40.6423,0.0,-1.0,brak,21.0,1.0,0.0,0.0,0.0,6.0,"WHISKY PASSPORT 40% 0,5L",5000299210475.0,brak,-1.0,1.0,3 WHISKY RUM BRANDY RUM BOURBON,DF,0,IP,0.0,sprzedaz,0,whisky passport 40 0 5l,3 whisky rum brandy rum bourbon,0,false
80093,2026-01-12 00:00:00,-1,0.0,0.0,4.0,0.0,0.0,40.6423,0.0,-1.0,brak,21.0,1.0,0.0,0.0,0.0,6.0,"WHISKY PASSPORT 40% 0,5L",5000299210475.0,brak,-1.0,1.0,3 WHISKY RUM BRANDY RUM BOURBON,DF,0,IP,0.0,sprzedaz,0,whisky passport 40 0 5l,3 whisky rum brandy rum bourbon,0,false
80093,2026-01-13 00:00:00,-1,0.0,0.0,4.0,0.0,0.0,40.6423,0.0,-1.0,brak,21.0,1.0,0.0,0.0,0.0,6.0,"WHISKY PASSPORT 40% 0,5L",5000299210475.0,brak,-1.0,1.0,3 WHISKY RUM BRANDY RUM BOURBON,DF,0,IP,0.0,sprzedaz,0,whisky passport 40 0 5l,3 whisky rum brandy rum bourbon,0,false
80093,2026-01-14 00:00:00,-1,0.0,0.0,4.0,0.0,0.0,40.6423,0.0,-1.0,brak,21.0,1.0,0.0,0.0,0.0,6.0,"WHISKY PASSPORT 40% 0,5L",5000299210475.0,brak,-1.0,1.0,3 WHISKY RUM BRANDY RUM BOURBON,DF,0,IP,0.0,sprzedaz,0,whisky passport 40 0 5l,3 whisky rum brandy rum bourbon,0,false
80093,2026-01-15 00:00:00,-1,0.0,0.0,4.0,0.0,0.0,40.6423,0.0,-1.0,brak,21.0,1.0,0.0,0.0,0.0,6.0,"WHISKY PASSPORT 40% 0,5L",5000299210475.0,brak,-1.0,1.0,3 WHISKY RUM BRANDY RUM BOURBON,DF,0,IP,0.0,sprzedaz,0,whisky passport 40 0 5l,3 whisky rum brandy rum bourbon,0,false
80093,2026-01-16 00:00:00,-1,0.0,0.0,4.0,0.0,0.0,40.6423,0.0,-1.0,brak,21.0,1.0,0.0,0.0,0.0,6.0,"WHISKY PASSPORT 40% 0,5L",5000299210475.0,brak,-1.0,1.0,3 WHISKY RUM BRANDY RUM BOURBON,DF,0,IP,0.0,sprzedaz,0,whisky passport 40 0 5l,3 whisky rum brandy rum bourbon,0,false
80093,2026-01-17 00:00:00,-1,0.0,0.0,4.0,0.0,0.0,40.6423,0.0,-1.0,brak,21.0,1.0,0.0,0.0,0.0,6.0,"WHISKY PASSPORT 40% 0,5L",5000299210475.0,brak,-1.0,1.0,3 WHISKY RUM BRANDY RUM BOURBON,DF,0,IP,0.0,sprzedaz,0,whisky passport 40 0 5l,3 whisky rum brandy rum bourbon,0,false
80093,2026-01-18 00:00:00,-1,0.0,0.0,4.0,0.0,0.0,40.6423,0.0,-1.0,brak,21.0,1.0,0.0,0.0,0.0,6.0,"WHISKY PASSPORT 40% 0,5L",5000299210475.0,brak,-1.0,1.0,3 WHISKY RUM BRANDY RUM BOURBON,DF,0,IP,0.0,sprzedaz,0,whisky passport 40 0 5l,3 whisky rum brandy rum bourbon,0,false
80093,2026-01-19 00:00:00,-1,0.0,0.0,4.0,0.0,0.0,40.6423,0.0,-1.0,brak,21.0,1.0,0.0,0.0,0.0,6.0,"WHISKY PASSPORT 40% 0,5L",5000299210475.0,brak,-1.0,1.0,3 WHISKY RUM BRANDY RUM BOURBON,DF,0,IP,0.0,sprzedaz,0,whisky passport 40 0 5l,3 whisky rum brandy rum bourbon,0,false
80093,2026-01-20 00:00:00,-1,0.0,0.0,4.0,0.0,0.0,40.6423,0.0,-1.0,brak,21.0,1.0,0.0,0.0,0.0,6.0,"WHISKY PASSPORT 40% 0,5L",5000299210475.0,brak,-1.0,1.0,3 WHISKY RUM BRANDY RUM BOURBON,DF,0,IP,0.0,sprzedaz,0,whisky passport 40 0 5l,3 whisky rum brandy rum bourbon,0,false
80093,2026-01-21 00:00:00,-1,0.0,0.0,4.0,0.0,0.0,40.6423,0.0,-1.0,brak,21.0,1.0,0.0,0.0,0.0,6.0,"WHISKY PASSPORT 40% 0,5L",5000299210475.0,brak,-1.0,1.0,3 WHISKY RUM BRANDY RUM BOURBON,DF,0,IP,0.0,sprzedaz,0,whisky passport 40 0 5l,3 whisky rum brandy rum bourbon,0,false
80093,2026-01-22 00:00:00,-1,0.0,0.0,4.0,0.0,0.0,40.6423,0.0,-1.0,brak,21.0,1.0,0.0,0.0,0.0,6.0,"WHISKY PASSPORT 40% 0,5L",5000299210475.0,brak,-1.0,1.0,3 WHISKY RUM BRANDY RUM BOURBON,DF,0,IP,0.0,sprzedaz,0,whisky passport 40 0 5l,3 whisky rum brandy rum bourbon,0,false
80093,2026-01-23 00:00:00,-1,0.0,0.0,4.0,0.0,0.0,40.6423,0.0,-1.0,brak,21.0,1.0,0.0,0.0,0.0,6.0,"WHISKY PASSPORT 40% 0,5L",5000299210475.0,brak,-1.0,1.0,3 WHISKY RUM BRANDY RUM BOURBON,DF,0,IP,0.0,sprzedaz,0,whisky passport 40 0 5l,3 whisky rum brandy rum bourbon,0,false
80093,2026-01-24 00:00:00,-1,0.0,0.0,4.0,0.0,0.0,40.6423,0.0,-1.0,brak,21.0,1.0,0.0,0.0,0.0,6.0,"WHISKY PASSPORT 40% 0,5L",5000299210475.0,brak,-1.0,1.0,3 WHISKY RUM BRANDY RUM BOURBON,DF,0,IP,0.0,sprzedaz,0,whisky passport 40 0 5l,3 whisky rum brandy rum bourbon,0,false
81358,2025-12-03 00:00:00,2187676,2.0,2.0,4.0,1.0,0.0,16.181,16.181,725.0,DF/PAR/251203/1847/2,21.0,1.0,91.96,91.96,91.96,314.0,"SOK GREJPFRUT CZERWONY 0,85L ORYGINALNY SOK",5903175642448.0,nan,-1.0,1.0,ORYGINALNY SOK,DF,1,IP,-1.0,sprzedaz,0,sok grejpfrut czerwony 0 85l oryginalny sok,oryginalny sok,0,false
81358,2025-12-04 00:00:00,-1,0.0,0.0,4.0,0.0,0.0,16.181,0.0,-1.0,brak,21.0,1.0,0.0,0.0,0.0,314.0,"SOK GREJPFRUT CZERWONY 0,85L ORYGINALNY SOK",5903175642448.0,brak,-1.0,1.0,ORYGINALNY SOK,DF,0,IP,0.0,sprzedaz,0,sok grejpfrut czerwony 0 85l oryginalny sok,oryginalny sok,0,false
81358,2025-12-05 00:00:00,-1,0.0,0.0,4.0,0.0,0.0,16.181,0.0,-1.0,brak,21.0,1.0,0.0,0.0,0.0,314.0,"SOK GREJPFRUT CZERWONY 0,85L ORYGINALNY SOK",5903175642448.0,brak,-1.0,1.0,ORYGINALNY SOK,DF,0,IP,0.0,sprzedaz,0,sok grejpfrut czerwony 0 85l oryginalny sok,oryginalny sok,0,false
81358,2025-12-06 00:00:00,-1,0.0,0.0,4.0,0.0,0.0,16.181,0.0,-1.0,brak,21.0,1.0,0.0,0.0,0.0,314.0,"SOK GREJPFRUT CZERWONY 0,85L ORYGINALNY SOK",5903175642448.0,brak,-1.0,1.0,ORYGINALNY SOK,DF,0,IP,0.0,sprzedaz,0,sok grejpfrut czerwony 0 85l oryginalny sok,oryginalny sok,0,false
81358,2025-12-07 00:00:00,-1,0.0,0.0,4.0,0.0,0.0,16.181,0.0,-1.0,brak,21.0,1.0,0.0,0.0,0.0,314.0,"SOK GREJPFRUT CZERWONY 0,85L ORYGINALNY SOK",5903175642448.0,brak,-1.0,1.0,ORYGINALNY SOK,DF,0,IP,0.0,sprzedaz,0,sok grejpfrut czerwony 0 85l oryginalny sok,oryginalny sok,0,false
81358,2025-12-08 00:00:00,-1,0.0,0.0,4.0,0.0,0.0,16.181,0.0,-1.0,brak,21.0,1.0,0.0,0.0,0.0,314.0,"SOK GREJPFRUT CZERWONY 0,85L ORYGINALNY SOK",5903175642448.0,brak,-1.0,1.0,ORYGINALNY SOK,DF,0,IP,0.0,sprzedaz,0,sok grejpfrut czerwony 0 85l oryginalny sok,oryginalny sok,0,false
81358,2025-12-09 00:00:00,2193159,1.0,1.0,4.0,1.0,0.0,16.181,16.181,948.0,DF/PAR/251209/5490/2,21.0,1.0,16.99,16.99,16.99,314.0,"SOK GREJPFRUT CZERWONY 0,85L ORYGINALNY SOK",5903175642448.0,nan,-1.0,1.0,ORYGINALNY SOK,DF,1,IP,-1.0,sprzedaz,0,sok grejpfrut czerwony 0 85l oryginalny sok,oryginalny sok,0,false
81358,2025-12-10 00:00:00,2193268,1.0,1.0,4.0,1.0,0.0,16.181,16.181,20.0,DF/PAR/251210/5531/2,21.0,1.0,44.95,44.95,44.95,314.0,"SOK GREJPFRUT CZERWONY 0,85L ORYGINALNY SOK",5903175642448.0,nan,-1.0,1.0,ORYGINALNY SOK,DF,1,IP,-1.0,sprzedaz,0,sok grejpfrut czerwony 0 85l oryginalny sok,oryginalny sok,0,false
81358,2025-12-11 00:00:00,-1,0.0,0.0,4.0,0.0,0.0,16.181,0.0,-1.0,brak,21.0,1.0,0.0,0.0,0.0,314.0,"SOK GREJPFRUT CZERWONY 0,85L ORYGINALNY SOK",5903175642448.0,brak,-1.0,1.0,ORYGINALNY SOK,DF,0,IP,0.0,sprzedaz,0,sok grejpfrut czerwony 0 85l oryginalny sok,oryginalny sok,0,false
81358,2025-12-12 00:00:00,-1,0.0,0.0,4.0,0.0,0.0,16.181,0.0,-1.0,brak,21.0,1.0,0.0,0.0,0.0,314.0,"SOK GREJPFRUT CZERWONY 0,85L ORYGINALNY SOK",5903175642448.0,brak,-1.0,1.0,ORYGINALNY SOK,DF,0,IP,0.0,sprzedaz,0,sok grejpfrut czerwony 0 85l oryginalny sok,oryginalny sok,0,false
81358,2025-12-13 00:00:00,2197047,2.0,2.0,4.0,1.0,0.0,16.181,16.181,597.0,DF/PAR/251213/7970/2,21.0,1.0,19.08,19.08,19.08,314.0,"SOK GREJPFRUT CZERWONY 0,85L ORYGINALNY SOK",5903175642448.0,nan,-1.0,1.0,ORYGINALNY SOK,DF,1,IP,-1.0,sprzedaz,0,sok grejpfrut czerwony 0 85l oryginalny sok,oryginalny sok,0,false
81358,2025-12-13 00:00:00,2197406,1.0,1.0,4.0,1.0,0.0,16.181,16.181,951.0,DF/PAR/251213/8092/2,21.0,1.0,16.99,16.99,16.99,314.0,"SOK GREJPFRUT CZERWONY 0,85L ORYGINALNY SOK",5903175642448.0,nan,-1.0,1.0,ORYGINALNY SOK,DF,1,IP,-1.0,sprzedaz,0,sok grejpfrut czerwony 0 85l oryginalny sok,oryginalny sok,0,false
81358,2025-12-14 00:00:00,-1,0.0,0.0,4.0,0.0,0.0,16.181,0.0,-1.0,brak,21.0,1.0,0.0,0.0,0.0,314.0,"SOK GREJPFRUT CZERWONY 0,85L ORYGINALNY SOK",5903175642448.0,brak,-1.0,1.0,ORYGINALNY SOK,DF,0,IP,0.0,sprzedaz,0,sok grejpfrut czerwony 0 85l oryginalny sok,oryginalny sok,0,false
81358,2025-12-15 00:00:00,-1,0.0,0.0,4.0,0.0,0.0,16.181,0.0,-1.0,brak,21.0,1.0,0.0,0.0,0.0,314.0,"SOK GREJPFRUT CZERWONY 0,85L ORYGINALNY SOK",5903175642448.0,brak,-1.0,1.0,ORYGINALNY SOK,DF,0,IP,0.0,sprzedaz,0,sok grejpfrut czerwony 0 85l oryginalny sok,oryginalny sok,0,false
81358,2025-12-16 00:00:00,-1,0.0,0.0,4.0,0.0,0.0,16.181,0.0,-1.0,brak,21.0,1.0,0.0,0.0,0.0,314.0,"SOK GREJPFRUT CZERWONY 0,85L ORYGINALNY SOK",5903175642448.0,brak,-1.0,1.0,ORYGINALNY SOK,DF,0,IP,0.0,sprzedaz,0,sok grejpfrut czerwony 0 85l oryginalny sok,oryginalny sok,0,false
81358,2025-12-17 00:00:00,-1,0.0,0.0,4.0,0.0,0.0,16.181,0.0,-1.0,brak,21.0,1.0,0.0,0.0,0.0,314.0,"SOK GREJPFRUT CZERWONY 0,85L ORYGINALNY SOK",5903175642448.0,brak,-1.0,1.0,ORYGINALNY SOK,DF,0,IP,0.0,sprzedaz,0,sok grejpfrut czerwony 0 85l oryginalny sok,oryginalny sok,0,false
81358,2025-12-18 00:00:00,-1,0.0,0.0,4.0,0.0,0.0,16.181,0.0,-1.0,brak,21.0,1.0,0.0,0.0,0.0,314.0,"SOK GREJPFRUT CZERWONY 0,85L ORYGINALNY SOK",5903175642448.0,brak,-1.0,1.0,ORYGINALNY SOK,DF,0,IP,0.0,sprzedaz,0,sok grejpfrut czerwony 0 85l oryginalny sok,oryginalny sok,0,false
81358,2025-12-19 00:00:00,-1,0.0,0.0,4.0,0.0,0.0,16.181,0.0,-1.0,brak,21.0,1.0,0.0,0.0,0.0,314.0,"SOK GREJPFRUT CZERWONY 0,85L ORYGINALNY SOK",5903175642448.0,brak,-1.0,1.0,ORYGINALNY SOK,DF,0,IP,0.0,sprzedaz,0,sok grejpfrut czerwony 0 85l oryginalny sok,oryginalny sok,0,false
81358,2025-12-20 00:00:00,-1,0.0,0.0,4.0,0.0,0.0,16.181,0.0,-1.0,brak,21.0,1.0,0.0,0.0,0.0,314.0,"SOK GREJPFRUT CZERWONY 0,85L ORYGINALNY SOK",5903175642448.0,brak,-1.0,1.0,ORYGINALNY SOK,DF,0,IP,0.0,sprzedaz,0,sok grejpfrut czerwony 0 85l oryginalny sok,oryginalny sok,0,false
81358,2025-12-21 00:00:00,-1,0.0,0.0,4.0,0.0,0.0,16.181,0.0,-1.0,brak,21.0,1.0,0.0,0.0,0.0,314.0,"SOK GREJPFRUT CZERWONY 0,85L ORYGINALNY SOK",5903175642448.0,brak,-1.0,1.0,ORYGINALNY SOK,DF,0,IP,0.0,sprzedaz,0,sok grejpfrut czerwony 0 85l oryginalny sok,oryginalny sok,0,false
81358,2025-12-22 00:00:00,-1,0.0,0.0,4.0,0.0,0.0,16.181,0.0,-1.0,brak,21.0,1.0,0.0,0.0,0.0,314.0,"SOK GREJPFRUT CZERWONY 0,85L ORYGINALNY SOK",5903175642448.0,brak,-1.0,1.0,ORYGINALNY SOK,DF,0,IP,0.0,sprzedaz,0,sok grejpfrut czerwony 0 85l oryginalny sok,oryginalny sok,0,false
81358,2025-12-23 00:00:00,-1,0.0,0.0,4.0,0.0,0.0,16.181,0.0,-1.0,brak,21.0,1.0,0.0,0.0,0.0,314.0,"SOK GREJPFRUT CZERWONY 0,85L ORYGINALNY SOK",5903175642448.0,brak,-1.0,1.0,ORYGINALNY SOK,DF,0,IP,0.0,sprzedaz,0,sok grejpfrut czerwony 0 85l oryginalny sok,oryginalny sok,0,false
81358,2025-12-24 00:00:00,-1,0.0,0.0,4.0,0.0,0.0,16.181,0.0,-1.0,brak,21.0,1.0,0.0,0.0,0.0,314.0,"SOK GREJPFRUT CZERWONY 0,85L ORYGINALNY SOK",5903175642448.0,brak,-1.0,1.0,ORYGINALNY SOK,DF,0,IP,0.0,sprzedaz,0,sok grejpfrut czerwony 0 85l oryginalny sok,oryginalny sok,0,false
81358,2025-12-25 00:00:00,-1,0.0,0.0,4.0,0.0,0.0,16.181,0.0,-1.0,brak,21.0,1.0,0.0,0.0,0.0,314.0,"SOK GREJPFRUT CZERWONY 0,85L ORYGINALNY SOK",5903175642448.0,brak,-1.0,1.0,ORYGINALNY SOK,DF,0,IP,0.0,sprzedaz,0,sok grejpfrut czerwony 0 85l oryginalny sok,oryginalny sok,0,false
81358,2025-12-26 00:00:00,-1,0.0,0.0,4.0,0.0,0.0,16.181,0.0,-1.0,brak,21.0,1.0,0.0,0.0,0.0,314.0,"SOK GREJPFRUT CZERWONY 0,85L ORYGINALNY SOK",5903175642448.0,brak,-1.0,1.0,ORYGINALNY SOK,DF,0,IP,0.0,sprzedaz,0,sok grejpfrut czerwony 0 85l oryginalny sok,oryginalny sok,0,false
81358,2025-12-27 00:00:00,-1,0.0,0.0,4.0,0.0,0.0,16.181,0.0,-1.0,brak,21.0,1.0,0.0,0.0,0.0,314.0,"SOK GREJPFRUT CZERWONY 0,85L ORYGINALNY SOK",5903175642448.0,brak,-1.0,1.0,ORYGINALNY SOK,DF,0,IP,0.0,sprzedaz,0,sok grejpfrut czerwony 0 85l oryginalny sok,oryginalny sok,0,false
81358,2025-12-28 00:00:00,-1,0.0,0.0,4.0,0.0,0.0,16.181,0.0,-1.0,brak,21.0,1.0,0.0,0.0,0.0,314.0,"SOK GREJPFRUT CZERWONY 0,85L ORYGINALNY SOK",5903175642448.0,brak,-1.0,1.0,ORYGINALNY SOK,DF,0,IP,0.0,sprzedaz,0,sok grejpfrut czerwony 0 85l oryginalny sok,oryginalny sok,0,false
81358,2025-12-29 00:00:00,-1,0.0,0.0,4.0,0.0,0.0,16.181,0.0,-1.0,brak,21.0,1.0,0.0,0.0,0.0,314.0,"SOK GREJPFRUT CZERWONY 0,85L ORYGINALNY SOK",5903175642448.0,brak,-1.0,1.0,ORYGINALNY SOK,DF,0,IP,0.0,sprzedaz,0,sok grejpfrut czerwony 0 85l oryginalny sok,oryginalny sok,0,false
81358,2025-12-30 00:00:00,-1,0.0,0.0,4.0,0.0,0.0,16.181,0.0,-1.0,brak,21.0,1.0,0.0,0.0,0.0,314.0,"SOK GREJPFRUT CZERWONY 0,85L ORYGINALNY SOK",5903175642448.0,brak,-1.0,1.0,ORYGINALNY SOK,DF,0,IP,0.0,sprzedaz,0,sok grejpfrut czerwony 0 85l oryginalny sok,oryginalny sok,0,false
81358,2025-12-31 00:00:00,-1,0.0,0.0,4.0,0.0,0.0,16.181,0.0,-1.0,brak,21.0,1.0,0.0,0.0,0.0,314.0,"SOK GREJPFRUT CZERWONY 0,85L ORYGINALNY SOK",5903175642448.0,brak,-1.0,1.0,ORYGINALNY SOK,DF,0,IP,0.0,sprzedaz,0,sok grejpfrut czerwony 0 85l oryginalny sok,oryginalny sok,0,false
81358,2026-01-01 00:00:00,-1,0.0,0.0,4.0,0.0,0.0,16.181,0.0,-1.0,brak,21.0,1.0,0.0,0.0,0.0,314.0,"SOK GREJPFRUT CZERWONY 0,85L ORYGINALNY SOK",5903175642448.0,brak,-1.0,1.0,ORYGINALNY SOK,DF,0,IP,0.0,sprzedaz,0,sok grejpfrut czerwony 0 85l oryginalny sok,oryginalny sok,0,false
81358,2026-01-02 00:00:00,-1,0.0,0.0,4.0,0.0,0.0,16.181,0.0,-1.0,brak,21.0,1.0,0.0,0.0,0.0,314.0,"SOK GREJPFRUT CZERWONY 0,85L ORYGINALNY SOK",5903175642448.0,brak,-1.0,1.0,ORYGINALNY SOK,DF,0,IP,0.0,sprzedaz,0,sok grejpfrut czerwony 0 85l oryginalny sok,oryginalny sok,0,false
81358,2026-01-03 00:00:00,-1,0.0,0.0,4.0,0.0,0.0,16.181,0.0,-1.0,brak,21.0,1.0,0.0,0.0,0.0,314.0,"SOK GREJPFRUT CZERWONY 0,85L ORYGINALNY SOK",5903175642448.0,brak,-1.0,1.0,ORYGINALNY SOK,DF,0,IP,0.0,sprzedaz,0,sok grejpfrut czerwony 0 85l oryginalny sok,oryginalny sok,0,false
81358,2026-01-04 00:00:00,-1,0.0,0.0,4.0,0.0,0.0,16.181,0.0,-1.0,brak,21.0,1.0,0.0,0.0,0.0,314.0,"SOK GREJPFRUT CZERWONY 0,85L ORYGINALNY SOK",5903175642448.0,brak,-1.0,1.0,ORYGINALNY SOK,DF,0,IP,0.0,sprzedaz,0,sok grejpfrut czerwony 0 85l oryginalny sok,oryginalny sok,0,false
81358,2026-01-05 00:00:00,-1,0.0,0.0,4.0,0.0,0.0,16.181,0.0,-1.0,brak,21.0,1.0,0.0,0.0,0.0,314.0,"SOK GREJPFRUT CZERWONY 0,85L ORYGINALNY SOK",5903175642448.0,brak,-1.0,1.0,ORYGINALNY SOK,DF,0,IP,0.0,sprzedaz,0,sok grejpfrut czerwony 0 85l oryginalny sok,oryginalny sok,0,false
81358,2026-01-06 00:00:00,-1,0.0,0.0,4.0,0.0,0.0,16.181,0.0,-1.0,brak,21.0,1.0,0.0,0.0,0.0,314.0,"SOK GREJPFRUT CZERWONY 0,85L ORYGINALNY SOK",5903175642448.0,brak,-1.0,1.0,ORYGINALNY SOK,DF,0,IP,0.0,sprzedaz,0,sok grejpfrut czerwony 0 85l oryginalny sok,oryginalny sok,0,false
81358,2026-01-07 00:00:00,-1,0.0,0.0,4.0,0.0,0.0,16.181,0.0,-1.0,brak,21.0,1.0,0.0,0.0,0.0,314.0,"SOK GREJPFRUT CZERWONY 0,85L ORYGINALNY SOK",5903175642448.0,brak,-1.0,1.0,ORYGINALNY SOK,DF,0,IP,0.0,sprzedaz,0,sok grejpfrut czerwony 0 85l oryginalny sok,oryginalny sok,0,false
81358,2026-01-08 00:00:00,-1,0.0,0.0,4.0,0.0,0.0,16.181,0.0,-1.0,brak,21.0,1.0,0.0,0.0,0.0,314.0,"SOK GREJPFRUT CZERWONY 0,85L ORYGINALNY SOK",5903175642448.0,brak,-1.0,1.0,ORYGINALNY SOK,DF,0,IP,0.0,sprzedaz,0,sok grejpfrut czerwony 0 85l oryginalny sok,oryginalny sok,0,false
81358,2026-01-09 00:00:00,-1,0.0,0.0,4.0,0.0,0.0,16.181,0.0,-1.0,brak,21.0,1.0,0.0,0.0,0.0,314.0,"SOK GREJPFRUT CZERWONY 0,85L ORYGINALNY SOK",5903175642448.0,brak,-1.0,1.0,ORYGINALNY SOK,DF,0,IP,0.0,sprzedaz,0,sok grejpfrut czerwony 0 85l oryginalny sok,oryginalny sok,0,false
81358,2026-01-10 00:00:00,-1,0.0,0.0,4.0,0.0,0.0,16.181,0.0,-1.0,brak,21.0,1.0,0.0,0.0,0.0,314.0,"SOK GREJPFRUT CZERWONY 0,85L ORYGINALNY SOK",5903175642448.0,brak,-1.0,1.0,ORYGINALNY SOK,DF,0,IP,0.0,sprzedaz,0,sok grejpfrut czerwony 0 85l oryginalny sok,oryginalny sok,0,false
81358,2026-01-11 00:00:00,-1,0.0,0.0,4.0,0.0,0.0,16.181,0.0,-1.0,brak,21.0,1.0,0.0,0.0,0.0,314.0,"SOK GREJPFRUT CZERWONY 0,85L ORYGINALNY SOK",5903175642448.0,brak,-1.0,1.0,ORYGINALNY SOK,DF,0,IP,0.0,sprzedaz,0,sok grejpfrut czerwony 0 85l oryginalny sok,oryginalny sok,0,false
81358,2026-01-12 00:00:00,-1,0.0,0.0,4.0,0.0,0.0,16.181,0.0,-1.0,brak,21.0,1.0,0.0,0.0,0.0,314.0,"SOK GREJPFRUT CZERWONY 0,85L ORYGINALNY SOK",5903175642448.0,brak,-1.0,1.0,ORYGINALNY SOK,DF,0,IP,0.0,sprzedaz,0,sok grejpfrut czerwony 0 85l oryginalny sok,oryginalny sok,0,false
81358,2026-01-13 00:00:00,2220307,6.0,6.0,4.0,1.0,0.0,16.181,16.181,58.0,DF/PAR/260113/5245/2,21.0,1.0,47.43,47.43,47.43,314.0,"SOK GREJPFRUT CZERWONY 0,85L ORYGINALNY SOK",5903175642448.0,nan,-1.0,1.0,ORYGINALNY SOK,DF,1,IP,-1.0,sprzedaz,0,sok grejpfrut czerwony 0 85l oryginalny sok,oryginalny sok,0,false
81358,2026-01-14 00:00:00,-1,0.0,0.0,4.0,0.0,0.0,16.181,0.0,-1.0,brak,21.0,1.0,0.0,0.0,0.0,314.0,"SOK GREJPFRUT CZERWONY 0,85L ORYGINALNY SOK",5903175642448.0,brak,-1.0,1.0,ORYGINALNY SOK,DF,0,IP,0.0,sprzedaz,0,sok grejpfrut czerwony 0 85l oryginalny sok,oryginalny sok,0,false
81358,2026-01-15 00:00:00,-1,0.0,0.0,4.0,0.0,0.0,16.181,0.0,-1.0,brak,21.0,1.0,0.0,0.0,0.0,314.0,"SOK GREJPFRUT CZERWONY 0,85L ORYGINALNY SOK",5903175642448.0,brak,-1.0,1.0,ORYGINALNY SOK,DF,0,IP,0.0,sprzedaz,0,sok grejpfrut czerwony 0 85l oryginalny sok,oryginalny sok,0,false
81358,2026-01-16 00:00:00,-1,0.0,0.0,4.0,0.0,0.0,16.181,0.0,-1.0,brak,21.0,1.0,0.0,0.0,0.0,314.0,"SOK GREJPFRUT CZERWONY 0,85L ORYGINALNY SOK",5903175642448.0,brak,-1.0,1.0,ORYGINALNY SOK,DF,0,IP,0.0,sprzedaz,0,sok grejpfrut czerwony 0 85l oryginalny sok,oryginalny sok,0,false
81358,2026-01-17 00:00:00,-1,0.0,0.0,4.0,0.0,0.0,16.181,0.0,-1.0,brak,21.0,1.0,0.0,0.0,0.0,314.0,"SOK GREJPFRUT CZERWONY 0,85L ORYGINALNY SOK",5903175642448.0,brak,-1.0,1.0,ORYGINALNY SOK,DF,0,IP,0.0,sprzedaz,0,sok grejpfrut czerwony 0 85l oryginalny sok,oryginalny sok,0,false
81358,2026-01-18 00:00:00,-1,0.0,0.0,4.0,0.0,0.0,16.181,0.0,-1.0,brak,21.0,1.0,0.0,0.0,0.0,314.0,"SOK GREJPFRUT CZERWONY 0,85L ORYGINALNY SOK",5903175642448.0,brak,-1.0,1.0,ORYGINALNY SOK,DF,0,IP,0.0,sprzedaz,0,sok grejpfrut czerwony 0 85l oryginalny sok,oryginalny sok,0,false
81358,2026-01-19 00:00:00,-1,0.0,0.0,4.0,0.0,0.0,16.181,0.0,-1.0,brak,21.0,1.0,0.0,0.0,0.0,314.0,"SOK GREJPFRUT CZERWONY 0,85L ORYGINALNY SOK",5903175642448.0,brak,-1.0,1.0,ORYGINALNY SOK,DF,0,IP,0.0,sprzedaz,0,sok grejpfrut czerwony 0 85l oryginalny sok,oryginalny sok,0,false
81358,2026-01-20 00:00:00,-1,0.0,0.0,4.0,0.0,0.0,16.181,0.0,-1.0,brak,21.0,1.0,0.0,0.0,0.0,314.0,"SOK GREJPFRUT CZERWONY 0,85L ORYGINALNY SOK",5903175642448.0,brak,-1.0,1.0,ORYGINALNY SOK,DF,0,IP,0.0,sprzedaz,0,sok grejpfrut czerwony 0 85l oryginalny sok,oryginalny sok,0,false
81358,2026-01-21 00:00:00,-1,0.0,0.0,4.0,0.0,0.0,16.181,0.0,-1.0,brak,21.0,1.0,0.0,0.0,0.0,314.0,"SOK GREJPFRUT CZERWONY 0,85L ORYGINALNY SOK",5903175642448.0,brak,-1.0,1.0,ORYGINALNY SOK,DF,0,IP,0.0,sprzedaz,0,sok grejpfrut czerwony 0 85l oryginalny sok,oryginalny sok,0,false
81358,2026-01-22 00:00:00,-1,0.0,0.0,4.0,0.0,0.0,16.181,0.0,-1.0,brak,21.0,1.0,0.0,0.0,0.0,314.0,"SOK GREJPFRUT CZERWONY 0,85L ORYGINALNY SOK",5903175642448.0,brak,-1.0,1.0,ORYGINALNY SOK,DF,0,IP,0.0,sprzedaz,0,sok grejpfrut czerwony 0 85l oryginalny sok,oryginalny sok,0,false
81358,2026-01-23 00:00:00,-1,0.0,0.0,4.0,0.0,0.0,16.181,0.0,-1.0,brak,21.0,1.0,0.0,0.0,0.0,314.0,"SOK GREJPFRUT CZERWONY 0,85L ORYGINALNY SOK",5903175642448.0,brak,-1.0,1.0,ORYGINALNY SOK,DF,0,IP,0.0,sprzedaz,0,sok grejpfrut czerwony 0 85l oryginalny sok,oryginalny sok,0,false
81358,2026-01-24 00:00:00,-1,0.0,0.0,4.0,0.0,0.0,16.181,0.0,-1.0,brak,21.0,1.0,0.0,0.0,0.0,314.0,"SOK GREJPFRUT CZERWONY 0,85L ORYGINALNY SOK",5903175642448.0,brak,-1.0,1.0,ORYGINALNY SOK,DF,0,IP,0.0,sprzedaz,0,sok grejpfrut czerwony 0 85l oryginalny sok,oryginalny sok,0,false
81358,2026-01-25 00:00:00,-1,0.0,0.0,4.0,0.0,0.0,16.181,0.0,-1.0,brak,21.0,1.0,0.0,0.0,0.0,314.0,"SOK GREJPFRUT CZERWONY 0,85L ORYGINALNY SOK",5903175642448.0,brak,-1.0,1.0,ORYGINALNY SOK,DF,0,IP,0.0,sprzedaz,0,sok grejpfrut czerwony 0 85l oryginalny sok,oryginalny sok,0,false
81358,2026-01-26 00:00:00,-1,0.0,0.0,4.0,0.0,0.0,16.181,0.0,-1.0,brak,21.0,1.0,0.0,0.0,0.0,314.0,"SOK GREJPFRUT CZERWONY 0,85L ORYGINALNY SOK",5903175642448.0,brak,-1.0,1.0,ORYGINALNY SOK,DF,0,IP,0.0,sprzedaz,0,sok grejpfrut czerwony 0 85l oryginalny sok,oryginalny sok,0,false
81358,2026-01-27 00:00:00,-1,0.0,0.0,4.0,0.0,0.0,16.181,0.0,-1.0,brak,21.0,1.0,0.0,0.0,0.0,314.0,"SOK GREJPFRUT CZERWONY 0,85L ORYGINALNY SOK",5903175642448.0,brak,-1.0,1.0,ORYGINALNY SOK,DF,0,IP,0.0,sprzedaz,0,sok grejpfrut czerwony 0 85l oryginalny sok,oryginalny sok,0,false
81358,2026-01-28 00:00:00,-1,0.0,0.0,4.0,0.0,0.0,16.181,0.0,-1.0,brak,21.0,1.0,0.0,0.0,0.0,314.0,"SOK GREJPFRUT CZERWONY 0,85L ORYGINALNY SOK",5903175642448.0,brak,-1.0,1.0,ORYGINALNY SOK,DF,0,IP,0.0,sprzedaz,0,sok grejpfrut czerwony 0 85l oryginalny sok,oryginalny sok,0,false
81358,2026-01-29 00:00:00,-1,0.0,0.0,4.0,0.0,0.0,16.181,0.0,-1.0,brak,21.0,1.0,0.0,0.0,0.0,314.0,"SOK GREJPFRUT CZERWONY 0,85L ORYGINALNY SOK",5903175642448.0,brak,-1.0,1.0,ORYGINALNY SOK,DF,0,IP,0.0,sprzedaz,0,sok grejpfrut czerwony 0 85l oryginalny sok,oryginalny sok,0,false
81358,2026-01-30 00:00:00,2236568,14.0,14.0,4.0,1.0,0.0,16.181,16.181,922.0,DF/PAR/260130/11885/2,21.0,1.0,124.17,124.17,124.17,314.0,"SOK GREJPFRUT CZERWONY 0,85L ORYGINALNY SOK",5903175642448.0,nan,-1.0,1.0,ORYGINALNY SOK,DF,1,IP,-1.0,sprzedaz,0,sok grejpfrut czerwony 0 85l oryginalny sok,oryginalny sok,0,false
81358,2026-01-31 00:00:00,-1,0.0,0.0,4.0,0.0,0.0,16.181,0.0,-1.0,brak,21.0,1.0,0.0,0.0,0.0,314.0,"SOK GREJPFRUT CZERWONY 0,85L ORYGINALNY SOK",5903175642448.0,brak,-1.0,1.0,ORYGINALNY SOK,DF,0,IP,0.0,sprzedaz,0,sok grejpfrut czerwony 0 85l oryginalny sok,oryginalny sok,0,false
18848,2025-12-03 00:00:00,2187872,6.0,4.0,4.0,1.0,0.0,13.4065,13.4065,916.0,DF/PAR/251203/485/1,21.0,1.0,67.07,67.07,67.07,8.0,"NAPÓJ ALK KRUPNIK ŚLIWKOWY 28% 0,2L",5900595008472.0,nan,-1.0,1.0,3 WÓDKI I NAP.ALK POWYŻEJ 18%,DF,1,IP,-1.0,sprzedaz,0,napoj alk krupnik sliwkowy 28 0 2l,3 wodki i nap alk powyzej 18,0,false
18848,2025-12-03 00:00:00,2187872,7.0,5.0,4.0,1.0,0.0,13.4065,13.4065,916.0,DF/PAR/251203/485/1,21.0,1.0,67.07,67.07,67.07,8.0,"NAPÓJ ALK KRUPNIK ŚLIWKOWY 28% 0,2L",5900595008472.0,nan,-1.0,1.0,3 WÓDKI I NAP.ALK POWYŻEJ 18%,DF,1,IP,-1.0,sprzedaz,0,napoj alk krupnik sliwkowy 28 0 2l,3 wodki i nap alk powyzej 18,0,false
18848,2025-12-04 00:00:00,-1,0.0,0.0,4.0,0.0,0.0,13.4065,0.0,-1.0,brak,21.0,1.0,0.0,0.0,0.0,8.0,"NAPÓJ ALK KRUPNIK ŚLIWKOWY 28% 0,2L",5900595008472.0,brak,-1.0,1.0,3 WÓDKI I NAP.ALK POWYŻEJ 18%,DF,0,IP,0.0,sprzedaz,0,napoj alk krupnik sliwkowy 28 0 2l,3 wodki i nap alk powyzej 18,0,false
18848,2025-12-05 00:00:00,-1,0.0,0.0,4.0,0.0,0.0,13.4065,0.0,-1.0,brak,21.0,1.0,0.0,0.0,0.0,8.0,"NAPÓJ ALK KRUPNIK ŚLIWKOWY 28% 0,2L",5900595008472.0,brak,-1.0,1.0,3 WÓDKI I NAP.ALK POWYŻEJ 18%,DF,0,IP,0.0,sprzedaz,0,napoj alk krupnik sliwkowy 28 0 2l,3 wodki i nap alk powyzej 18,0,false
18848,2025-12-06 00:00:00,-1,0.0,0.0,4.0,0.0,0.0,13.4065,0.0,-1.0,brak,21.0,1.0,0.0,0.0,0.0,8.0,"NAPÓJ ALK KRUPNIK ŚLIWKOWY 28% 0,2L",5900595008472.0,brak,-1.0,1.0,3 WÓDKI I NAP.ALK POWYŻEJ 18%,DF,0,IP,0.0,sprzedaz,0,napoj alk krupnik sliwkowy 28 0 2l,3 wodki i nap alk powyzej 18,0,false
18848,2025-12-07 00:00:00,-1,0.0,0.0,4.0,0.0,0.0,13.4065,0.0,-1.0,brak,21.0,1.0,0.0,0.0,0.0,8.0,"NAPÓJ ALK KRUPNIK ŚLIWKOWY 28% 0,2L",5900595008472.0,brak,-1.0,1.0,3 WÓDKI I NAP.ALK POWYŻEJ 18%,DF,0,IP,0.0,sprzedaz,0,napoj alk krupnik sliwkowy 28 0 2l,3 wodki i nap alk powyzej 18,0,false
18848,2025-12-08 00:00:00,-1,0.0,0.0,4.0,0.0,0.0,13.4065,0.0,-1.0,brak,21.0,1.0,0.0,0.0,0.0,8.0,"NAPÓJ ALK KRUPNIK ŚLIWKOWY 28% 0,2L",5900595008472.0,brak,-1.0,1.0,3 WÓDKI I NAP.ALK POWYŻEJ 18%,DF,0,IP,0.0,sprzedaz,0,napoj alk krupnik sliwkowy 28 0 2l,3 wodki i nap alk powyzej 18,0,false
18848,2025-12-09 00:00:00,-1,0.0,0.0,4.0,0.0,0.0,13.4065,0.0,-1.0,brak,21.0,1.0,0.0,0.0,0.0,8.0,"NAPÓJ ALK KRUPNIK ŚLIWKOWY 28% 0,2L",5900595008472.0,brak,-1.0,1.0,3 WÓDKI I NAP.ALK POWYŻEJ 18%,DF,0,IP,0.0,sprzedaz,0,napoj alk krupnik sliwkowy 28 0 2l,3 wodki i nap alk powyzej 18,0,false
18848,2025-12-10 00:00:00,-1,0.0,0.0,4.0,0.0,0.0,13.4065,0.0,-1.0,brak,21.0,1.0,0.0,0.0,0.0,8.0,"NAPÓJ ALK KRUPNIK ŚLIWKOWY 28% 0,2L",5900595008472.0,brak,-1.0,1.0,3 WÓDKI I NAP.ALK POWYŻEJ 18%,DF,0,IP,0.0,sprzedaz,0,napoj alk krupnik sliwkowy 28 0 2l,3 wodki i nap alk powyzej 18,0,false
18848,2025-12-11 00:00:00,-1,0.0,0.0,4.0,0.0,0.0,13.4065,0.0,-1.0,brak,21.0,1.0,0.0,0.0,0.0,8.0,"NAPÓJ ALK KRUPNIK ŚLIWKOWY 28% 0,2L",5900595008472.0,brak,-1.0,1.0,3 WÓDKI I NAP.ALK POWYŻEJ 18%,DF,0,IP,0.0,sprzedaz,0,napoj alk krupnik sliwkowy 28 0 2l,3 wodki i nap alk powyzej 18,0,false
18848,2025-12-12 00:00:00,-1,0.0,0.0,4.0,0.0,0.0,13.4065,0.0,-1.0,brak,21.0,1.0,0.0,0.0,0.0,8.0,"NAPÓJ ALK KRUPNIK ŚLIWKOWY 28% 0,2L",5900595008472.0,brak,-1.0,1.0,3 WÓDKI I NAP.ALK POWYŻEJ 18%,DF,0,IP,0.0,sprzedaz,0,napoj alk krupnik sliwkowy 28 0 2l,3 wodki i nap alk powyzej 18,0,false
18848,2025-12-13 00:00:00,-1,0.0,0.0,4.0,0.0,0.0,13.4065,0.0,-1.0,brak,21.0,1.0,0.0,0.0,0.0,8.0,"NAPÓJ ALK KRUPNIK ŚLIWKOWY 28% 0,2L",5900595008472.0,brak,-1.0,1.0,3 WÓDKI I NAP.ALK POWYŻEJ 18%,DF,0,IP,0.0,sprzedaz,0,napoj alk krupnik sliwkowy 28 0 2l,3 wodki i nap alk powyzej 18,0,false
18848,2025-12-14 00:00:00,-1,0.0,0.0,4.0,0.0,0.0,13.4065,0.0,-1.0,brak,21.0,1.0,0.0,0.0,0.0,8.0,"NAPÓJ ALK KRUPNIK ŚLIWKOWY 28% 0,2L",5900595008472.0,brak,-1.0,1.0,3 WÓDKI I NAP.ALK POWYŻEJ 18%,DF,0,IP,0.0,sprzedaz,0,napoj alk krupnik sliwkowy 28 0 2l,3 wodki i nap alk powyzej 18,0,false
18848,2025-12-15 00:00:00,-1,0.0,0.0,4.0,0.0,0.0,13.4065,0.0,-1.0,brak,21.0,1.0,0.0,0.0,0.0,8.0,"NAPÓJ ALK KRUPNIK ŚLIWKOWY 28% 0,2L",5900595008472.0,brak,-1.0,1.0,3 WÓDKI I NAP.ALK POWYŻEJ 18%,DF,0,IP,0.0,sprzedaz,0,napoj alk krupnik sliwkowy 28 0 2l,3 wodki i nap alk powyzej 18,0,false
18848,2025-12-16 00:00:00,-1,0.0,0.0,4.0,0.0,0.0,13.4065,0.0,-1.0,brak,21.0,1.0,0.0,0.0,0.0,8.0,"NAPÓJ ALK KRUPNIK ŚLIWKOWY 28% 0,2L",5900595008472.0,brak,-1.0,1.0,3 WÓDKI I NAP.ALK POWYŻEJ 18%,DF,0,IP,0.0,sprzedaz,0,napoj alk krupnik sliwkowy 28 0 2l,3 wodki i nap alk powyzej 18,0,false
18848,2025-12-17 00:00:00,-1,0.0,0.0,4.0,0.0,0.0,13.4065,0.0,-1.0,brak,21.0,1.0,0.0,0.0,0.0,8.0,"NAPÓJ ALK KRUPNIK ŚLIWKOWY 28% 0,2L",5900595008472.0,brak,-1.0,1.0,3 WÓDKI I NAP.ALK POWYŻEJ 18%,DF,0,IP,0.0,sprzedaz,0,napoj alk krupnik sliwkowy 28 0 2l,3 wodki i nap alk powyzej 18,0,false
17659,2025-12-04 00:00:00,2188098,1.0,1.0,4.0,1.0,0.0,4.8699,4.8699,147.0,DF/PAR/251204/2104/2,21.0,1.0,29.49,29.49,29.49,223.0,MIKOŁAJ FIGARO Z CZEKOLADY 40G IDC,8585000206437.0,SLODYCZE,224.0,1.0,CZEKOLADY,DF,1,IP,-1.0,sprzedaz,0,mikolaj figaro z czekolady 40g idc,czekolady,0,false
17659,2025-12-04 00:00:00,2188211,1.0,1.0,4.0,1.0,0.0,4.8699,4.8699,260.0,DF/PAR/251204/2187/2,21.0,1.0,20.46,20.46,20.46,223.0,MIKOŁAJ FIGARO Z CZEKOLADY 40G IDC,8585000206437.0,SLODYCZE,224.0,1.0,CZEKOLADY,DF,1,IP,-1.0,sprzedaz,0,mikolaj figaro z czekolady 40g idc,czekolady,0,false
17659,2025-12-05 00:00:00,2189248,1.0,1.0,4.0,1.0,0.0,4.8699,4.8699,311.0,DF/PAR/251205/2912/2,21.0,1.0,10.98,10.98,10.98,223.0,MIKOŁAJ FIGARO Z CZEKOLADY 40G IDC,8585000206437.0,SLODYCZE,224.0,1.0,CZEKOLADY,DF,1,IP,-1.0,sprzedaz,0,mikolaj figaro z czekolady 40g idc,czekolady,0,false
17659,2025-12-05 00:00:00,2189466,1.0,1.0,4.0,1.0,0.0,4.8699,4.8699,529.0,DF/PAR/251205/3046/2,21.0,1.0,18.46,18.46,18.46,223.0,MIKOŁAJ FIGARO Z CZEKOLADY 40G IDC,8585000206437.0,SLODYCZE,224.0,1.0,CZEKOLADY,DF,1,IP,-1.0,sprzedaz,0,mikolaj figaro z czekolady 40g idc,czekolady,0,false
17659,2025-12-05 00:00:00,2189771,5.0,5.0,4.0,1.0,0.0,4.8699,4.8699,834.0,DF/PAR/251205/3236/2,21.0,1.0,55.88,55.88,55.88,223.0,MIKOŁAJ FIGARO Z CZEKOLADY 40G IDC,8585000206437.0,SLODYCZE,224.0,1.0,CZEKOLADY,DF,1,IP,-1.0,sprzedaz,0,mikolaj figaro z czekolady 40g idc,czekolady,0,false
17659,2025-12-05 00:00:00,2189771,6.0,6.0,4.0,1.0,0.0,4.8699,4.8699,834.0,DF/PAR/251205/3236/2,21.0,1.0,55.88,55.88,55.88,223.0,MIKOŁAJ FIGARO Z CZEKOLADY 40G IDC,8585000206437.0,SLODYCZE,224.0,1.0,CZEKOLADY,DF,1,IP,-1.0,sprzedaz,0,mikolaj figaro z czekolady 40g idc,czekolady,0,false
17659,2025-12-06 00:00:00,2190081,2.0,2.0,4.0,1.0,0.0,4.8699,4.8699,131.0,DF/PAR/251206/928/1,21.0,1.0,26.98,26.98,26.98,223.0,MIKOŁAJ FIGARO Z CZEKOLADY 40G IDC,8585000206437.0,SLODYCZE,224.0,1.0,CZEKOLADY,DF,1,IP,-1.0,sprzedaz,0,mikolaj figaro z czekolady 40g idc,czekolady,0,false
17659,2025-12-06 00:00:00,2190086,1.0,1.0,4.0,1.0,0.0,4.8699,4.8699,136.0,DF/PAR/251206/3454/2,21.0,1.0,11.98,11.98,11.98,223.0,MIKOŁAJ FIGARO Z CZEKOLADY 40G IDC,8585000206437.0,SLODYCZE,224.0,1.0,CZEKOLADY,DF,1,IP,-1.0,sprzedaz,0,mikolaj figaro z czekolady 40g idc,czekolady,0,false
17659,2025-12-06 00:00:00,2190086,2.0,2.0,4.0,1.0,0.0,4.8699,4.8699,136.0,DF/PAR/251206/3454/2,21.0,1.0,11.98,11.98,11.98,223.0,MIKOŁAJ FIGARO Z CZEKOLADY 40G IDC,8585000206437.0,SLODYCZE,224.0,1.0,CZEKOLADY,DF,1,IP,-1.0,sprzedaz,0,mikolaj figaro z czekolady 40g idc,czekolady,0,false
17659,2025-12-06 00:00:00,2190122,1.0,1.0,4.0,1.0,0.0,4.8699,4.8699,172.0,DF/PAR/251206/3485/2,21.0,1.0,21.97,21.97,21.97,223.0,MIKOŁAJ FIGARO Z CZEKOLADY 40G IDC,8585000206437.0,SLODYCZE,224.0,1.0,CZEKOLADY,DF,1,IP,-1.0,sprzedaz,0,mikolaj figaro z czekolady 40g idc,czekolady,0,false
17659,2025-12-06 00:00:00,2190413,4.0,4.0,4.0,1.0,0.0,4.8699,4.8699,463.0,DF/PAR/251206/3654/2,21.0,1.0,24.75,24.75,24.75,223.0,MIKOŁAJ FIGARO Z CZEKOLADY 40G IDC,8585000206437.0,SLODYCZE,224.0,1.0,CZEKOLADY,DF,1,IP,-1.0,sprzedaz,0,mikolaj figaro z czekolady 40g idc,czekolady,0,false
17659,2025-12-06 00:00:00,2190476,2.0,2.0,4.0,1.0,0.0,4.8699,4.8699,525.0,DF/PAR/251206/1082/1,21.0,1.0,12.48,12.48,12.48,223.0,MIKOŁAJ FIGARO Z CZEKOLADY 40G IDC,8585000206437.0,SLODYCZE,224.0,1.0,CZEKOLADY,DF,1,IP,-1.0,sprzedaz,0,mikolaj figaro z czekolady 40g idc,czekolady,0,false
17659,2025-12-06 00:00:00,2190752,1.0,1.0,4.0,3.0,0.0,4.8699,14.6098,799.0,DF/PAR/251206/3812/2,21.0,1.0,32.94,32.94,32.94,223.0,MIKOŁAJ FIGARO Z CZEKOLADY 40G IDC,8585000206437.0,SLODYCZE,224.0,1.0,CZEKOLADY,DF,1,IP,-1.0,sprzedaz,0,mikolaj figaro z czekolady 40g idc,czekolady,0,false
17659,2025-12-07 00:00:00,-1,0.0,0.0,4.0,0.0,0.0,4.8699,0.0,-1.0,brak,21.0,1.0,0.0,0.0,0.0,223.0,MIKOŁAJ FIGARO Z CZEKOLADY 40G IDC,8585000206437.0,brak,224.0,1.0,CZEKOLADY,DF,0,IP,0.0,sprzedaz,0,mikolaj figaro z czekolady 40g idc,czekolady,0,false
17659,2025-12-08 00:00:00,2191431,1.0,1.0,4.0,1.0,0.0,4.8699,4.8699,225.0,DF/PAR/251208/4334/2,21.0,1.0,9.98,9.98,9.98,223.0,MIKOŁAJ FIGARO Z CZEKOLADY 40G IDC,8585000206437.0,SLODYCZE,224.0,1.0,CZEKOLADY,DF,1,IP,-1.0,sprzedaz,0,mikolaj figaro z czekolady 40g idc,czekolady,0,false
17659,2025-12-09 00:00:00,-1,0.0,0.0,4.0,0.0,0.0,4.8699,0.0,-1.0,brak,21.0,1.0,0.0,0.0,0.0,223.0,MIKOŁAJ FIGARO Z CZEKOLADY 40G IDC,8585000206437.0,brak,224.0,1.0,CZEKOLADY,DF,0,IP,0.0,sprzedaz,0,mikolaj figaro z czekolady 40g idc,czekolady,0,false
17659,2025-12-10 00:00:00,-1,0.0,0.0,4.0,0.0,0.0,4.8699,0.0,-1.0,brak,21.0,1.0,0.0,0.0,0.0,223.0,MIKOŁAJ FIGARO Z CZEKOLADY 40G IDC,8585000206437.0,brak,224.0,1.0,CZEKOLADY,DF,0,IP,0.0,sprzedaz,0,mikolaj figaro z czekolady 40g idc,czekolady,0,false
17659,2025-12-11 00:00:00,2194552,1.0,1.0,4.0,1.0,0.0,4.8699,4.8699,211.0,DF/PAR/251211/6431/2,21.0,1.0,38.74,38.74,38.74,223.0,MIKOŁAJ FIGARO Z CZEKOLADY 40G IDC,8585000206437.0,SLODYCZE,224.0,1.0,CZEKOLADY,DF,1,IP,-1.0,sprzedaz,0,mikolaj figaro z czekolady 40g idc,czekolady,0,false
17659,2025-12-11 00:00:00,2194750,9.0,9.0,4.0,1.0,0.0,4.8699,4.8699,409.0,DF/PAR/251211/6578/2,21.0,1.0,49.36,49.36,49.36,223.0,MIKOŁAJ FIGARO Z CZEKOLADY 40G IDC,8585000206437.0,SLODYCZE,224.0,1.0,CZEKOLADY,DF,1,IP,-1.0,sprzedaz,0,mikolaj figaro z czekolady 40g idc,czekolady,0,false
17659,2025-12-11 00:00:00,2194750,10.0,10.0,4.0,5.0,0.0,4.8699,24.3496,409.0,DF/PAR/251211/6578/2,21.0,1.0,49.36,49.36,49.36,223.0,MIKOŁAJ FIGARO Z CZEKOLADY 40G IDC,8585000206437.0,SLODYCZE,224.0,1.0,CZEKOLADY,DF,1,IP,-1.0,sprzedaz,0,mikolaj figaro z czekolady 40g idc,czekolady,0,false
17659,2025-12-12 00:00:00,-1,0.0,0.0,4.0,0.0,0.0,4.8699,0.0,-1.0,brak,21.0,1.0,0.0,0.0,0.0,223.0,MIKOŁAJ FIGARO Z CZEKOLADY 40G IDC,8585000206437.0,brak,224.0,1.0,CZEKOLADY,DF,0,IP,0.0,sprzedaz,0,mikolaj figaro z czekolady 40g idc,czekolady,0,false
17659,2025-12-13 00:00:00,2196960,8.0,7.0,4.0,1.0,0.0,4.8699,4.8699,510.0,DF/PAR/251213/7945/2,21.0,1.0,23.33,23.33,23.33,223.0,MIKOŁAJ FIGARO Z CZEKOLADY 40G IDC,8585000206437.0,SLODYCZE,224.0,1.0,CZEKOLADY,DF,1,IP,-1.0,sprzedaz,0,mikolaj figaro z czekolady 40g idc,czekolady,0,false
17659,2025-12-14 00:00:00,2197625,6.0,4.0,4.0,1.0,0.0,4.8699,4.8699,121.0,DF/PAR/251214/8234/2,21.0,1.0,18.55,18.55,18.55,223.0,MIKOŁAJ FIGARO Z CZEKOLADY 40G IDC,8585000206437.0,SLODYCZE,224.0,1.0,CZEKOLADY,DF,1,IP,-1.0,sprzedaz,0,mikolaj figaro z czekolady 40g idc,czekolady,0,false
17659,2025-12-14 00:00:00,2197625,7.0,5.0,4.0,1.0,0.0,4.8699,4.8699,121.0,DF/PAR/251214/8234/2,21.0,1.0,18.55,18.55,18.55,223.0,MIKOŁAJ FIGARO Z CZEKOLADY 40G IDC,8585000206437.0,SLODYCZE,224.0,1.0,CZEKOLADY,DF,1,IP,-1.0,sprzedaz,0,mikolaj figaro z czekolady 40g idc,czekolady,0,false
17659,2025-12-14 00:00:00,2197677,6.0,6.0,4.0,1.0,0.0,4.8699,4.8699,173.0,DF/PAR/251214/8283/2,21.0,1.0,52.43,52.43,52.43,223.0,MIKOŁAJ FIGARO Z CZEKOLADY 40G IDC,8585000206437.0,SLODYCZE,224.0,1.0,CZEKOLADY,DF,1,IP,-1.0,sprzedaz,0,mikolaj figaro z czekolady 40g idc,czekolady,0,false
17659,2025-12-15 00:00:00,-1,0.0,0.0,4.0,0.0,0.0,4.8699,0.0,-1.0,brak,21.0,1.0,0.0,0.0,0.0,223.0,MIKOŁAJ FIGARO Z CZEKOLADY 40G IDC,8585000206437.0,brak,224.0,1.0,CZEKOLADY,DF,0,IP,0.0,sprzedaz,0,mikolaj figaro z czekolady 40g idc,czekolady,0,false
17659,2025-12-16 00:00:00,2199107,9.0,9.0,4.0,1.0,0.0,4.8699,4.8699,187.0,DF/PAR/251216/9286/2,21.0,1.0,129.01,129.01,129.01,223.0,MIKOŁAJ FIGARO Z CZEKOLADY 40G IDC,8585000206437.0,SLODYCZE,224.0,1.0,CZEKOLADY,DF,1,IP,-1.0,sprzedaz,0,mikolaj figaro z czekolady 40g idc,czekolady,0,false
17659,2025-12-17 00:00:00,2200696,3.0,3.0,4.0,1.0,0.0,4.8699,4.8699,732.0,DF/PAR/251217/2879/1,21.0,1.0,18.47,18.47,18.47,223.0,MIKOŁAJ FIGARO Z CZEKOLADY 40G IDC,8585000206437.0,SLODYCZE,224.0,1.0,CZEKOLADY,DF,1,IP,-1.0,sprzedaz,0,mikolaj figaro z czekolady 40g idc,czekolady,0,false
17659,2025-12-18 00:00:00,2201422,3.0,3.0,4.0,1.0,0.0,4.8699,4.8699,354.0,DF/PAR/251218/3017/1,21.0,1.0,25.96,25.96,25.96,223.0,MIKOŁAJ FIGARO Z CZEKOLADY 40G IDC,8585000206437.0,SLODYCZE,224.0,1.0,CZEKOLADY,DF,1,IP,-1.0,sprzedaz,0,mikolaj figaro z czekolady 40g idc,czekolady,0,false
17659,2025-12-18 00:00:00,2201422,4.0,4.0,4.0,1.0,0.0,4.8699,4.8699,354.0,DF/PAR/251218/3017/1,21.0,1.0,25.96,25.96,25.96,223.0,MIKOŁAJ FIGARO Z CZEKOLADY 40G IDC,8585000206437.0,SLODYCZE,224.0,1.0,CZEKOLADY,DF,1,IP,-1.0,sprzedaz,0,mikolaj figaro z czekolady 40g idc,czekolady,0,false
17659,2025-12-19 00:00:00,2202609,2.0,2.0,4.0,1.0,0.0,4.8699,4.8699,410.0,DF/PAR/251219/3240/1,21.0,1.0,42.7,42.7,42.7,223.0,MIKOŁAJ FIGARO Z CZEKOLADY 40G IDC,8585000206437.0,SLODYCZE,224.0,1.0,CZEKOLADY,DF,1,IP,-1.0,sprzedaz,0,mikolaj figaro z czekolady 40g idc,czekolady,0,false
17659,2025-12-19 00:00:00,2202609,3.0,3.0,4.0,1.0,0.0,4.8699,4.8699,410.0,DF/PAR/251219/3240/1,21.0,1.0,42.7,42.7,42.7,223.0,MIKOŁAJ FIGARO Z CZEKOLADY 40G IDC,8585000206437.0,SLODYCZE,224.0,1.0,CZEKOLADY,DF,1,IP,-1.0,sprzedaz,0,mikolaj figaro z czekolady 40g idc,czekolady,0,false
17659,2025-12-19 00:00:00,2202759,24.0,24.0,4.0,1.0,0.0,4.8699,4.8699,560.0,DF/PAR/251219/11630/2,21.0,1.0,119.22,119.22,119.22,223.0,MIKOŁAJ FIGARO Z CZEKOLADY 40G IDC,8585000206437.0,SLODYCZE,224.0,1.0,CZEKOLADY,DF,1,IP,-1.0,sprzedaz,0,mikolaj figaro z czekolady 40g idc,czekolady,0,false
17659,2025-12-20 00:00:00,-1,0.0,0.0,4.0,0.0,0.0,4.8699,0.0,-1.0,brak,21.0,1.0,0.0,0.0,0.0,223.0,MIKOŁAJ FIGARO Z CZEKOLADY 40G IDC,8585000206437.0,brak,224.0,1.0,CZEKOLADY,DF,0,IP,0.0,sprzedaz,0,mikolaj figaro z czekolady 40g idc,czekolady,0,false
17659,2025-12-21 00:00:00,-1,0.0,0.0,4.0,0.0,0.0,4.8699,0.0,-1.0,brak,21.0,1.0,0.0,0.0,0.0,223.0,MIKOŁAJ FIGARO Z CZEKOLADY 40G IDC,8585000206437.0,brak,224.0,1.0,CZEKOLADY,DF,0,IP,0.0,sprzedaz,0,mikolaj figaro z czekolady 40g idc,czekolady,0,false
17659,2025-12-22 00:00:00,2205668,1.0,1.0,4.0,1.0,0.0,4.8699,4.8699,742.0,DF/PAR/251222/4058/1,21.0,1.0,16.98,16.98,16.98,223.0,MIKOŁAJ FIGARO Z CZEKOLADY 40G IDC,8585000206437.0,SLODYCZE,224.0,1.0,CZEKOLADY,DF,1,IP,-1.0,sprzedaz,0,mikolaj figaro z czekolady 40g idc,czekolady,0,false
17659,2025-12-23 00:00:00,2206344,3.0,3.0,4.0,10.0,0.0,4.8699,48.6992,9.0,DF/PAR/251223/13546/2,21.0,1.0,74.05,74.05,74.05,223.0,MIKOŁAJ FIGARO Z CZEKOLADY 40G IDC,8585000206437.0,SLODYCZE,224.0,1.0,CZEKOLADY,DF,1,IP,-1.0,sprzedaz,0,mikolaj figaro z czekolady 40g idc,czekolady,0,false
17659,2025-12-23 00:00:00,2206809,1.0,1.0,4.0,6.0,0.0,4.8699,29.2195,473.0,DF/PAR/251223/4567/1,21.0,1.0,35.94,35.94,35.94,223.0,MIKOŁAJ FIGARO Z CZEKOLADY 40G IDC,8585000206437.0,SLODYCZE,224.0,1.0,CZEKOLADY,DF,1,IP,-1.0,sprzedaz,0,mikolaj figaro z czekolady 40g idc,czekolady,0,false
17659,2025-12-23 00:00:00,2207125,5.0,5.0,4.0,1.0,0.0,4.8699,4.8699,787.0,DF/PAR/251223/13988/2,21.0,1.0,30.95,30.95,30.95,223.0,MIKOŁAJ FIGARO Z CZEKOLADY 40G IDC,8585000206437.0,SLODYCZE,224.0,1.0,CZEKOLADY,DF,1,IP,-1.0,sprzedaz,0,mikolaj figaro z czekolady 40g idc,czekolady,0,false
17659,2025-12-23 00:00:00,2207361,2.0,2.0,4.0,4.0,0.0,4.8699,19.4797,1023.0,DF/PAR/251223/4808/1,21.0,1.0,48.94,48.94,48.94,223.0,MIKOŁAJ FIGARO Z CZEKOLADY 40G IDC,8585000206437.0,SLODYCZE,224.0,1.0,CZEKOLADY,DF,1,IP,-1.0,sprzedaz,0,mikolaj figaro z czekolady 40g idc,czekolady,0,false
17659,2025-12-23 00:00:00,2207362,1.0,1.0,4.0,1.0,0.0,4.8699,4.8699,1024.0,DF/PAR/251223/14064/2,21.0,1.0,23.96,23.96,23.96,223.0,MIKOŁAJ FIGARO Z CZEKOLADY 40G IDC,8585000206437.0,SLODYCZE,224.0,1.0,CZEKOLADY,DF,1,IP,-1.0,sprzedaz,0,mikolaj figaro z czekolady 40g idc,czekolady,0,false
17659,2025-12-23 00:00:00,2207362,2.0,2.0,4.0,1.0,0.0,4.8699,4.8699,1024.0,DF/PAR/251223/14064/2,21.0,1.0,23.96,23.96,23.96,223.0,MIKOŁAJ FIGARO Z CZEKOLADY 40G IDC,8585000206437.0,SLODYCZE,224.0,1.0,CZEKOLADY,DF,1,IP,-1.0,sprzedaz,0,mikolaj figaro z czekolady 40g idc,czekolady,0,false
17659,2025-12-23 00:00:00,2207362,3.0,3.0,4.0,1.0,0.0,4.8699,4.8699,1024.0,DF/PAR/251223/14064/2,21.0,1.0,23.96,23.96,23.96,223.0,MIKOŁAJ FIGARO Z CZEKOLADY 40G IDC,8585000206437.0,SLODYCZE,224.0,1.0,CZEKOLADY,DF,1,IP,-1.0,sprzedaz,0,mikolaj figaro z czekolady 40g idc,czekolady,0,false
17659,2025-12-23 00:00:00,2207362,4.0,4.0,4.0,1.0,0.0,4.8699,4.8699,1024.0,DF/PAR/251223/14064/2,21.0,1.0,23.96,23.96,23.96,223.0,MIKOŁAJ FIGARO Z CZEKOLADY 40G IDC,8585000206437.0,SLODYCZE,224.0,1.0,CZEKOLADY,DF,1,IP,-1.0,sprzedaz,0,mikolaj figaro z czekolady 40g idc,czekolady,0,false
17659,2025-12-23 00:00:00,2207602,10.0,10.0,4.0,1.0,0.0,4.8699,4.8699,1260.0,DF/PAR/251223/14158/2,21.0,1.0,73.98,73.98,73.98,223.0,MIKOŁAJ FIGARO Z CZEKOLADY 40G IDC,8585000206437.0,SLODYCZE,224.0,1.0,CZEKOLADY,DF,1,IP,-1.0,sprzedaz,0,mikolaj figaro z czekolady 40g idc,czekolady,0,false
17659,2025-12-23 00:00:00,2207602,11.0,11.0,4.0,1.0,0.0,4.8699,4.8699,1260.0,DF/PAR/251223/14158/2,21.0,1.0,73.98,73.98,73.98,223.0,MIKOŁAJ FIGARO Z CZEKOLADY 40G IDC,8585000206437.0,SLODYCZE,224.0,1.0,CZEKOLADY,DF,1,IP,-1.0,sprzedaz,0,mikolaj figaro z czekolady 40g idc,czekolady,0,false
17659,2025-12-24 00:00:00,-1,0.0,0.0,4.0,0.0,0.0,4.8699,0.0,-1.0,brak,21.0,1.0,0.0,0.0,0.0,223.0,MIKOŁAJ FIGARO Z CZEKOLADY 40G IDC,8585000206437.0,brak,224.0,1.0,CZEKOLADY,DF,0,IP,0.0,sprzedaz,0,mikolaj figaro z czekolady 40g idc,czekolady,0,false
17659,2025-12-25 00:00:00,-1,0.0,0.0,4.0,0.0,0.0,4.8699,0.0,-1.0,brak,21.0,1.0,0.0,0.0,0.0,223.0,MIKOŁAJ FIGARO Z CZEKOLADY 40G IDC,8585000206437.0,brak,224.0,1.0,CZEKOLADY,DF,0,IP,0.0,sprzedaz,0,mikolaj figaro z czekolady 40g idc,czekolady,0,false
17659,2025-12-26 00:00:00,-1,0.0,0.0,4.0,0.0,0.0,4.8699,0.0,-1.0,brak,21.0,1.0,0.0,0.0,0.0,223.0,MIKOŁAJ FIGARO Z CZEKOLADY 40G IDC,8585000206437.0,brak,224.0,1.0,CZEKOLADY,DF,0,IP,0.0,sprzedaz,0,mikolaj figaro z czekolady 40g idc,czekolady,0,false
17659,2025-12-27 00:00:00,2208379,2.0,2.0,4.0,1.0,0.0,4.8699,4.8699,540.0,DF/PAR/251227/5343/1,21.0,1.0,33.54,33.54,33.54,223.0,MIKOŁAJ FIGARO Z CZEKOLADY 40G IDC,8585000206437.0,SLODYCZE,224.0,1.0,CZEKOLADY,DF,1,IP,-1.0,sprzedaz,0,mikolaj figaro z czekolady 40g idc,czekolady,0,false
17659,2025-12-28 00:00:00,-1,0.0,0.0,4.0,0.0,0.0,4.8699,0.0,-1.0,brak,21.0,1.0,0.0,0.0,0.0,223.0,MIKOŁAJ FIGARO Z CZEKOLADY 40G IDC,8585000206437.0,brak,224.0,1.0,CZEKOLADY,DF,0,IP,0.0,sprzedaz,0,mikolaj figaro z czekolady 40g idc,czekolady,0,false
17659,2025-12-29 00:00:00,-1,0.0,0.0,4.0,0.0,0.0,4.8699,0.0,-1.0,brak,21.0,1.0,0.0,0.0,0.0,223.0,MIKOŁAJ FIGARO Z CZEKOLADY 40G IDC,8585000206437.0,brak,224.0,1.0,CZEKOLADY,DF,0,IP,0.0,sprzedaz,0,mikolaj figaro z czekolady 40g idc,czekolady,0,false
17659,2025-12-30 00:00:00,-1,0.0,0.0,4.0,0.0,0.0,4.8699,0.0,-1.0,brak,21.0,1.0,0.0,0.0,0.0,223.0,MIKOŁAJ FIGARO Z CZEKOLADY 40G IDC,8585000206437.0,brak,224.0,1.0,CZEKOLADY,DF,0,IP,0.0,sprzedaz,0,mikolaj figaro z czekolady 40g idc,czekolady,0,false
17659,2025-12-31 00:00:00,-1,0.0,0.0,4.0,0.0,0.0,4.8699,0.0,-1.0,brak,21.0,1.0,0.0,0.0,0.0,223.0,MIKOŁAJ FIGARO Z CZEKOLADY 40G IDC,8585000206437.0,brak,224.0,1.0,CZEKOLADY,DF,0,IP,0.0,sprzedaz,0,mikolaj figaro z czekolady 40g idc,czekolady,0,false
17659,2026-01-01 00:00:00,-1,0.0,0.0,4.0,0.0,0.0,4.8699,0.0,-1.0,brak,21.0,1.0,0.0,0.0,0.0,223.0,MIKOŁAJ FIGARO Z CZEKOLADY 40G IDC,8585000206437.0,brak,224.0,1.0,CZEKOLADY,DF,0,IP,0.0,sprzedaz,0,mikolaj figaro z czekolady 40g idc,czekolady,0,false
17659,2026-01-02 00:00:00,-1,0.0,0.0,4.0,0.0,0.0,4.8699,0.0,-1.0,brak,21.0,1.0,0.0,0.0,0.0,223.0,MIKOŁAJ FIGARO Z CZEKOLADY 40G IDC,8585000206437.0,brak,224.0,1.0,CZEKOLADY,DF,0,IP,0.0,sprzedaz,0,mikolaj figaro z czekolady 40g idc,czekolady,0,false
17659,2026-01-03 00:00:00,-1,0.0,0.0,4.0,0.0,0.0,4.8699,0.0,-1.0,brak,21.0,1.0,0.0,0.0,0.0,223.0,MIKOŁAJ FIGARO Z CZEKOLADY 40G IDC,8585000206437.0,brak,224.0,1.0,CZEKOLADY,DF,0,IP,0.0,sprzedaz,0,mikolaj figaro z czekolady 40g idc,czekolady,0,false
17659,2026-01-04 00:00:00,-1,0.0,0.0,4.0,0.0,0.0,4.8699,0.0,-1.0,brak,21.0,1.0,0.0,0.0,0.0,223.0,MIKOŁAJ FIGARO Z CZEKOLADY 40G IDC,8585000206437.0,brak,224.0,1.0,CZEKOLADY,DF,0,IP,0.0,sprzedaz,0,mikolaj figaro z czekolady 40g idc,czekolady,0,false
17659,2026-01-05 00:00:00,-1,0.0,0.0,4.0,0.0,0.0,4.8699,0.0,-1.0,brak,21.0,1.0,0.0,0.0,0.0,223.0,MIKOŁAJ FIGARO Z CZEKOLADY 40G IDC,8585000206437.0,brak,224.0,1.0,CZEKOLADY,DF,0,IP,0.0,sprzedaz,0,mikolaj figaro z czekolady 40g idc,czekolady,0,false
17659,2026-01-06 00:00:00,-1,0.0,0.0,4.0,0.0,0.0,4.8699,0.0,-1.0,brak,21.0,1.0,0.0,0.0,0.0,223.0,MIKOŁAJ FIGARO Z CZEKOLADY 40G IDC,8585000206437.0,brak,224.0,1.0,CZEKOLADY,DF,0,IP,0.0,sprzedaz,0,mikolaj figaro z czekolady 40g idc,czekolady,0,false
17659,2026-01-07 00:00:00,-1,0.0,0.0,4.0,0.0,0.0,4.8699,0.0,-1.0,brak,21.0,1.0,0.0,0.0,0.0,223.0,MIKOŁAJ FIGARO Z CZEKOLADY 40G IDC,8585000206437.0,brak,224.0,1.0,CZEKOLADY,DF,0,IP,0.0,sprzedaz,0,mikolaj figaro z czekolady 40g idc,czekolady,0,false
17659,2026-01-08 00:00:00,-1,0.0,0.0,4.0,0.0,0.0,4.8699,0.0,-1.0,brak,21.0,1.0,0.0,0.0,0.0,223.0,MIKOŁAJ FIGARO Z CZEKOLADY 40G IDC,8585000206437.0,brak,224.0,1.0,CZEKOLADY,DF,0,IP,0.0,sprzedaz,0,mikolaj figaro z czekolady 40g idc,czekolady,0,false
17659,2026-01-09 00:00:00,-1,0.0,0.0,4.0,0.0,0.0,4.8699,0.0,-1.0,brak,21.0,1.0,0.0,0.0,0.0,223.0,MIKOŁAJ FIGARO Z CZEKOLADY 40G IDC,8585000206437.0,brak,224.0,1.0,CZEKOLADY,DF,0,IP,0.0,sprzedaz,0,mikolaj figaro z czekolady 40g idc,czekolady,0,false
17659,2026-01-10 00:00:00,-1,0.0,0.0,4.0,0.0,0.0,4.8699,0.0,-1.0,brak,21.0,1.0,0.0,0.0,0.0,223.0,MIKOŁAJ FIGARO Z CZEKOLADY 40G IDC,8585000206437.0,brak,224.0,1.0,CZEKOLADY,DF,0,IP,0.0,sprzedaz,0,mikolaj figaro z czekolady 40g idc,czekolady,0,false
17659,2026-01-11 00:00:00,-1,0.0,0.0,4.0,0.0,0.0,4.8699,0.0,-1.0,brak,21.0,1.0,0.0,0.0,0.0,223.0,MIKOŁAJ FIGARO Z CZEKOLADY 40G IDC,8585000206437.0,brak,224.0,1.0,CZEKOLADY,DF,0,IP,0.0,sprzedaz,0,mikolaj figaro z czekolady 40g idc,czekolady,0,false
17659,2026-01-12 00:00:00,-1,0.0,0.0,4.0,0.0,0.0,4.8699,0.0,-1.0,brak,21.0,1.0,0.0,0.0,0.0,223.0,MIKOŁAJ FIGARO Z CZEKOLADY 40G IDC,8585000206437.0,brak,224.0,1.0,CZEKOLADY,DF,0,IP,0.0,sprzedaz,0,mikolaj figaro z czekolady 40g idc,czekolady,0,false
17659,2026-01-13 00:00:00,-1,0.0,0.0,4.0,0.0,0.0,4.8699,0.0,-1.0,brak,21.0,1.0,0.0,0.0,0.0,223.0,MIKOŁAJ FIGARO Z CZEKOLADY 40G IDC,8585000206437.0,brak,224.0,1.0,CZEKOLADY,DF,0,IP,0.0,sprzedaz,0,mikolaj figaro z czekolady 40g idc,czekolady,0,false
17659,2026-01-14 00:00:00,-1,0.0,0.0,4.0,0.0,0.0,4.8699,0.0,-1.0,brak,21.0,1.0,0.0,0.0,0.0,223.0,MIKOŁAJ FIGARO Z CZEKOLADY 40G IDC,8585000206437.0,brak,224.0,1.0,CZEKOLADY,DF,0,IP,0.0,sprzedaz,0,mikolaj figaro z czekolady 40g idc,czekolady,0,false
17659,2026-01-15 00:00:00,2223053,3.0,3.0,4.0,1.0,0.0,4.8699,4.8699,851.0,DF/PAR/260115/2735/1,21.0,1.0,17.86,17.86,17.86,223.0,MIKOŁAJ FIGARO Z CZEKOLADY 40G IDC,8585000206437.0,SLODYCZE,224.0,1.0,CZEKOLADY,DF,1,IP,-1.0,sprzedaz,0,mikolaj figaro z czekolady 40g idc,czekolady,0,false
17659,2026-01-15 00:00:00,2223053,4.0,4.0,4.0,1.0,0.0,4.8699,4.8699,851.0,DF/PAR/260115/2735/1,21.0,1.0,17.86,17.86,17.86,223.0,MIKOŁAJ FIGARO Z CZEKOLADY 40G IDC,8585000206437.0,SLODYCZE,224.0,1.0,CZEKOLADY,DF,1,IP,-1.0,sprzedaz,0,mikolaj figaro z czekolady 40g idc,czekolady,0,false
17659,2026-01-16 00:00:00,-1,0.0,0.0,4.0,0.0,0.0,4.8699,0.0,-1.0,brak,21.0,1.0,0.0,0.0,0.0,223.0,MIKOŁAJ FIGARO Z CZEKOLADY 40G IDC,8585000206437.0,brak,224.0,1.0,CZEKOLADY,DF,0,IP,0.0,sprzedaz,0,mikolaj figaro z czekolady 40g idc,czekolady,0,false
17659,2026-01-17 00:00:00,-1,0.0,0.0,4.0,0.0,0.0,4.8699,0.0,-1.0,brak,21.0,1.0,0.0,0.0,0.0,223.0,MIKOŁAJ FIGARO Z CZEKOLADY 40G IDC,8585000206437.0,brak,224.0,1.0,CZEKOLADY,DF,0,IP,0.0,sprzedaz,0,mikolaj figaro z czekolady 40g idc,czekolady,0,false
17659,2026-01-18 00:00:00,-1,0.0,0.0,4.0,0.0,0.0,4.8699,0.0,-1.0,brak,21.0,1.0,0.0,0.0,0.0,223.0,MIKOŁAJ FIGARO Z CZEKOLADY 40G IDC,8585000206437.0,brak,224.0,1.0,CZEKOLADY,DF,0,IP,0.0,sprzedaz,0,mikolaj figaro z czekolady 40g idc,czekolady,0,false
17659,2026-01-19 00:00:00,-1,0.0,0.0,4.0,0.0,0.0,4.8699,0.0,-1.0,brak,21.0,1.0,0.0,0.0,0.0,223.0,MIKOŁAJ FIGARO Z CZEKOLADY 40G IDC,8585000206437.0,brak,224.0,1.0,CZEKOLADY,DF,0,IP,0.0,sprzedaz,0,mikolaj figaro z czekolady 40g idc,czekolady,0,false
17659,2026-01-20 00:00:00,-1,0.0,0.0,4.0,0.0,0.0,4.8699,0.0,-1.0,brak,21.0,1.0,0.0,0.0,0.0,223.0,MIKOŁAJ FIGARO Z CZEKOLADY 40G IDC,8585000206437.0,brak,224.0,1.0,CZEKOLADY,DF,0,IP,0.0,sprzedaz,0,mikolaj figaro z czekolady 40g idc,czekolady,0,false
17659,2026-01-21 00:00:00,-1,0.0,0.0,4.0,0.0,0.0,4.8699,0.0,-1.0,brak,21.0,1.0,0.0,0.0,0.0,223.0,MIKOŁAJ FIGARO Z CZEKOLADY 40G IDC,8585000206437.0,brak,224.0,1.0,CZEKOLADY,DF,0,IP,0.0,sprzedaz,0,mikolaj figaro z czekolady 40g idc,czekolady,0,false
17659,2026-01-22 00:00:00,-1,0.0,0.0,4.0,0.0,0.0,4.8699,0.0,-1.0,brak,21.0,1.0,0.0,0.0,0.0,223.0,MIKOŁAJ FIGARO Z CZEKOLADY 40G IDC,8585000206437.0,brak,224.0,1.0,CZEKOLADY,DF,0,IP,0.0,sprzedaz,0,mikolaj figaro z czekolady 40g idc,czekolady,0,false
17659,2026-01-23 00:00:00,-1,0.0,0.0,4.0,0.0,0.0,4.8699,0.0,-1.0,brak,21.0,1.0,0.0,0.0,0.0,223.0,MIKOŁAJ FIGARO Z CZEKOLADY 40G IDC,8585000206437.0,brak,224.0,1.0,CZEKOLADY,DF,0,IP,0.0,sprzedaz,0,mikolaj figaro z czekolady 40g idc,czekolady,0,false
17659,2026-01-24 00:00:00,-1,0.0,0.0,4.0,0.0,0.0,4.8699,0.0,-1.0,brak,21.0,1.0,0.0,0.0,0.0,223.0,MIKOŁAJ FIGARO Z CZEKOLADY 40G IDC,8585000206437.0,brak,224.0,1.0,CZEKOLADY,DF,0,IP,0.0,sprzedaz,0,mikolaj figaro z czekolady 40g idc,czekolady,0,false
17659,2026-01-25 00:00:00,-1,0.0,0.0,4.0,0.0,0.0,4.8699,0.0,-1.0,brak,21.0,1.0,0.0,0.0,0.0,223.0,MIKOŁAJ FIGARO Z CZEKOLADY 40G IDC,8585000206437.0,brak,224.0,1.0,CZEKOLADY,DF,0,IP,0.0,sprzedaz,0,mikolaj figaro z czekolady 40g idc,czekolady,0,false
17659,2026-01-26 00:00:00,-1,0.0,0.0,4.0,0.0,0.0,4.8699,0.0,-1.0,brak,21.0,1.0,0.0,0.0,0.0,223.0,MIKOŁAJ FIGARO Z CZEKOLADY 40G IDC,8585000206437.0,brak,224.0,1.0,CZEKOLADY,DF,0,IP,0.0,sprzedaz,0,mikolaj figaro z czekolady 40g idc,czekolady,0,false
17659,2026-01-27 00:00:00,-1,0.0,0.0,4.0,0.0,0.0,4.8699,0.0,-1.0,brak,21.0,1.0,0.0,0.0,0.0,223.0,MIKOŁAJ FIGARO Z CZEKOLADY 40G IDC,8585000206437.0,brak,224.0,1.0,CZEKOLADY,DF,0,IP,0.0,sprzedaz,0,mikolaj figaro z czekolady 40g idc,czekolady,0,false
17659,2026-01-28 00:00:00,-1,0.0,0.0,4.0,0.0,0.0,4.8699,0.0,-1.0,brak,21.0,1.0,0.0,0.0,0.0,223.0,MIKOŁAJ FIGARO Z CZEKOLADY 40G IDC,8585000206437.0,brak,224.0,1.0,CZEKOLADY,DF,0,IP,0.0,sprzedaz,0,mikolaj figaro z czekolady 40g idc,czekolady,0,false
17659,2026-01-29 00:00:00,-1,0.0,0.0,4.0,0.0,0.0,4.8699,0.0,-1.0,brak,21.0,1.0,0.0,0.0,0.0,223.0,MIKOŁAJ FIGARO Z CZEKOLADY 40G IDC,8585000206437.0,brak,224.0,1.0,CZEKOLADY,DF,0,IP,0.0,sprzedaz,0,mikolaj figaro z czekolady 40g idc,czekolady,0,false
81144,2025-12-04 00:00:00,2188124,7.0,7.0,4.0,1.0,0.0,116.252,116.252,173.0,DF/PAR/251204/2130/2,21.0,1.0,305.23,305.23,305.23,6.0,"WHISKY JOHNNIE WALKER RUBY 40% 0,7L",5000267198576.0,nan,-1.0,1.0,3 WHISKY RUM BRANDY RUM BOURBON,DF,1,IP,-1.0,sprzedaz,0,whisky johnnie walker ruby 40 0 7l,3 whisky rum brandy rum bourbon,0,false
81144,2025-12-05 00:00:00,-1,0.0,0.0,4.0,0.0,0.0,116.252,0.0,-1.0,brak,21.0,1.0,0.0,0.0,0.0,6.0,"WHISKY JOHNNIE WALKER RUBY 40% 0,7L",5000267198576.0,brak,-1.0,1.0,3 WHISKY RUM BRANDY RUM BOURBON,DF,0,IP,0.0,sprzedaz,0,whisky johnnie walker ruby 40 0 7l,3 whisky rum brandy rum bourbon,0,false
81144,2025-12-06 00:00:00,-1,0.0,0.0,4.0,0.0,0.0,116.252,0.0,-1.0,brak,21.0,1.0,0.0,0.0,0.0,6.0,"WHISKY JOHNNIE WALKER RUBY 40% 0,7L",5000267198576.0,brak,-1.0,1.0,3 WHISKY RUM BRANDY RUM BOURBON,DF,0,IP,0.0,sprzedaz,0,whisky johnnie walker ruby 40 0 7l,3 whisky rum brandy rum bourbon,0,false
81144,2025-12-07 00:00:00,-1,0.0,0.0,4.0,0.0,0.0,116.252,0.0,-1.0,brak,21.0,1.0,0.0,0.0,0.0,6.0,"WHISKY JOHNNIE WALKER RUBY 40% 0,7L",5000267198576.0,brak,-1.0,1.0,3 WHISKY RUM BRANDY RUM BOURBON,DF,0,IP,0.0,sprzedaz,0,whisky johnnie walker ruby 40 0 7l,3 whisky rum brandy rum bourbon,0,false
81144,2025-12-08 00:00:00,-1,0.0,0.0,4.0,0.0,0.0,116.252,0.0,-1.0,brak,21.0,1.0,0.0,0.0,0.0,6.0,"WHISKY JOHNNIE WALKER RUBY 40% 0,7L",5000267198576.0,brak,-1.0,1.0,3 WHISKY RUM BRANDY RUM BOURBON,DF,0,IP,0.0,sprzedaz,0,whisky johnnie walker ruby 40 0 7l,3 whisky rum brandy rum bourbon,0,false
81144,2025-12-09 00:00:00,-1,0.0,0.0,4.0,0.0,0.0,116.252,0.0,-1.0,brak,21.0,1.0,0.0,0.0,0.0,6.0,"WHISKY JOHNNIE WALKER RUBY 40% 0,7L",5000267198576.0,brak,-1.0,1.0,3 WHISKY RUM BRANDY RUM BOURBON,DF,0,IP,0.0,sprzedaz,0,whisky johnnie walker ruby 40 0 7l,3 whisky rum brandy rum bourbon,0,false
81144,2025-12-10 00:00:00,-1,0.0,0.0,4.0,0.0,0.0,116.252,0.0,-1.0,brak,21.0,1.0,0.0,0.0,0.0,6.0,"WHISKY JOHNNIE WALKER RUBY 40% 0,7L",5000267198576.0,brak,-1.0,1.0,3 WHISKY RUM BRANDY RUM BOURBON,DF,0,IP,0.0,sprzedaz,0,whisky johnnie walker ruby 40 0 7l,3 whisky rum brandy rum bourbon,0,false
81144,2025-12-11 00:00:00,-1,0.0,0.0,4.0,0.0,0.0,116.252,0.0,-1.0,brak,21.0,1.0,0.0,0.0,0.0,6.0,"WHISKY JOHNNIE WALKER RUBY 40% 0,7L",5000267198576.0,brak,-1.0,1.0,3 WHISKY RUM BRANDY RUM BOURBON,DF,0,IP,0.0,sprzedaz,0,whisky johnnie walker ruby 40 0 7l,3 whisky rum brandy rum bourbon,0,false
81144,2025-12-12 00:00:00,-1,0.0,0.0,4.0,0.0,0.0,116.252,0.0,-1.0,brak,21.0,1.0,0.0,0.0,0.0,6.0,"WHISKY JOHNNIE WALKER RUBY 40% 0,7L",5000267198576.0,brak,-1.0,1.0,3 WHISKY RUM BRANDY RUM BOURBON,DF,0,IP,0.0,sprzedaz,0,whisky johnnie walker ruby 40 0 7l,3 whisky rum brandy rum bourbon,0,false
81144,2025-12-13 00:00:00,-1,0.0,0.0,4.0,0.0,0.0,116.252,0.0,-1.0,brak,21.0,1.0,0.0,0.0,0.0,6.0,"WHISKY JOHNNIE WALKER RUBY 40% 0,7L",5000267198576.0,brak,-1.0,1.0,3 WHISKY RUM BRANDY RUM BOURBON,DF,0,IP,0.0,sprzedaz,0,whisky johnnie walker ruby 40 0 7l,3 whisky rum brandy rum bourbon,0,false
81144,2025-12-14 00:00:00,-1,0.0,0.0,4.0,0.0,0.0,116.252,0.0,-1.0,brak,21.0,1.0,0.0,0.0,0.0,6.0,"WHISKY JOHNNIE WALKER RUBY 40% 0,7L",5000267198576.0,brak,-1.0,1.0,3 WHISKY RUM BRANDY RUM BOURBON,DF,0,IP,0.0,sprzedaz,0,whisky johnnie walker ruby 40 0 7l,3 whisky rum brandy rum bourbon,0,false
81144,2025-12-15 00:00:00,-1,0.0,0.0,4.0,0.0,0.0,116.252,0.0,-1.0,brak,21.0,1.0,0.0,0.0,0.0,6.0,"WHISKY JOHNNIE WALKER RUBY 40% 0,7L",5000267198576.0,brak,-1.0,1.0,3 WHISKY RUM BRANDY RUM BOURBON,DF,0,IP,0.0,sprzedaz,0,whisky johnnie walker ruby 40 0 7l,3 whisky rum brandy rum bourbon,0,false
81144,2025-12-16 00:00:00,-1,0.0,0.0,4.0,0.0,0.0,116.252,0.0,-1.0,brak,21.0,1.0,0.0,0.0,0.0,6.0,"WHISKY JOHNNIE WALKER RUBY 40% 0,7L",5000267198576.0,brak,-1.0,1.0,3 WHISKY RUM BRANDY RUM BOURBON,DF,0,IP,0.0,sprzedaz,0,whisky johnnie walker ruby 40 0 7l,3 whisky rum brandy rum bourbon,0,false
81144,2025-12-17 00:00:00,-1,0.0,0.0,4.0,0.0,0.0,116.252,0.0,-1.0,brak,21.0,1.0,0.0,0.0,0.0,6.0,"WHISKY JOHNNIE WALKER RUBY 40% 0,7L",5000267198576.0,brak,-1.0,1.0,3 WHISKY RUM BRANDY RUM BOURBON,DF,0,IP,0.0,sprzedaz,0,whisky johnnie walker ruby 40 0 7l,3 whisky rum brandy rum bourbon,0,false
81144,2025-12-18 00:00:00,-1,0.0,0.0,4.0,0.0,0.0,116.252,0.0,-1.0,brak,21.0,1.0,0.0,0.0,0.0,6.0,"WHISKY JOHNNIE WALKER RUBY 40% 0,7L",5000267198576.0,brak,-1.0,1.0,3 WHISKY RUM BRANDY RUM BOURBON,DF,0,IP,0.0,sprzedaz,0,whisky johnnie walker ruby 40 0 7l,3 whisky rum brandy rum bourbon,0,false
17591,2025-12-05 00:00:00,2189700,2.0,2.0,4.0,1.0,0.0,6.0894,6.0894,763.0,DF/PAR/251205/869/1,21.0,1.0,28.48,28.48,28.48,98.0,"NAPÓJ GAZ BUT ORANGINA REGULAR 1,4L SCHWEPPES",8435185953490.0,NAPOJE,365.0,0.0,NAPOJE GAZOWANE,DF,1,IP,-1.0,sprzedaz,0,napoj gaz but orangina regular 1 4l schweppes,napoje gazowane,0,false
17591,2025-12-06 00:00:00,-1,0.0,0.0,4.0,0.0,0.0,6.0894,0.0,-1.0,brak,21.0,1.0,0.0,0.0,0.0,98.0,"NAPÓJ GAZ BUT ORANGINA REGULAR 1,4L SCHWEPPES",8435185953490.0,brak,365.0,1.0,NAPOJE GAZOWANE,DF,0,IP,0.0,sprzedaz,0,napoj gaz but orangina regular 1 4l schweppes,napoje gazowane,0,false
17591,2025-12-07 00:00:00,-1,0.0,0.0,4.0,0.0,0.0,6.0894,0.0,-1.0,brak,21.0,1.0,0.0,0.0,0.0,98.0,"NAPÓJ GAZ BUT ORANGINA REGULAR 1,4L SCHWEPPES",8435185953490.0,brak,365.0,1.0,NAPOJE GAZOWANE,DF,0,IP,0.0,sprzedaz,0,napoj gaz but orangina regular 1 4l schweppes,napoje gazowane,0,false
17591,2025-12-08 00:00:00,-1,0.0,0.0,4.0,0.0,0.0,6.0894,0.0,-1.0,brak,21.0,1.0,0.0,0.0,0.0,98.0,"NAPÓJ GAZ BUT ORANGINA REGULAR 1,4L SCHWEPPES",8435185953490.0,brak,365.0,1.0,NAPOJE GAZOWANE,DF,0,IP,0.0,sprzedaz,0,napoj gaz but orangina regular 1 4l schweppes,napoje gazowane,0,false
17591,2025-12-09 00:00:00,-1,0.0,0.0,4.0,0.0,0.0,6.0894,0.0,-1.0,brak,21.0,1.0,0.0,0.0,0.0,98.0,"NAPÓJ GAZ BUT ORANGINA REGULAR 1,4L SCHWEPPES",8435185953490.0,brak,365.0,1.0,NAPOJE GAZOWANE,DF,0,IP,0.0,sprzedaz,0,napoj gaz but orangina regular 1 4l schweppes,napoje gazowane,0,false
17591,2025-12-10 00:00:00,2193941,1.0,1.0,4.0,1.0,0.0,6.0894,6.0894,694.0,DF/PAR/251210/5989/2,21.0,1.0,54.44,54.44,54.44,98.0,"NAPÓJ GAZ BUT ORANGINA REGULAR 1,4L SCHWEPPES",8435185953490.0,NAPOJE,365.0,0.0,NAPOJE GAZOWANE,DF,1,IP,-1.0,sprzedaz,0,napoj gaz but orangina regular 1 4l schweppes,napoje gazowane,0,false
17591,2025-12-11 00:00:00,-1,0.0,0.0,4.0,0.0,0.0,6.0894,0.0,-1.0,brak,21.0,1.0,0.0,0.0,0.0,98.0,"NAPÓJ GAZ BUT ORANGINA REGULAR 1,4L SCHWEPPES",8435185953490.0,brak,365.0,1.0,NAPOJE GAZOWANE,DF,0,IP,0.0,sprzedaz,0,napoj gaz but orangina regular 1 4l schweppes,napoje gazowane,0,false
17591,2025-12-12 00:00:00,-1,0.0,0.0,4.0,0.0,0.0,6.0894,0.0,-1.0,brak,21.0,1.0,0.0,0.0,0.0,98.0,"NAPÓJ GAZ BUT ORANGINA REGULAR 1,4L SCHWEPPES",8435185953490.0,brak,365.0,1.0,NAPOJE GAZOWANE,DF,0,IP,0.0,sprzedaz,0,napoj gaz but orangina regular 1 4l schweppes,napoje gazowane,0,false
17591,2025-12-13 00:00:00,-1,0.0,0.0,4.0,0.0,0.0,6.0894,0.0,-1.0,brak,21.0,1.0,0.0,0.0,0.0,98.0,"NAPÓJ GAZ BUT ORANGINA REGULAR 1,4L SCHWEPPES",8435185953490.0,brak,365.0,1.0,NAPOJE GAZOWANE,DF,0,IP,0.0,sprzedaz,0,napoj gaz but orangina regular 1 4l schweppes,napoje gazowane,0,false
17591,2025-12-14 00:00:00,-1,0.0,0.0,4.0,0.0,0.0,6.0894,0.0,-1.0,brak,21.0,1.0,0.0,0.0,0.0,98.0,"NAPÓJ GAZ BUT ORANGINA REGULAR 1,4L SCHWEPPES",8435185953490.0,brak,365.0,1.0,NAPOJE GAZOWANE,DF,0,IP,0.0,sprzedaz,0,napoj gaz but orangina regular 1 4l schweppes,napoje gazowane,0,false
17591,2025-12-15 00:00:00,-1,0.0,0.0,4.0,0.0,0.0,6.0894,0.0,-1.0,brak,21.0,1.0,0.0,0.0,0.0,98.0,"NAPÓJ GAZ BUT ORANGINA REGULAR 1,4L SCHWEPPES",8435185953490.0,brak,365.0,1.0,NAPOJE GAZOWANE,DF,0,IP,0.0,sprzedaz,0,napoj gaz but orangina regular 1 4l schweppes,napoje gazowane,0,false
17591,2025-12-16 00:00:00,-1,0.0,0.0,4.0,0.0,0.0,6.0894,0.0,-1.0,brak,21.0,1.0,0.0,0.0,0.0,98.0,"NAPÓJ GAZ BUT ORANGINA REGULAR 1,4L SCHWEPPES",8435185953490.0,brak,365.0,1.0,NAPOJE GAZOWANE,DF,0,IP,0.0,sprzedaz,0,napoj gaz but orangina regular 1 4l schweppes,napoje gazowane,0,false
17591,2025-12-17 00:00:00,-1,0.0,0.0,4.0,0.0,0.0,6.0894,0.0,-1.0,brak,21.0,1.0,0.0,0.0,0.0,98.0,"NAPÓJ GAZ BUT ORANGINA REGULAR 1,4L SCHWEPPES",8435185953490.0,brak,365.0,1.0,NAPOJE GAZOWANE,DF,0,IP,0.0,sprzedaz,0,napoj gaz but orangina regular 1 4l schweppes,napoje gazowane,0,false
17591,2025-12-18 00:00:00,-1,0.0,0.0,4.0,0.0,0.0,6.0894,0.0,-1.0,brak,21.0,1.0,0.0,0.0,0.0,98.0,"NAPÓJ GAZ BUT ORANGINA REGULAR 1,4L SCHWEPPES",8435185953490.0,brak,365.0,1.0,NAPOJE GAZOWANE,DF,0,IP,0.0,sprzedaz,0,napoj gaz but orangina regular 1 4l schweppes,napoje gazowane,0,false
17591,2025-12-19 00:00:00,-1,0.0,0.0,4.0,0.0,0.0,6.0894,0.0,-1.0,brak,21.0,1.0,0.0,0.0,0.0,98.0,"NAPÓJ GAZ BUT ORANGINA REGULAR 1,4L SCHWEPPES",8435185953490.0,brak,365.0,1.0,NAPOJE GAZOWANE,DF,0,IP,0.0,sprzedaz,0,napoj gaz but orangina regular 1 4l schweppes,napoje gazowane,0,false
17591,2025-12-20 00:00:00,-1,0.0,0.0,4.0,0.0,0.0,6.0894,0.0,-1.0,brak,21.0,1.0,0.0,0.0,0.0,98.0,"NAPÓJ GAZ BUT ORANGINA REGULAR 1,4L SCHWEPPES",8435185953490.0,brak,365.0,1.0,NAPOJE GAZOWANE,DF,0,IP,0.0,sprzedaz,0,napoj gaz but orangina regular 1 4l schweppes,napoje gazowane,0,false
17591,2025-12-21 00:00:00,2204566,1.0,1.0,4.0,1.0,0.0,6.0894,6.0894,69.0,DF/PAR/251221/3703/1,21.0,1.0,34.27,34.27,34.27,98.0,"NAPÓJ GAZ BUT ORANGINA REGULAR 1,4L SCHWEPPES",8435185953490.0,NAPOJE,365.0,0.0,NAPOJE GAZOWANE,DF,1,IP,-1.0,sprzedaz,0,napoj gaz but orangina regular 1 4l schweppes,napoje gazowane,0,false
17591,2025-12-22 00:00:00,-1,0.0,0.0,4.0,0.0,0.0,6.0894,0.0,-1.0,brak,21.0,1.0,0.0,0.0,0.0,98.0,"NAPÓJ GAZ BUT ORANGINA REGULAR 1,4L SCHWEPPES",8435185953490.0,brak,365.0,1.0,NAPOJE GAZOWANE,DF,0,IP,0.0,sprzedaz,0,napoj gaz but orangina regular 1 4l schweppes,napoje gazowane,0,false
17591,2025-12-23 00:00:00,2206785,1.0,1.0,4.0,1.0,0.0,6.0894,6.0894,449.0,DF/PAR/251223/4558/1,21.0,1.0,25.97,25.97,25.97,98.0,"NAPÓJ GAZ BUT ORANGINA REGULAR 1,4L SCHWEPPES",8435185953490.0,NAPOJE,365.0,0.0,NAPOJE GAZOWANE,DF,1,IP,-1.0,sprzedaz,0,napoj gaz but orangina regular 1 4l schweppes,napoje gazowane,0,false
17591,2025-12-24 00:00:00,-1,0.0,0.0,4.0,0.0,0.0,6.0894,0.0,-1.0,brak,21.0,1.0,0.0,0.0,0.0,98.0,"NAPÓJ GAZ BUT ORANGINA REGULAR 1,4L SCHWEPPES",8435185953490.0,brak,365.0,1.0,NAPOJE GAZOWANE,DF,0,IP,0.0,sprzedaz,0,napoj gaz but orangina regular 1 4l schweppes,napoje gazowane,0,false
17591,2025-12-25 00:00:00,-1,0.0,0.0,4.0,0.0,0.0,6.0894,0.0,-1.0,brak,21.0,1.0,0.0,0.0,0.0,98.0,"NAPÓJ GAZ BUT ORANGINA REGULAR 1,4L SCHWEPPES",8435185953490.0,brak,365.0,1.0,NAPOJE GAZOWANE,DF,0,IP,0.0,sprzedaz,0,napoj gaz but orangina regular 1 4l schweppes,napoje gazowane,0,false
17591,2025-12-26 00:00:00,-1,0.0,0.0,4.0,0.0,0.0,6.0894,0.0,-1.0,brak,21.0,1.0,0.0,0.0,0.0,98.0,"NAPÓJ GAZ BUT ORANGINA REGULAR 1,4L SCHWEPPES",8435185953490.0,brak,365.0,1.0,NAPOJE GAZOWANE,DF,0,IP,0.0,sprzedaz,0,napoj gaz but orangina regular 1 4l schweppes,napoje gazowane,0,false
17591,2025-12-27 00:00:00,-1,0.0,0.0,4.0,0.0,0.0,6.0894,0.0,-1.0,brak,21.0,1.0,0.0,0.0,0.0,98.0,"NAPÓJ GAZ BUT ORANGINA REGULAR 1,4L SCHWEPPES",8435185953490.0,brak,365.0,1.0,NAPOJE GAZOWANE,DF,0,IP,0.0,sprzedaz,0,napoj gaz but orangina regular 1 4l schweppes,napoje gazowane,0,false
17591,2025-12-28 00:00:00,-1,0.0,0.0,4.0,0.0,0.0,6.0894,0.0,-1.0,brak,21.0,1.0,0.0,0.0,0.0,98.0,"NAPÓJ GAZ BUT ORANGINA REGULAR 1,4L SCHWEPPES",8435185953490.0,brak,365.0,1.0,NAPOJE GAZOWANE,DF,0,IP,0.0,sprzedaz,0,napoj gaz but orangina regular 1 4l schweppes,napoje gazowane,0,false
17591,2025-12-29 00:00:00,-1,0.0,0.0,4.0,0.0,0.0,6.0894,0.0,-1.0,brak,21.0,1.0,0.0,0.0,0.0,98.0,"NAPÓJ GAZ BUT ORANGINA REGULAR 1,4L SCHWEPPES",8435185953490.0,brak,365.0,1.0,NAPOJE GAZOWANE,DF,0,IP,0.0,sprzedaz,0,napoj gaz but orangina regular 1 4l schweppes,napoje gazowane,0,false
17591,2025-12-30 00:00:00,-1,0.0,0.0,4.0,0.0,0.0,6.0894,0.0,-1.0,brak,21.0,1.0,0.0,0.0,0.0,98.0,"NAPÓJ GAZ BUT ORANGINA REGULAR 1,4L SCHWEPPES",8435185953490.0,brak,365.0,1.0,NAPOJE GAZOWANE,DF,0,IP,0.0,sprzedaz,0,napoj gaz but orangina regular 1 4l schweppes,napoje gazowane,0,false
17591,2025-12-31 00:00:00,-1,0.0,0.0,4.0,0.0,0.0,6.0894,0.0,-1.0,brak,21.0,1.0,0.0,0.0,0.0,98.0,"NAPÓJ GAZ BUT ORANGINA REGULAR 1,4L SCHWEPPES",8435185953490.0,brak,365.0,1.0,NAPOJE GAZOWANE,DF,0,IP,0.0,sprzedaz,0,napoj gaz but orangina regular 1 4l schweppes,napoje gazowane,0,false
17591,2026-01-01 00:00:00,-1,0.0,0.0,4.0,0.0,0.0,6.0894,0.0,-1.0,brak,21.0,1.0,0.0,0.0,0.0,98.0,"NAPÓJ GAZ BUT ORANGINA REGULAR 1,4L SCHWEPPES",8435185953490.0,brak,365.0,1.0,NAPOJE GAZOWANE,DF,0,IP,0.0,sprzedaz,0,napoj gaz but orangina regular 1 4l schweppes,napoje gazowane,0,false
17591,2026-01-02 00:00:00,-1,0.0,0.0,4.0,0.0,0.0,6.0894,0.0,-1.0,brak,21.0,1.0,0.0,0.0,0.0,98.0,"NAPÓJ GAZ BUT ORANGINA REGULAR 1,4L SCHWEPPES",8435185953490.0,brak,365.0,1.0,NAPOJE GAZOWANE,DF,0,IP,0.0,sprzedaz,0,napoj gaz but orangina regular 1 4l schweppes,napoje gazowane,0,false
17591,2026-01-03 00:00:00,-1,0.0,0.0,4.0,0.0,0.0,6.0894,0.0,-1.0,brak,21.0,1.0,0.0,0.0,0.0,98.0,"NAPÓJ GAZ BUT ORANGINA REGULAR 1,4L SCHWEPPES",8435185953490.0,brak,365.0,1.0,NAPOJE GAZOWANE,DF,0,IP,0.0,sprzedaz,0,napoj gaz but orangina regular 1 4l schweppes,napoje gazowane,0,false
17591,2026-01-04 00:00:00,-1,0.0,0.0,4.0,0.0,0.0,6.0894,0.0,-1.0,brak,21.0,1.0,0.0,0.0,0.0,98.0,"NAPÓJ GAZ BUT ORANGINA REGULAR 1,4L SCHWEPPES",8435185953490.0,brak,365.0,1.0,NAPOJE GAZOWANE,DF,0,IP,0.0,sprzedaz,0,napoj gaz but orangina regular 1 4l schweppes,napoje gazowane,0,false
17591,2026-01-05 00:00:00,-1,0.0,0.0,4.0,0.0,0.0,6.0894,0.0,-1.0,brak,21.0,1.0,0.0,0.0,0.0,98.0,"NAPÓJ GAZ BUT ORANGINA REGULAR 1,4L SCHWEPPES",8435185953490.0,brak,365.0,1.0,NAPOJE GAZOWANE,DF,0,IP,0.0,sprzedaz,0,napoj gaz but orangina regular 1 4l schweppes,napoje gazowane,0,false
17591,2026-01-06 00:00:00,-1,0.0,0.0,4.0,0.0,0.0,6.0894,0.0,-1.0,brak,21.0,1.0,0.0,0.0,0.0,98.0,"NAPÓJ GAZ BUT ORANGINA REGULAR 1,4L SCHWEPPES",8435185953490.0,brak,365.0,1.0,NAPOJE GAZOWANE,DF,0,IP,0.0,sprzedaz,0,napoj gaz but orangina regular 1 4l schweppes,napoje gazowane,0,false
17591,2026-01-07 00:00:00,-1,0.0,0.0,4.0,0.0,0.0,6.0894,0.0,-1.0,brak,21.0,1.0,0.0,0.0,0.0,98.0,"NAPÓJ GAZ BUT ORANGINA REGULAR 1,4L SCHWEPPES",8435185953490.0,brak,365.0,1.0,NAPOJE GAZOWANE,DF,0,IP,0.0,sprzedaz,0,napoj gaz but orangina regular 1 4l schweppes,napoje gazowane,0,false
17591,2026-01-08 00:00:00,-1,0.0,0.0,4.0,0.0,0.0,6.0894,0.0,-1.0,brak,21.0,1.0,0.0,0.0,0.0,98.0,"NAPÓJ GAZ BUT ORANGINA REGULAR 1,4L SCHWEPPES",8435185953490.0,brak,365.0,1.0,NAPOJE GAZOWANE,DF,0,IP,0.0,sprzedaz,0,napoj gaz but orangina regular 1 4l schweppes,napoje gazowane,0,false
17591,2026-01-09 00:00:00,-1,0.0,0.0,4.0,0.0,0.0,6.0894,0.0,-1.0,brak,21.0,1.0,0.0,0.0,0.0,98.0,"NAPÓJ GAZ BUT ORANGINA REGULAR 1,4L SCHWEPPES",8435185953490.0,brak,365.0,1.0,NAPOJE GAZOWANE,DF,0,IP,0.0,sprzedaz,0,napoj gaz but orangina regular 1 4l schweppes,napoje gazowane,0,false
17591,2026-01-10 00:00:00,-1,0.0,0.0,4.0,0.0,0.0,6.0894,0.0,-1.0,brak,21.0,1.0,0.0,0.0,0.0,98.0,"NAPÓJ GAZ BUT ORANGINA REGULAR 1,4L SCHWEPPES",8435185953490.0,brak,365.0,1.0,NAPOJE GAZOWANE,DF,0,IP,0.0,sprzedaz,0,napoj gaz but orangina regular 1 4l schweppes,napoje gazowane,0,false
17591,2026-01-11 00:00:00,-1,0.0,0.0,4.0,0.0,0.0,6.0894,0.0,-1.0,brak,21.0,1.0,0.0,0.0,0.0,98.0,"NAPÓJ GAZ BUT ORANGINA REGULAR 1,4L SCHWEPPES",8435185953490.0,brak,365.0,1.0,NAPOJE GAZOWANE,DF,0,IP,0.0,sprzedaz,0,napoj gaz but orangina regular 1 4l schweppes,napoje gazowane,0,false
17591,2026-01-12 00:00:00,-1,0.0,0.0,4.0,0.0,0.0,6.0894,0.0,-1.0,brak,21.0,1.0,0.0,0.0,0.0,98.0,"NAPÓJ GAZ BUT ORANGINA REGULAR 1,4L SCHWEPPES",8435185953490.0,brak,365.0,1.0,NAPOJE GAZOWANE,DF,0,IP,0.0,sprzedaz,0,napoj gaz but orangina regular 1 4l schweppes,napoje gazowane,0,false
17591,2026-01-13 00:00:00,-1,0.0,0.0,4.0,0.0,0.0,6.0894,0.0,-1.0,brak,21.0,1.0,0.0,0.0,0.0,98.0,"NAPÓJ GAZ BUT ORANGINA REGULAR 1,4L SCHWEPPES",8435185953490.0,brak,365.0,1.0,NAPOJE GAZOWANE,DF,0,IP,0.0,sprzedaz,0,napoj gaz but orangina regular 1 4l schweppes,napoje gazowane,0,false
17591,2026-01-14 00:00:00,-1,0.0,0.0,4.0,0.0,0.0,6.0894,0.0,-1.0,brak,21.0,1.0,0.0,0.0,0.0,98.0,"NAPÓJ GAZ BUT ORANGINA REGULAR 1,4L SCHWEPPES",8435185953490.0,brak,365.0,1.0,NAPOJE GAZOWANE,DF,0,IP,0.0,sprzedaz,0,napoj gaz but orangina regular 1 4l schweppes,napoje gazowane,0,false
17591,2026-01-15 00:00:00,-1,0.0,0.0,4.0,0.0,0.0,6.0894,0.0,-1.0,brak,21.0,1.0,0.0,0.0,0.0,98.0,"NAPÓJ GAZ BUT ORANGINA REGULAR 1,4L SCHWEPPES",8435185953490.0,brak,365.0,1.0,NAPOJE GAZOWANE,DF,0,IP,0.0,sprzedaz,0,napoj gaz but orangina regular 1 4l schweppes,napoje gazowane,0,false
17591,2026-01-16 00:00:00,-1,0.0,0.0,4.0,0.0,0.0,6.0894,0.0,-1.0,brak,21.0,1.0,0.0,0.0,0.0,98.0,"NAPÓJ GAZ BUT ORANGINA REGULAR 1,4L SCHWEPPES",8435185953490.0,brak,365.0,1.0,NAPOJE GAZOWANE,DF,0,IP,0.0,sprzedaz,0,napoj gaz but orangina regular 1 4l schweppes,napoje gazowane,0,false
17591,2026-01-17 00:00:00,2225228,9.0,9.0,4.0,1.0,0.0,6.0894,6.0894,915.0,DF/PAR/260117/7349/2,21.0,1.0,93.01,93.01,93.01,98.0,"NAPÓJ GAZ BUT ORANGINA REGULAR 1,4L SCHWEPPES",8435185953490.0,NAPOJE,365.0,0.0,NAPOJE GAZOWANE,DF,1,IP,-1.0,sprzedaz,0,napoj gaz but orangina regular 1 4l schweppes,napoje gazowane,0,false
17591,2026-01-18 00:00:00,-1,0.0,0.0,4.0,0.0,0.0,6.0894,0.0,-1.0,brak,21.0,1.0,0.0,0.0,0.0,98.0,"NAPÓJ GAZ BUT ORANGINA REGULAR 1,4L SCHWEPPES",8435185953490.0,brak,365.0,1.0,NAPOJE GAZOWANE,DF,0,IP,0.0,sprzedaz,0,napoj gaz but orangina regular 1 4l schweppes,napoje gazowane,0,false
17591,2026-01-19 00:00:00,-1,0.0,0.0,4.0,0.0,0.0,6.0894,0.0,-1.0,brak,21.0,1.0,0.0,0.0,0.0,98.0,"NAPÓJ GAZ BUT ORANGINA REGULAR 1,4L SCHWEPPES",8435185953490.0,brak,365.0,1.0,NAPOJE GAZOWANE,DF,0,IP,0.0,sprzedaz,0,napoj gaz but orangina regular 1 4l schweppes,napoje gazowane,0,false
17591,2026-01-20 00:00:00,-1,0.0,0.0,4.0,0.0,0.0,6.0894,0.0,-1.0,brak,21.0,1.0,0.0,0.0,0.0,98.0,"NAPÓJ GAZ BUT ORANGINA REGULAR 1,4L SCHWEPPES",8435185953490.0,brak,365.0,1.0,NAPOJE GAZOWANE,DF,0,IP,0.0,sprzedaz,0,napoj gaz but orangina regular 1 4l schweppes,napoje gazowane,0,false
17591,2026-01-21 00:00:00,-1,0.0,0.0,4.0,0.0,0.0,6.0894,0.0,-1.0,brak,21.0,1.0,0.0,0.0,0.0,98.0,"NAPÓJ GAZ BUT ORANGINA REGULAR 1,4L SCHWEPPES",8435185953490.0,brak,365.0,1.0,NAPOJE GAZOWANE,DF,0,IP,0.0,sprzedaz,0,napoj gaz but orangina regular 1 4l schweppes,napoje gazowane,0,false
17591,2026-01-22 00:00:00,-1,0.0,0.0,4.0,0.0,0.0,6.0894,0.0,-1.0,brak,21.0,1.0,0.0,0.0,0.0,98.0,"NAPÓJ GAZ BUT ORANGINA REGULAR 1,4L SCHWEPPES",8435185953490.0,brak,365.0,1.0,NAPOJE GAZOWANE,DF,0,IP,0.0,sprzedaz,0,napoj gaz but orangina regular 1 4l schweppes,napoje gazowane,0,false
17591,2026-01-23 00:00:00,2230066,3.0,3.0,4.0,1.0,0.0,6.0894,6.0894,655.0,DF/PAR/260123/9039/2,21.0,1.0,24.26,24.26,24.26,98.0,"NAPÓJ GAZ BUT ORANGINA REGULAR 1,4L SCHWEPPES",8435185953490.0,NAPOJE,365.0,0.0,NAPOJE GAZOWANE,DF,1,IP,-1.0,sprzedaz,0,napoj gaz but orangina regular 1 4l schweppes,napoje gazowane,0,false
17591,2026-01-24 00:00:00,-1,0.0,0.0,4.0,0.0,0.0,6.0894,0.0,-1.0,brak,21.0,1.0,0.0,0.0,0.0,98.0,"NAPÓJ GAZ BUT ORANGINA REGULAR 1,4L SCHWEPPES",8435185953490.0,brak,365.0,1.0,NAPOJE GAZOWANE,DF,0,IP,0.0,sprzedaz,0,napoj gaz but orangina regular 1 4l schweppes,napoje gazowane,0,false
17591,2026-01-25 00:00:00,2231746,1.0,1.0,4.0,1.0,0.0,6.0894,6.0894,181.0,DF/PAR/260125/6497/1,21.0,1.0,7.49,7.49,7.49,98.0,"NAPÓJ GAZ BUT ORANGINA REGULAR 1,4L SCHWEPPES",8435185953490.0,NAPOJE,365.0,0.0,NAPOJE GAZOWANE,DF,1,IP,-1.0,sprzedaz,0,napoj gaz but orangina regular 1 4l schweppes,napoje gazowane,0,false
17591,2026-01-26 00:00:00,-1,0.0,0.0,4.0,0.0,0.0,6.0894,0.0,-1.0,brak,21.0,1.0,0.0,0.0,0.0,98.0,"NAPÓJ GAZ BUT ORANGINA REGULAR 1,4L SCHWEPPES",8435185953490.0,brak,365.0,1.0,NAPOJE GAZOWANE,DF,0,IP,0.0,sprzedaz,0,napoj gaz but orangina regular 1 4l schweppes,napoje gazowane,0,false
17591,2026-01-27 00:00:00,-1,0.0,0.0,4.0,0.0,0.0,6.0894,0.0,-1.0,brak,21.0,1.0,0.0,0.0,0.0,98.0,"NAPÓJ GAZ BUT ORANGINA REGULAR 1,4L SCHWEPPES",8435185953490.0,brak,365.0,1.0,NAPOJE GAZOWANE,DF,0,IP,0.0,sprzedaz,0,napoj gaz but orangina regular 1 4l schweppes,napoje gazowane,0,false
17591,2026-01-28 00:00:00,-1,0.0,0.0,4.0,0.0,0.0,6.0894,0.0,-1.0,brak,21.0,1.0,0.0,0.0,0.0,98.0,"NAPÓJ GAZ BUT ORANGINA REGULAR 1,4L SCHWEPPES",8435185953490.0,brak,365.0,1.0,NAPOJE GAZOWANE,DF,0,IP,0.0,sprzedaz,0,napoj gaz but orangina regular 1 4l schweppes,napoje gazowane,0,false
17591,2026-01-29 00:00:00,-1,0.0,0.0,4.0,0.0,0.0,6.0894,0.0,-1.0,brak,21.0,1.0,0.0,0.0,0.0,98.0,"NAPÓJ GAZ BUT ORANGINA REGULAR 1,4L SCHWEPPES",8435185953490.0,brak,365.0,1.0,NAPOJE GAZOWANE,DF,0,IP,0.0,sprzedaz,0,napoj gaz but orangina regular 1 4l schweppes,napoje gazowane,0,false
17591,2026-01-30 00:00:00,-1,0.0,0.0,4.0,0.0,0.0,6.0894,0.0,-1.0,brak,21.0,1.0,0.0,0.0,0.0,98.0,"NAPÓJ GAZ BUT ORANGINA REGULAR 1,4L SCHWEPPES",8435185953490.0,brak,365.0,1.0,NAPOJE GAZOWANE,DF,0,IP,0.0,sprzedaz,0,napoj gaz but orangina regular 1 4l schweppes,napoje gazowane,0,false
17591,2026-01-31 00:00:00,-1,0.0,0.0,4.0,0.0,0.0,6.0894,0.0,-1.0,brak,21.0,1.0,0.0,0.0,0.0,98.0,"NAPÓJ GAZ BUT ORANGINA REGULAR 1,4L SCHWEPPES",8435185953490.0,brak,365.0,1.0,NAPOJE GAZOWANE,DF,0,IP,0.0,sprzedaz,0,napoj gaz but orangina regular 1 4l schweppes,napoje gazowane,0,false
81235,2025-12-05 00:00:00,2189867,1.0,1.0,4.0,1.0,0.0,3.0463,3.0463,930.0,DF/PAR/251205/3325/2,21.0,1.0,38.45,38.45,38.45,147.0,KARMA SHELMA MUS ŁOSOŚ SZPINAK 85G,8595606410619.0,nan,-1.0,1.0,KARMY DLA KOTÓW,DF,1,IP,-1.0,sprzedaz,0,karma shelma mus losos szpinak 85g,karmy dla kotow,0,false
81235,2025-12-05 00:00:00,2189867,2.0,2.0,4.0,1.0,0.0,3.0463,3.0463,930.0,DF/PAR/251205/3325/2,21.0,1.0,38.45,38.45,38.45,147.0,KARMA SHELMA MUS ŁOSOŚ SZPINAK 85G,8595606410619.0,nan,-1.0,1.0,KARMY DLA KOTÓW,DF,1,IP,-1.0,sprzedaz,0,karma shelma mus losos szpinak 85g,karmy dla kotow,0,false
81235,2025-12-06 00:00:00,-1,0.0,0.0,4.0,0.0,0.0,3.0463,0.0,-1.0,brak,21.0,1.0,0.0,0.0,0.0,147.0,KARMA SHELMA MUS ŁOSOŚ SZPINAK 85G,8595606410619.0,brak,-1.0,1.0,KARMY DLA KOTÓW,DF,0,IP,0.0,sprzedaz,0,karma shelma mus losos szpinak 85g,karmy dla kotow,0,false
81235,2025-12-07 00:00:00,-1,0.0,0.0,4.0,0.0,0.0,3.0463,0.0,-1.0,brak,21.0,1.0,0.0,0.0,0.0,147.0,KARMA SHELMA MUS ŁOSOŚ SZPINAK 85G,8595606410619.0,brak,-1.0,1.0,KARMY DLA KOTÓW,DF,0,IP,0.0,sprzedaz,0,karma shelma mus losos szpinak 85g,karmy dla kotow,0,false
81235,2025-12-08 00:00:00,2192085,8.0,8.0,4.0,1.0,0.0,3.0463,3.0463,873.0,DF/PAR/251208/4781/2,21.0,1.0,73.3,73.3,73.3,147.0,KARMA SHELMA MUS ŁOSOŚ SZPINAK 85G,8595606410619.0,nan,-1.0,1.0,KARMY DLA KOTÓW,DF,1,IP,-1.0,sprzedaz,0,karma shelma mus losos szpinak 85g,karmy dla kotow,0,false
81235,2025-12-09 00:00:00,-1,0.0,0.0,4.0,0.0,0.0,3.0463,0.0,-1.0,brak,21.0,1.0,0.0,0.0,0.0,147.0,KARMA SHELMA MUS ŁOSOŚ SZPINAK 85G,8595606410619.0,brak,-1.0,1.0,KARMY DLA KOTÓW,DF,0,IP,0.0,sprzedaz,0,karma shelma mus losos szpinak 85g,karmy dla kotow,0,false
81235,2025-12-10 00:00:00,2193288,3.0,3.0,4.0,1.0,0.0,3.0463,3.0463,40.0,DF/PAR/251210/5549/2,21.0,1.0,28.53,28.53,28.53,147.0,KARMA SHELMA MUS ŁOSOŚ SZPINAK 85G,8595606410619.0,nan,-1.0,1.0,KARMY DLA KOTÓW,DF,1,IP,-1.0,sprzedaz,0,karma shelma mus losos szpinak 85g,karmy dla kotow,0,false
81235,2025-12-10 00:00:00,2194155,3.0,3.0,4.0,1.0,0.0,3.0463,3.0463,893.0,DF/PAR/251210/6160/2,21.0,1.0,38.6,38.6,38.6,147.0,KARMA SHELMA MUS ŁOSOŚ SZPINAK 85G,8595606410619.0,nan,-1.0,1.0,KARMY DLA KOTÓW,DF,1,IP,-1.0,sprzedaz,0,karma shelma mus losos szpinak 85g,karmy dla kotow,0,false
81235,2025-12-11 00:00:00,-1,0.0,0.0,4.0,0.0,0.0,3.0463,0.0,-1.0,brak,21.0,1.0,0.0,0.0,0.0,147.0,KARMA SHELMA MUS ŁOSOŚ SZPINAK 85G,8595606410619.0,brak,-1.0,1.0,KARMY DLA KOTÓW,DF,0,IP,0.0,sprzedaz,0,karma shelma mus losos szpinak 85g,karmy dla kotow,0,false
81235,2025-12-12 00:00:00,-1,0.0,0.0,4.0,0.0,0.0,3.0463,0.0,-1.0,brak,21.0,1.0,0.0,0.0,0.0,147.0,KARMA SHELMA MUS ŁOSOŚ SZPINAK 85G,8595606410619.0,brak,-1.0,1.0,KARMY DLA KOTÓW,DF,0,IP,0.0,sprzedaz,0,karma shelma mus losos szpinak 85g,karmy dla kotow,0,false
81235,2025-12-13 00:00:00,-1,0.0,0.0,4.0,0.0,0.0,3.0463,0.0,-1.0,brak,21.0,1.0,0.0,0.0,0.0,147.0,KARMA SHELMA MUS ŁOSOŚ SZPINAK 85G,8595606410619.0,brak,-1.0,1.0,KARMY DLA KOTÓW,DF,0,IP,0.0,sprzedaz,0,karma shelma mus losos szpinak 85g,karmy dla kotow,0,false
81235,2025-12-14 00:00:00,-1,0.0,0.0,4.0,0.0,0.0,3.0463,0.0,-1.0,brak,21.0,1.0,0.0,0.0,0.0,147.0,KARMA SHELMA MUS ŁOSOŚ SZPINAK 85G,8595606410619.0,brak,-1.0,1.0,KARMY DLA KOTÓW,DF,0,IP,0.0,sprzedaz,0,karma shelma mus losos szpinak 85g,karmy dla kotow,0,false
81235,2025-12-15 00:00:00,-1,0.0,0.0,4.0,0.0,0.0,3.0463,0.0,-1.0,brak,21.0,1.0,0.0,0.0,0.0,147.0,KARMA SHELMA MUS ŁOSOŚ SZPINAK 85G,8595606410619.0,brak,-1.0,1.0,KARMY DLA KOTÓW,DF,0,IP,0.0,sprzedaz,0,karma shelma mus losos szpinak 85g,karmy dla kotow,0,false
81235,2025-12-16 00:00:00,-1,0.0,0.0,4.0,0.0,0.0,3.0463,0.0,-1.0,brak,21.0,1.0,0.0,0.0,0.0,147.0,KARMA SHELMA MUS ŁOSOŚ SZPINAK 85G,8595606410619.0,brak,-1.0,1.0,KARMY DLA KOTÓW,DF,0,IP,0.0,sprzedaz,0,karma shelma mus losos szpinak 85g,karmy dla kotow,0,false
81235,2025-12-17 00:00:00,-1,0.0,0.0,4.0,0.0,0.0,3.0463,0.0,-1.0,brak,21.0,1.0,0.0,0.0,0.0,147.0,KARMA SHELMA MUS ŁOSOŚ SZPINAK 85G,8595606410619.0,brak,-1.0,1.0,KARMY DLA KOTÓW,DF,0,IP,0.0,sprzedaz,0,karma shelma mus losos szpinak 85g,karmy dla kotow,0,false
81235,2025-12-18 00:00:00,-1,0.0,0.0,4.0,0.0,0.0,3.0463,0.0,-1.0,brak,21.0,1.0,0.0,0.0,0.0,147.0,KARMA SHELMA MUS ŁOSOŚ SZPINAK 85G,8595606410619.0,brak,-1.0,1.0,KARMY DLA KOTÓW,DF,0,IP,0.0,sprzedaz,0,karma shelma mus losos szpinak 85g,karmy dla kotow,0,false
81235,2025-12-19 00:00:00,-1,0.0,0.0,4.0,0.0,0.0,3.0463,0.0,-1.0,brak,21.0,1.0,0.0,0.0,0.0,147.0,KARMA SHELMA MUS ŁOSOŚ SZPINAK 85G,8595606410619.0,brak,-1.0,1.0,KARMY DLA KOTÓW,DF,0,IP,0.0,sprzedaz,0,karma shelma mus losos szpinak 85g,karmy dla kotow,0,false
81235,2025-12-20 00:00:00,-1,0.0,0.0,4.0,0.0,0.0,3.0463,0.0,-1.0,brak,21.0,1.0,0.0,0.0,0.0,147.0,KARMA SHELMA MUS ŁOSOŚ SZPINAK 85G,8595606410619.0,brak,-1.0,1.0,KARMY DLA KOTÓW,DF,0,IP,0.0,sprzedaz,0,karma shelma mus losos szpinak 85g,karmy dla kotow,0,false
81235,2025-12-21 00:00:00,-1,0.0,0.0,4.0,0.0,0.0,3.0463,0.0,-1.0,brak,21.0,1.0,0.0,0.0,0.0,147.0,KARMA SHELMA MUS ŁOSOŚ SZPINAK 85G,8595606410619.0,brak,-1.0,1.0,KARMY DLA KOTÓW,DF,0,IP,0.0,sprzedaz,0,karma shelma mus losos szpinak 85g,karmy dla kotow,0,false
81235,2025-12-22 00:00:00,-1,0.0,0.0,4.0,0.0,0.0,3.0463,0.0,-1.0,brak,21.0,1.0,0.0,0.0,0.0,147.0,KARMA SHELMA MUS ŁOSOŚ SZPINAK 85G,8595606410619.0,brak,-1.0,1.0,KARMY DLA KOTÓW,DF,0,IP,0.0,sprzedaz,0,karma shelma mus losos szpinak 85g,karmy dla kotow,0,false
81235,2025-12-23 00:00:00,-1,0.0,0.0,4.0,0.0,0.0,3.0463,0.0,-1.0,brak,21.0,1.0,0.0,0.0,0.0,147.0,KARMA SHELMA MUS ŁOSOŚ SZPINAK 85G,8595606410619.0,brak,-1.0,1.0,KARMY DLA KOTÓW,DF,0,IP,0.0,sprzedaz,0,karma shelma mus losos szpinak 85g,karmy dla kotow,0,false
81235,2025-12-24 00:00:00,-1,0.0,0.0,4.0,0.0,0.0,3.0463,0.0,-1.0,brak,21.0,1.0,0.0,0.0,0.0,147.0,KARMA SHELMA MUS ŁOSOŚ SZPINAK 85G,8595606410619.0,brak,-1.0,1.0,KARMY DLA KOTÓW,DF,0,IP,0.0,sprzedaz,0,karma shelma mus losos szpinak 85g,karmy dla kotow,0,false
81235,2025-12-25 00:00:00,-1,0.0,0.0,4.0,0.0,0.0,3.0463,0.0,-1.0,brak,21.0,1.0,0.0,0.0,0.0,147.0,KARMA SHELMA MUS ŁOSOŚ SZPINAK 85G,8595606410619.0,brak,-1.0,1.0,KARMY DLA KOTÓW,DF,0,IP,0.0,sprzedaz,0,karma shelma mus losos szpinak 85g,karmy dla kotow,0,false
81235,2025-12-26 00:00:00,-1,0.0,0.0,4.0,0.0,0.0,3.0463,0.0,-1.0,brak,21.0,1.0,0.0,0.0,0.0,147.0,KARMA SHELMA MUS ŁOSOŚ SZPINAK 85G,8595606410619.0,brak,-1.0,1.0,KARMY DLA KOTÓW,DF,0,IP,0.0,sprzedaz,0,karma shelma mus losos szpinak 85g,karmy dla kotow,0,false
81235,2025-12-27 00:00:00,-1,0.0,0.0,4.0,0.0,0.0,3.0463,0.0,-1.0,brak,21.0,1.0,0.0,0.0,0.0,147.0,KARMA SHELMA MUS ŁOSOŚ SZPINAK 85G,8595606410619.0,brak,-1.0,1.0,KARMY DLA KOTÓW,DF,0,IP,0.0,sprzedaz,0,karma shelma mus losos szpinak 85g,karmy dla kotow,0,false
81235,2025-12-28 00:00:00,-1,0.0,0.0,4.0,0.0,0.0,3.0463,0.0,-1.0,brak,21.0,1.0,0.0,0.0,0.0,147.0,KARMA SHELMA MUS ŁOSOŚ SZPINAK 85G,8595606410619.0,brak,-1.0,1.0,KARMY DLA KOTÓW,DF,0,IP,0.0,sprzedaz,0,karma shelma mus losos szpinak 85g,karmy dla kotow,0,false
81235,2025-12-29 00:00:00,-1,0.0,0.0,4.0,0.0,0.0,3.0463,0.0,-1.0,brak,21.0,1.0,0.0,0.0,0.0,147.0,KARMA SHELMA MUS ŁOSOŚ SZPINAK 85G,8595606410619.0,brak,-1.0,1.0,KARMY DLA KOTÓW,DF,0,IP,0.0,sprzedaz,0,karma shelma mus losos szpinak 85g,karmy dla kotow,0,false
81235,2025-12-30 00:00:00,-1,0.0,0.0,4.0,0.0,0.0,3.0463,0.0,-1.0,brak,21.0,1.0,0.0,0.0,0.0,147.0,KARMA SHELMA MUS ŁOSOŚ SZPINAK 85G,8595606410619.0,brak,-1.0,1.0,KARMY DLA KOTÓW,DF,0,IP,0.0,sprzedaz,0,karma shelma mus losos szpinak 85g,karmy dla kotow,0,false
81235,2025-12-31 00:00:00,-1,0.0,0.0,4.0,0.0,0.0,3.0463,0.0,-1.0,brak,21.0,1.0,0.0,0.0,0.0,147.0,KARMA SHELMA MUS ŁOSOŚ SZPINAK 85G,8595606410619.0,brak,-1.0,1.0,KARMY DLA KOTÓW,DF,0,IP,0.0,sprzedaz,0,karma shelma mus losos szpinak 85g,karmy dla kotow,0,false
81235,2026-01-01 00:00:00,-1,0.0,0.0,4.0,0.0,0.0,3.0463,0.0,-1.0,brak,21.0,1.0,0.0,0.0,0.0,147.0,KARMA SHELMA MUS ŁOSOŚ SZPINAK 85G,8595606410619.0,brak,-1.0,1.0,KARMY DLA KOTÓW,DF,0,IP,0.0,sprzedaz,0,karma shelma mus losos szpinak 85g,karmy dla kotow,0,false
81235,2026-01-02 00:00:00,-1,0.0,0.0,4.0,0.0,0.0,3.0463,0.0,-1.0,brak,21.0,1.0,0.0,0.0,0.0,147.0,KARMA SHELMA MUS ŁOSOŚ SZPINAK 85G,8595606410619.0,brak,-1.0,1.0,KARMY DLA KOTÓW,DF,0,IP,0.0,sprzedaz,0,karma shelma mus losos szpinak 85g,karmy dla kotow,0,false
81235,2026-01-03 00:00:00,-1,0.0,0.0,4.0,0.0,0.0,3.0463,0.0,-1.0,brak,21.0,1.0,0.0,0.0,0.0,147.0,KARMA SHELMA MUS ŁOSOŚ SZPINAK 85G,8595606410619.0,brak,-1.0,1.0,KARMY DLA KOTÓW,DF,0,IP,0.0,sprzedaz,0,karma shelma mus losos szpinak 85g,karmy dla kotow,0,false
81235,2026-01-04 00:00:00,-1,0.0,0.0,4.0,0.0,0.0,3.0463,0.0,-1.0,brak,21.0,1.0,0.0,0.0,0.0,147.0,KARMA SHELMA MUS ŁOSOŚ SZPINAK 85G,8595606410619.0,brak,-1.0,1.0,KARMY DLA KOTÓW,DF,0,IP,0.0,sprzedaz,0,karma shelma mus losos szpinak 85g,karmy dla kotow,0,false
81235,2026-01-05 00:00:00,-1,0.0,0.0,4.0,0.0,0.0,3.0463,0.0,-1.0,brak,21.0,1.0,0.0,0.0,0.0,147.0,KARMA SHELMA MUS ŁOSOŚ SZPINAK 85G,8595606410619.0,brak,-1.0,1.0,KARMY DLA KOTÓW,DF,0,IP,0.0,sprzedaz,0,karma shelma mus losos szpinak 85g,karmy dla kotow,0,false
81235,2026-01-06 00:00:00,-1,0.0,0.0,4.0,0.0,0.0,3.0463,0.0,-1.0,brak,21.0,1.0,0.0,0.0,0.0,147.0,KARMA SHELMA MUS ŁOSOŚ SZPINAK 85G,8595606410619.0,brak,-1.0,1.0,KARMY DLA KOTÓW,DF,0,IP,0.0,sprzedaz,0,karma shelma mus losos szpinak 85g,karmy dla kotow,0,false
81235,2026-01-07 00:00:00,-1,0.0,0.0,4.0,0.0,0.0,3.0463,0.0,-1.0,brak,21.0,1.0,0.0,0.0,0.0,147.0,KARMA SHELMA MUS ŁOSOŚ SZPINAK 85G,8595606410619.0,brak,-1.0,1.0,KARMY DLA KOTÓW,DF,0,IP,0.0,sprzedaz,0,karma shelma mus losos szpinak 85g,karmy dla kotow,0,false
81235,2026-01-08 00:00:00,-1,0.0,0.0,4.0,0.0,0.0,3.0463,0.0,-1.0,brak,21.0,1.0,0.0,0.0,0.0,147.0,KARMA SHELMA MUS ŁOSOŚ SZPINAK 85G,8595606410619.0,brak,-1.0,1.0,KARMY DLA KOTÓW,DF,0,IP,0.0,sprzedaz,0,karma shelma mus losos szpinak 85g,karmy dla kotow,0,false
81235,2026-01-09 00:00:00,-1,0.0,0.0,4.0,0.0,0.0,3.0463,0.0,-1.0,brak,21.0,1.0,0.0,0.0,0.0,147.0,KARMA SHELMA MUS ŁOSOŚ SZPINAK 85G,8595606410619.0,brak,-1.0,1.0,KARMY DLA KOTÓW,DF,0,IP,0.0,sprzedaz,0,karma shelma mus losos szpinak 85g,karmy dla kotow,0,false
81235,2026-01-10 00:00:00,-1,0.0,0.0,4.0,0.0,0.0,3.0463,0.0,-1.0,brak,21.0,1.0,0.0,0.0,0.0,147.0,KARMA SHELMA MUS ŁOSOŚ SZPINAK 85G,8595606410619.0,brak,-1.0,1.0,KARMY DLA KOTÓW,DF,0,IP,0.0,sprzedaz,0,karma shelma mus losos szpinak 85g,karmy dla kotow,0,false
81235,2026-01-11 00:00:00,-1,0.0,0.0,4.0,0.0,0.0,3.0463,0.0,-1.0,brak,21.0,1.0,0.0,0.0,0.0,147.0,KARMA SHELMA MUS ŁOSOŚ SZPINAK 85G,8595606410619.0,brak,-1.0,1.0,KARMY DLA KOTÓW,DF,0,IP,0.0,sprzedaz,0,karma shelma mus losos szpinak 85g,karmy dla kotow,0,false
81235,2026-01-12 00:00:00,-1,0.0,0.0,4.0,0.0,0.0,3.0463,0.0,-1.0,brak,21.0,1.0,0.0,0.0,0.0,147.0,KARMA SHELMA MUS ŁOSOŚ SZPINAK 85G,8595606410619.0,brak,-1.0,1.0,KARMY DLA KOTÓW,DF,0,IP,0.0,sprzedaz,0,karma shelma mus losos szpinak 85g,karmy dla kotow,0,false
81235,2026-01-13 00:00:00,-1,0.0,0.0,4.0,0.0,0.0,3.0463,0.0,-1.0,brak,21.0,1.0,0.0,0.0,0.0,147.0,KARMA SHELMA MUS ŁOSOŚ SZPINAK 85G,8595606410619.0,brak,-1.0,1.0,KARMY DLA KOTÓW,DF,0,IP,0.0,sprzedaz,0,karma shelma mus losos szpinak 85g,karmy dla kotow,0,false
81235,2026-01-14 00:00:00,-1,0.0,0.0,4.0,0.0,0.0,3.0463,0.0,-1.0,brak,21.0,1.0,0.0,0.0,0.0,147.0,KARMA SHELMA MUS ŁOSOŚ SZPINAK 85G,8595606410619.0,brak,-1.0,1.0,KARMY DLA KOTÓW,DF,0,IP,0.0,sprzedaz,0,karma shelma mus losos szpinak 85g,karmy dla kotow,0,false
81235,2026-01-15 00:00:00,-1,0.0,0.0,4.0,0.0,0.0,3.0463,0.0,-1.0,brak,21.0,1.0,0.0,0.0,0.0,147.0,KARMA SHELMA MUS ŁOSOŚ SZPINAK 85G,8595606410619.0,brak,-1.0,1.0,KARMY DLA KOTÓW,DF,0,IP,0.0,sprzedaz,0,karma shelma mus losos szpinak 85g,karmy dla kotow,0,false
81235,2026-01-16 00:00:00,-1,0.0,0.0,4.0,0.0,0.0,3.0463,0.0,-1.0,brak,21.0,1.0,0.0,0.0,0.0,147.0,KARMA SHELMA MUS ŁOSOŚ SZPINAK 85G,8595606410619.0,brak,-1.0,1.0,KARMY DLA KOTÓW,DF,0,IP,0.0,sprzedaz,0,karma shelma mus losos szpinak 85g,karmy dla kotow,0,false
81235,2026-01-17 00:00:00,-1,0.0,0.0,4.0,0.0,0.0,3.0463,0.0,-1.0,brak,21.0,1.0,0.0,0.0,0.0,147.0,KARMA SHELMA MUS ŁOSOŚ SZPINAK 85G,8595606410619.0,brak,-1.0,1.0,KARMY DLA KOTÓW,DF,0,IP,0.0,sprzedaz,0,karma shelma mus losos szpinak 85g,karmy dla kotow,0,false
81235,2026-01-18 00:00:00,-1,0.0,0.0,4.0,0.0,0.0,3.0463,0.0,-1.0,brak,21.0,1.0,0.0,0.0,0.0,147.0,KARMA SHELMA MUS ŁOSOŚ SZPINAK 85G,8595606410619.0,brak,-1.0,1.0,KARMY DLA KOTÓW,DF,0,IP,0.0,sprzedaz,0,karma shelma mus losos szpinak 85g,karmy dla kotow,0,false
81235,2026-01-19 00:00:00,-1,0.0,0.0,4.0,0.0,0.0,3.0463,0.0,-1.0,brak,21.0,1.0,0.0,0.0,0.0,147.0,KARMA SHELMA MUS ŁOSOŚ SZPINAK 85G,8595606410619.0,brak,-1.0,1.0,KARMY DLA KOTÓW,DF,0,IP,0.0,sprzedaz,0,karma shelma mus losos szpinak 85g,karmy dla kotow,0,false
81235,2026-01-20 00:00:00,-1,0.0,0.0,4.0,0.0,0.0,3.0463,0.0,-1.0,brak,21.0,1.0,0.0,0.0,0.0,147.0,KARMA SHELMA MUS ŁOSOŚ SZPINAK 85G,8595606410619.0,brak,-1.0,1.0,KARMY DLA KOTÓW,DF,0,IP,0.0,sprzedaz,0,karma shelma mus losos szpinak 85g,karmy dla kotow,0,false
81235,2026-01-21 00:00:00,-1,0.0,0.0,4.0,0.0,0.0,3.0463,0.0,-1.0,brak,21.0,1.0,0.0,0.0,0.0,147.0,KARMA SHELMA MUS ŁOSOŚ SZPINAK 85G,8595606410619.0,brak,-1.0,1.0,KARMY DLA KOTÓW,DF,0,IP,0.0,sprzedaz,0,karma shelma mus losos szpinak 85g,karmy dla kotow,0,false
81235,2026-01-22 00:00:00,-1,0.0,0.0,4.0,0.0,0.0,3.0463,0.0,-1.0,brak,21.0,1.0,0.0,0.0,0.0,147.0,KARMA SHELMA MUS ŁOSOŚ SZPINAK 85G,8595606410619.0,brak,-1.0,1.0,KARMY DLA KOTÓW,DF,0,IP,0.0,sprzedaz,0,karma shelma mus losos szpinak 85g,karmy dla kotow,0,false
81235,2026-01-23 00:00:00,-1,0.0,0.0,4.0,0.0,0.0,3.0463,0.0,-1.0,brak,21.0,1.0,0.0,0.0,0.0,147.0,KARMA SHELMA MUS ŁOSOŚ SZPINAK 85G,8595606410619.0,brak,-1.0,1.0,KARMY DLA KOTÓW,DF,0,IP,0.0,sprzedaz,0,karma shelma mus losos szpinak 85g,karmy dla kotow,0,false
81235,2026-01-24 00:00:00,-1,0.0,0.0,4.0,0.0,0.0,3.0463,0.0,-1.0,brak,21.0,1.0,0.0,0.0,0.0,147.0,KARMA SHELMA MUS ŁOSOŚ SZPINAK 85G,8595606410619.0,brak,-1.0,1.0,KARMY DLA KOTÓW,DF,0,IP,0.0,sprzedaz,0,karma shelma mus losos szpinak 85g,karmy dla kotow,0,false
81235,2026-01-25 00:00:00,-1,0.0,0.0,4.0,0.0,0.0,3.0463,0.0,-1.0,brak,21.0,1.0,0.0,0.0,0.0,147.0,KARMA SHELMA MUS ŁOSOŚ SZPINAK 85G,8595606410619.0,brak,-1.0,1.0,KARMY DLA KOTÓW,DF,0,IP,0.0,sprzedaz,0,karma shelma mus losos szpinak 85g,karmy dla kotow,0,false
81235,2026-01-26 00:00:00,-1,0.0,0.0,4.0,0.0,0.0,3.0463,0.0,-1.0,brak,21.0,1.0,0.0,0.0,0.0,147.0,KARMA SHELMA MUS ŁOSOŚ SZPINAK 85G,8595606410619.0,brak,-1.0,1.0,KARMY DLA KOTÓW,DF,0,IP,0.0,sprzedaz,0,karma shelma mus losos szpinak 85g,karmy dla kotow,0,false
81235,2026-01-27 00:00:00,-1,0.0,0.0,4.0,0.0,0.0,3.0463,0.0,-1.0,brak,21.0,1.0,0.0,0.0,0.0,147.0,KARMA SHELMA MUS ŁOSOŚ SZPINAK 85G,8595606410619.0,brak,-1.0,1.0,KARMY DLA KOTÓW,DF,0,IP,0.0,sprzedaz,0,karma shelma mus losos szpinak 85g,karmy dla kotow,0,false
81235,2026-01-28 00:00:00,-1,0.0,0.0,4.0,0.0,0.0,3.0463,0.0,-1.0,brak,21.0,1.0,0.0,0.0,0.0,147.0,KARMA SHELMA MUS ŁOSOŚ SZPINAK 85G,8595606410619.0,brak,-1.0,1.0,KARMY DLA KOTÓW,DF,0,IP,0.0,sprzedaz,0,karma shelma mus losos szpinak 85g,karmy dla kotow,0,false
81235,2026-01-29 00:00:00,-1,0.0,0.0,4.0,0.0,0.0,3.0463,0.0,-1.0,brak,21.0,1.0,0.0,0.0,0.0,147.0,KARMA SHELMA MUS ŁOSOŚ SZPINAK 85G,8595606410619.0,brak,-1.0,1.0,KARMY DLA KOTÓW,DF,0,IP,0.0,sprzedaz,0,karma shelma mus losos szpinak 85g,karmy dla kotow,0,false
81235,2026-01-30 00:00:00,2236137,2.0,2.0,4.0,1.0,0.0,3.0463,3.0463,497.0,DF/PAR/260130/8334/1,21.0,1.0,6.58,6.58,6.58,147.0,KARMA SHELMA MUS ŁOSOŚ SZPINAK 85G,8595606410619.0,nan,-1.0,1.0,KARMY DLA KOTÓW,DF,1,IP,-1.0,sprzedaz,0,karma shelma mus losos szpinak 85g,karmy dla kotow,0,false
81235,2026-01-31 00:00:00,-1,0.0,0.0,4.0,0.0,0.0,3.0463,0.0,-1.0,brak,21.0,1.0,0.0,0.0,0.0,147.0,KARMA SHELMA MUS ŁOSOŚ SZPINAK 85G,8595606410619.0,brak,-1.0,1.0,KARMY DLA KOTÓW,DF,0,IP,0.0,sprzedaz,0,karma shelma mus losos szpinak 85g,karmy dla kotow,0,false
81284,2025-12-06 00:00:00,2190083,7.0,7.0,4.0,7.0,0.0,8.0857,56.6,133.0,DF/PAR/251206/929/1,21.0,1.0,81.67,81.67,81.67,219.0,CHOINKI W CZEKOLADZ 64G KOPERNIK,5900056018842.0,nan,-1.0,1.0,CIASTKA,DF,1,IP,-1.0,sprzedaz,0,choinki w czekoladz 64g kopernik,ciastka,0,false
81284,2025-12-07 00:00:00,-1,0.0,0.0,4.0,0.0,0.0,8.0857,0.0,-1.0,brak,21.0,1.0,0.0,0.0,0.0,219.0,CHOINKI W CZEKOLADZ 64G KOPERNIK,5900056018842.0,brak,-1.0,1.0,CIASTKA,DF,0,IP,0.0,sprzedaz,0,choinki w czekoladz 64g kopernik,ciastka,0,false
81284,2025-12-08 00:00:00,-1,0.0,0.0,4.0,0.0,0.0,8.0857,0.0,-1.0,brak,21.0,1.0,0.0,0.0,0.0,219.0,CHOINKI W CZEKOLADZ 64G KOPERNIK,5900056018842.0,brak,-1.0,1.0,CIASTKA,DF,0,IP,0.0,sprzedaz,0,choinki w czekoladz 64g kopernik,ciastka,0,false
81284,2025-12-09 00:00:00,-1,0.0,0.0,4.0,0.0,0.0,8.0857,0.0,-1.0,brak,21.0,1.0,0.0,0.0,0.0,219.0,CHOINKI W CZEKOLADZ 64G KOPERNIK,5900056018842.0,brak,-1.0,1.0,CIASTKA,DF,0,IP,0.0,sprzedaz,0,choinki w czekoladz 64g kopernik,ciastka,0,false
81284,2025-12-10 00:00:00,-1,0.0,0.0,4.0,0.0,0.0,8.0857,0.0,-1.0,brak,21.0,1.0,0.0,0.0,0.0,219.0,CHOINKI W CZEKOLADZ 64G KOPERNIK,5900056018842.0,brak,-1.0,1.0,CIASTKA,DF,0,IP,0.0,sprzedaz,0,choinki w czekoladz 64g kopernik,ciastka,0,false
81284,2025-12-11 00:00:00,-1,0.0,0.0,4.0,0.0,0.0,8.0857,0.0,-1.0,brak,21.0,1.0,0.0,0.0,0.0,219.0,CHOINKI W CZEKOLADZ 64G KOPERNIK,5900056018842.0,brak,-1.0,1.0,CIASTKA,DF,0,IP,0.0,sprzedaz,0,choinki w czekoladz 64g kopernik,ciastka,0,false
81284,2025-12-12 00:00:00,-1,0.0,0.0,4.0,0.0,0.0,8.0857,0.0,-1.0,brak,21.0,1.0,0.0,0.0,0.0,219.0,CHOINKI W CZEKOLADZ 64G KOPERNIK,5900056018842.0,brak,-1.0,1.0,CIASTKA,DF,0,IP,0.0,sprzedaz,0,choinki w czekoladz 64g kopernik,ciastka,0,false
81284,2025-12-13 00:00:00,2196536,4.0,4.0,4.0,1.0,0.0,8.0857,8.0857,86.0,DF/PAR/251213/7697/2,21.0,1.0,25.26,25.26,25.26,219.0,CHOINKI W CZEKOLADZ 64G KOPERNIK,5900056018842.0,nan,-1.0,1.0,CIASTKA,DF,1,IP,-1.0,sprzedaz,0,choinki w czekoladz 64g kopernik,ciastka,0,false
81284,2025-12-14 00:00:00,-1,0.0,0.0,4.0,0.0,0.0,8.0857,0.0,-1.0,brak,21.0,1.0,0.0,0.0,0.0,219.0,CHOINKI W CZEKOLADZ 64G KOPERNIK,5900056018842.0,brak,-1.0,1.0,CIASTKA,DF,0,IP,0.0,sprzedaz,0,choinki w czekoladz 64g kopernik,ciastka,0,false
81284,2025-12-15 00:00:00,-1,0.0,0.0,4.0,0.0,0.0,8.0857,0.0,-1.0,brak,21.0,1.0,0.0,0.0,0.0,219.0,CHOINKI W CZEKOLADZ 64G KOPERNIK,5900056018842.0,brak,-1.0,1.0,CIASTKA,DF,0,IP,0.0,sprzedaz,0,choinki w czekoladz 64g kopernik,ciastka,0,false
81284,2025-12-16 00:00:00,2199300,1.0,1.0,4.0,1.0,0.0,8.0857,8.0857,380.0,DF/PAR/251216/9423/2,21.0,1.0,93.45,93.45,93.45,219.0,CHOINKI W CZEKOLADZ 64G KOPERNIK,5900056018842.0,nan,-1.0,1.0,CIASTKA,DF,1,IP,-1.0,sprzedaz,0,choinki w czekoladz 64g kopernik,ciastka,0,false
81284,2025-12-17 00:00:00,2200044,1.0,1.0,4.0,1.0,0.0,8.0857,8.0857,80.0,DF/PAR/251217/9912/2,21.0,1.0,36.9,36.9,36.9,219.0,CHOINKI W CZEKOLADZ 64G KOPERNIK,5900056018842.0,nan,-1.0,1.0,CIASTKA,DF,1,IP,-1.0,sprzedaz,0,choinki w czekoladz 64g kopernik,ciastka,0,false
81284,2025-12-18 00:00:00,2201302,1.0,1.0,4.0,1.0,0.0,8.0857,8.0857,234.0,DF/PAR/251218/10693/2,21.0,1.0,41.24,41.24,41.24,219.0,CHOINKI W CZEKOLADZ 64G KOPERNIK,5900056018842.0,nan,-1.0,1.0,CIASTKA,DF,1,IP,-1.0,sprzedaz,0,choinki w czekoladz 64g kopernik,ciastka,0,false
81284,2025-12-19 00:00:00,-1,0.0,0.0,4.0,0.0,0.0,8.0857,0.0,-1.0,brak,21.0,1.0,0.0,0.0,0.0,219.0,CHOINKI W CZEKOLADZ 64G KOPERNIK,5900056018842.0,brak,-1.0,1.0,CIASTKA,DF,0,IP,0.0,sprzedaz,0,choinki w czekoladz 64g kopernik,ciastka,0,false
81284,2025-12-20 00:00:00,2204331,3.0,3.0,4.0,1.0,0.0,8.0857,8.0857,947.0,DF/PAR/251220/12555/2,21.0,1.0,19.65,19.65,19.65,219.0,CHOINKI W CZEKOLADZ 64G KOPERNIK,5900056018842.0,nan,-1.0,1.0,CIASTKA,DF,1,IP,-1.0,sprzedaz,0,choinki w czekoladz 64g kopernik,ciastka,0,false
81284,2025-12-21 00:00:00,-1,0.0,0.0,4.0,0.0,0.0,8.0857,0.0,-1.0,brak,21.0,1.0,0.0,0.0,0.0,219.0,CHOINKI W CZEKOLADZ 64G KOPERNIK,5900056018842.0,brak,-1.0,1.0,CIASTKA,DF,0,IP,0.0,sprzedaz,0,choinki w czekoladz 64g kopernik,ciastka,0,false
81284,2025-12-22 00:00:00,2204967,3.0,3.0,4.0,1.0,0.0,8.0857,8.0857,43.0,DF/PAR/251222/12990/2,21.0,1.0,28.49,28.49,28.49,219.0,CHOINKI W CZEKOLADZ 64G KOPERNIK,5900056018842.0,nan,-1.0,1.0,CIASTKA,DF,1,IP,-1.0,sprzedaz,0,choinki w czekoladz 64g kopernik,ciastka,0,false
81284,2025-12-22 00:00:00,2204967,4.0,4.0,4.0,1.0,0.0,8.0857,8.0857,43.0,DF/PAR/251222/12990/2,21.0,1.0,28.49,28.49,28.49,219.0,CHOINKI W CZEKOLADZ 64G KOPERNIK,5900056018842.0,nan,-1.0,1.0,CIASTKA,DF,1,IP,-1.0,sprzedaz,0,choinki w czekoladz 64g kopernik,ciastka,0,false
81284,2025-12-23 00:00:00,-1,0.0,0.0,4.0,0.0,0.0,8.0857,0.0,-1.0,brak,21.0,1.0,0.0,0.0,0.0,219.0,CHOINKI W CZEKOLADZ 64G KOPERNIK,5900056018842.0,brak,-1.0,1.0,CIASTKA,DF,0,IP,0.0,sprzedaz,0,choinki w czekoladz 64g kopernik,ciastka,0,false
81284,2025-12-24 00:00:00,-1,0.0,0.0,4.0,0.0,0.0,8.0857,0.0,-1.0,brak,21.0,1.0,0.0,0.0,0.0,219.0,CHOINKI W CZEKOLADZ 64G KOPERNIK,5900056018842.0,brak,-1.0,1.0,CIASTKA,DF,0,IP,0.0,sprzedaz,0,choinki w czekoladz 64g kopernik,ciastka,0,false
81284,2025-12-25 00:00:00,-1,0.0,0.0,4.0,0.0,0.0,8.0857,0.0,-1.0,brak,21.0,1.0,0.0,0.0,0.0,219.0,CHOINKI W CZEKOLADZ 64G KOPERNIK,5900056018842.0,brak,-1.0,1.0,CIASTKA,DF,0,IP,0.0,sprzedaz,0,choinki w czekoladz 64g kopernik,ciastka,0,false
81284,2025-12-26 00:00:00,-1,0.0,0.0,4.0,0.0,0.0,8.0857,0.0,-1.0,brak,21.0,1.0,0.0,0.0,0.0,219.0,CHOINKI W CZEKOLADZ 64G KOPERNIK,5900056018842.0,brak,-1.0,1.0,CIASTKA,DF,0,IP,0.0,sprzedaz,0,choinki w czekoladz 64g kopernik,ciastka,0,false
81284,2025-12-27 00:00:00,-1,0.0,0.0,4.0,0.0,0.0,8.0857,0.0,-1.0,brak,21.0,1.0,0.0,0.0,0.0,219.0,CHOINKI W CZEKOLADZ 64G KOPERNIK,5900056018842.0,brak,-1.0,1.0,CIASTKA,DF,0,IP,0.0,sprzedaz,0,choinki w czekoladz 64g kopernik,ciastka,0,false
81284,2025-12-28 00:00:00,-1,0.0,0.0,4.0,0.0,0.0,8.0857,0.0,-1.0,brak,21.0,1.0,0.0,0.0,0.0,219.0,CHOINKI W CZEKOLADZ 64G KOPERNIK,5900056018842.0,brak,-1.0,1.0,CIASTKA,DF,0,IP,0.0,sprzedaz,0,choinki w czekoladz 64g kopernik,ciastka,0,false
81284,2025-12-29 00:00:00,-1,0.0,0.0,4.0,0.0,0.0,8.0857,0.0,-1.0,brak,21.0,1.0,0.0,0.0,0.0,219.0,CHOINKI W CZEKOLADZ 64G KOPERNIK,5900056018842.0,brak,-1.0,1.0,CIASTKA,DF,0,IP,0.0,sprzedaz,0,choinki w czekoladz 64g kopernik,ciastka,0,false
81284,2025-12-30 00:00:00,-1,0.0,0.0,4.0,0.0,0.0,8.0857,0.0,-1.0,brak,21.0,1.0,0.0,0.0,0.0,219.0,CHOINKI W CZEKOLADZ 64G KOPERNIK,5900056018842.0,brak,-1.0,1.0,CIASTKA,DF,0,IP,0.0,sprzedaz,0,choinki w czekoladz 64g kopernik,ciastka,0,false
81284,2025-12-31 00:00:00,-1,0.0,0.0,4.0,0.0,0.0,8.0857,0.0,-1.0,brak,21.0,1.0,0.0,0.0,0.0,219.0,CHOINKI W CZEKOLADZ 64G KOPERNIK,5900056018842.0,brak,-1.0,1.0,CIASTKA,DF,0,IP,0.0,sprzedaz,0,choinki w czekoladz 64g kopernik,ciastka,0,false
81284,2026-01-01 00:00:00,-1,0.0,0.0,4.0,0.0,0.0,8.0857,0.0,-1.0,brak,21.0,1.0,0.0,0.0,0.0,219.0,CHOINKI W CZEKOLADZ 64G KOPERNIK,5900056018842.0,brak,-1.0,1.0,CIASTKA,DF,0,IP,0.0,sprzedaz,0,choinki w czekoladz 64g kopernik,ciastka,0,false
81284,2026-01-02 00:00:00,-1,0.0,0.0,4.0,0.0,0.0,8.0857,0.0,-1.0,brak,21.0,1.0,0.0,0.0,0.0,219.0,CHOINKI W CZEKOLADZ 64G KOPERNIK,5900056018842.0,brak,-1.0,1.0,CIASTKA,DF,0,IP,0.0,sprzedaz,0,choinki w czekoladz 64g kopernik,ciastka,0,false
81284,2026-01-03 00:00:00,-1,0.0,0.0,4.0,0.0,0.0,8.0857,0.0,-1.0,brak,21.0,1.0,0.0,0.0,0.0,219.0,CHOINKI W CZEKOLADZ 64G KOPERNIK,5900056018842.0,brak,-1.0,1.0,CIASTKA,DF,0,IP,0.0,sprzedaz,0,choinki w czekoladz 64g kopernik,ciastka,0,false
81284,2026-01-04 00:00:00,-1,0.0,0.0,4.0,0.0,0.0,8.0857,0.0,-1.0,brak,21.0,1.0,0.0,0.0,0.0,219.0,CHOINKI W CZEKOLADZ 64G KOPERNIK,5900056018842.0,brak,-1.0,1.0,CIASTKA,DF,0,IP,0.0,sprzedaz,0,choinki w czekoladz 64g kopernik,ciastka,0,false
81284,2026-01-05 00:00:00,-1,0.0,0.0,4.0,0.0,0.0,8.0857,0.0,-1.0,brak,21.0,1.0,0.0,0.0,0.0,219.0,CHOINKI W CZEKOLADZ 64G KOPERNIK,5900056018842.0,brak,-1.0,1.0,CIASTKA,DF,0,IP,0.0,sprzedaz,0,choinki w czekoladz 64g kopernik,ciastka,0,false
2998,2025-12-06 00:00:00,2190151,5.0,5.0,4.0,1.0,0.0,3.6944,3.6944,201.0,DF/PAR/251206/947/1,21.0,1.0,41.74,41.74,41.74,37.0,FIX WINIARY POMYSŁ NA KOTLETY MIELONE 69G NESTLE,5900085011630.0,DANIA GOTOWE INSTANT,340.0,0.0,FIXY W PROSZKU /dodatki spożywcze,DF,1,IP,-1.0,sprzedaz,0,fix winiary pomysl na kotlety mielone 69g nestle,fixy w proszku dodatki spozywcze,0,false
2998,2025-12-07 00:00:00,-1,0.0,0.0,4.0,0.0,0.0,3.6944,0.0,-1.0,brak,21.0,1.0,0.0,0.0,0.0,37.0,FIX WINIARY POMYSŁ NA KOTLETY MIELONE 69G NESTLE,5900085011630.0,brak,340.0,1.0,FIXY W PROSZKU /dodatki spożywcze,DF,0,IP,0.0,sprzedaz,0,fix winiary pomysl na kotlety mielone 69g nestle,fixy w proszku dodatki spozywcze,0,false
2998,2025-12-08 00:00:00,-1,0.0,0.0,4.0,0.0,0.0,3.6944,0.0,-1.0,brak,21.0,1.0,0.0,0.0,0.0,37.0,FIX WINIARY POMYSŁ NA KOTLETY MIELONE 69G NESTLE,5900085011630.0,brak,340.0,1.0,FIXY W PROSZKU /dodatki spożywcze,DF,0,IP,0.0,sprzedaz,0,fix winiary pomysl na kotlety mielone 69g nestle,fixy w proszku dodatki spozywcze,0,false
2998,2025-12-09 00:00:00,2192358,16.0,16.0,4.0,1.0,0.0,3.6944,3.6944,153.0,DF/PAR/251209/4957/2,21.0,1.0,74.84,74.84,74.84,37.0,FIX WINIARY POMYSŁ NA KOTLETY MIELONE 69G NESTLE,5900085011630.0,DANIA GOTOWE INSTANT,340.0,0.0,FIXY W PROSZKU /dodatki spożywcze,DF,1,IP,-1.0,sprzedaz,0,fix winiary pomysl na kotlety mielone 69g nestle,fixy w proszku dodatki spozywcze,0,false
2998,2025-12-09 00:00:00,2192639,8.0,8.0,4.0,1.0,0.0,3.6944,3.6944,434.0,DF/PAR/251209/5141/2,21.0,1.0,31.33,31.33,31.33,37.0,FIX WINIARY POMYSŁ NA KOTLETY MIELONE 69G NESTLE,5900085011630.0,DANIA GOTOWE INSTANT,340.0,0.0,FIXY W PROSZKU /dodatki spożywcze,DF,1,IP,-1.0,sprzedaz,0,fix winiary pomysl na kotlety mielone 69g nestle,fixy w proszku dodatki spozywcze,0,false
2998,2025-12-09 00:00:00,2192729,6.0,6.0,4.0,1.0,0.0,3.6944,3.6944,518.0,DF/PAR/251209/1432/1,21.0,1.0,47.41,47.41,47.41,37.0,FIX WINIARY POMYSŁ NA KOTLETY MIELONE 69G NESTLE,5900085011630.0,DANIA GOTOWE INSTANT,340.0,0.0,FIXY W PROSZKU /dodatki spożywcze,DF,1,IP,-1.0,sprzedaz,0,fix winiary pomysl na kotlety mielone 69g nestle,fixy w proszku dodatki spozywcze,0,false
2998,2025-12-10 00:00:00,-1,0.0,0.0,4.0,0.0,0.0,3.6944,0.0,-1.0,brak,21.0,1.0,0.0,0.0,0.0,37.0,FIX WINIARY POMYSŁ NA KOTLETY MIELONE 69G NESTLE,5900085011630.0,brak,340.0,1.0,FIXY W PROSZKU /dodatki spożywcze,DF,0,IP,0.0,sprzedaz,0,fix winiary pomysl na kotlety mielone 69g nestle,fixy w proszku dodatki spozywcze,0,false
2998,2025-12-11 00:00:00,-1,0.0,0.0,4.0,0.0,0.0,3.6944,0.0,-1.0,brak,21.0,1.0,0.0,0.0,0.0,37.0,FIX WINIARY POMYSŁ NA KOTLETY MIELONE 69G NESTLE,5900085011630.0,brak,340.0,1.0,FIXY W PROSZKU /dodatki spożywcze,DF,0,IP,0.0,sprzedaz,0,fix winiary pomysl na kotlety mielone 69g nestle,fixy w proszku dodatki spozywcze,0,false
2998,2025-12-12 00:00:00,-1,0.0,0.0,4.0,0.0,0.0,3.6944,0.0,-1.0,brak,21.0,1.0,0.0,0.0,0.0,37.0,FIX WINIARY POMYSŁ NA KOTLETY MIELONE 69G NESTLE,5900085011630.0,brak,340.0,1.0,FIXY W PROSZKU /dodatki spożywcze,DF,0,IP,0.0,sprzedaz,0,fix winiary pomysl na kotlety mielone 69g nestle,fixy w proszku dodatki spozywcze,0,false
2998,2025-12-13 00:00:00,-1,0.0,0.0,4.0,0.0,0.0,3.6944,0.0,-1.0,brak,21.0,1.0,0.0,0.0,0.0,37.0,FIX WINIARY POMYSŁ NA KOTLETY MIELONE 69G NESTLE,5900085011630.0,brak,340.0,1.0,FIXY W PROSZKU /dodatki spożywcze,DF,0,IP,0.0,sprzedaz,0,fix winiary pomysl na kotlety mielone 69g nestle,fixy w proszku dodatki spozywcze,0,false
2998,2025-12-14 00:00:00,-1,0.0,0.0,4.0,0.0,0.0,3.6944,0.0,-1.0,brak,21.0,1.0,0.0,0.0,0.0,37.0,FIX WINIARY POMYSŁ NA KOTLETY MIELONE 69G NESTLE,5900085011630.0,brak,340.0,1.0,FIXY W PROSZKU /dodatki spożywcze,DF,0,IP,0.0,sprzedaz,0,fix winiary pomysl na kotlety mielone 69g nestle,fixy w proszku dodatki spozywcze,0,false
2998,2025-12-15 00:00:00,-1,0.0,0.0,4.0,0.0,0.0,3.6944,0.0,-1.0,brak,21.0,1.0,0.0,0.0,0.0,37.0,FIX WINIARY POMYSŁ NA KOTLETY MIELONE 69G NESTLE,5900085011630.0,brak,340.0,1.0,FIXY W PROSZKU /dodatki spożywcze,DF,0,IP,0.0,sprzedaz,0,fix winiary pomysl na kotlety mielone 69g nestle,fixy w proszku dodatki spozywcze,0,false
2998,2025-12-16 00:00:00,2199336,1.0,1.0,4.0,1.0,0.0,3.6944,3.6944,416.0,DF/PAR/251216/2641/1,21.0,1.0,41.92,41.92,41.92,37.0,FIX WINIARY POMYSŁ NA KOTLETY MIELONE 69G NESTLE,5900085011630.0,DANIA GOTOWE INSTANT,340.0,0.0,FIXY W PROSZKU /dodatki spożywcze,DF,1,IP,-1.0,sprzedaz,0,fix winiary pomysl na kotlety mielone 69g nestle,fixy w proszku dodatki spozywcze,0,false
2998,2025-12-17 00:00:00,-1,0.0,0.0,4.0,0.0,0.0,3.6944,0.0,-1.0,brak,21.0,1.0,0.0,0.0,0.0,37.0,FIX WINIARY POMYSŁ NA KOTLETY MIELONE 69G NESTLE,5900085011630.0,brak,340.0,1.0,FIXY W PROSZKU /dodatki spożywcze,DF,0,IP,0.0,sprzedaz,0,fix winiary pomysl na kotlety mielone 69g nestle,fixy w proszku dodatki spozywcze,0,false
2998,2025-12-18 00:00:00,-1,0.0,0.0,4.0,0.0,0.0,3.6944,0.0,-1.0,brak,21.0,1.0,0.0,0.0,0.0,37.0,FIX WINIARY POMYSŁ NA KOTLETY MIELONE 69G NESTLE,5900085011630.0,brak,340.0,1.0,FIXY W PROSZKU /dodatki spożywcze,DF,0,IP,0.0,sprzedaz,0,fix winiary pomysl na kotlety mielone 69g nestle,fixy w proszku dodatki spozywcze,0,false
2998,2025-12-19 00:00:00,2202484,5.0,5.0,4.0,1.0,0.0,3.6944,3.6944,285.0,DF/PAR/251219/11453/2,21.0,1.0,69.5,69.5,69.5,37.0,FIX WINIARY POMYSŁ NA KOTLETY MIELONE 69G NESTLE,5900085011630.0,DANIA GOTOWE INSTANT,340.0,0.0,FIXY W PROSZKU /dodatki spożywcze,DF,1,IP,-1.0,sprzedaz,0,fix winiary pomysl na kotlety mielone 69g nestle,fixy w proszku dodatki spozywcze,0,false
2998,2025-12-19 00:00:00,2202588,9.0,9.0,4.0,1.0,0.0,3.6944,3.6944,389.0,DF/PAR/251219/11529/2,21.0,1.0,110.29,110.29,110.29,37.0,FIX WINIARY POMYSŁ NA KOTLETY MIELONE 69G NESTLE,5900085011630.0,DANIA GOTOWE INSTANT,340.0,0.0,FIXY W PROSZKU /dodatki spożywcze,DF,1,IP,-1.0,sprzedaz,0,fix winiary pomysl na kotlety mielone 69g nestle,fixy w proszku dodatki spozywcze,0,false
2998,2025-12-20 00:00:00,-1,0.0,0.0,4.0,0.0,0.0,3.6944,0.0,-1.0,brak,21.0,1.0,0.0,0.0,0.0,37.0,FIX WINIARY POMYSŁ NA KOTLETY MIELONE 69G NESTLE,5900085011630.0,brak,340.0,1.0,FIXY W PROSZKU /dodatki spożywcze,DF,0,IP,0.0,sprzedaz,0,fix winiary pomysl na kotlety mielone 69g nestle,fixy w proszku dodatki spozywcze,0,false
2998,2025-12-21 00:00:00,-1,0.0,0.0,4.0,0.0,0.0,3.6944,0.0,-1.0,brak,21.0,1.0,0.0,0.0,0.0,37.0,FIX WINIARY POMYSŁ NA KOTLETY MIELONE 69G NESTLE,5900085011630.0,brak,340.0,1.0,FIXY W PROSZKU /dodatki spożywcze,DF,0,IP,0.0,sprzedaz,0,fix winiary pomysl na kotlety mielone 69g nestle,fixy w proszku dodatki spozywcze,0,false
2998,2025-12-22 00:00:00,-1,0.0,0.0,4.0,0.0,0.0,3.6944,0.0,-1.0,brak,21.0,1.0,0.0,0.0,0.0,37.0,FIX WINIARY POMYSŁ NA KOTLETY MIELONE 69G NESTLE,5900085011630.0,brak,340.0,1.0,FIXY W PROSZKU /dodatki spożywcze,DF,0,IP,0.0,sprzedaz,0,fix winiary pomysl na kotlety mielone 69g nestle,fixy w proszku dodatki spozywcze,0,false
2998,2025-12-23 00:00:00,-1,0.0,0.0,4.0,0.0,0.0,3.6944,0.0,-1.0,brak,21.0,1.0,0.0,0.0,0.0,37.0,FIX WINIARY POMYSŁ NA KOTLETY MIELONE 69G NESTLE,5900085011630.0,brak,340.0,1.0,FIXY W PROSZKU /dodatki spożywcze,DF,0,IP,0.0,sprzedaz,0,fix winiary pomysl na kotlety mielone 69g nestle,fixy w proszku dodatki spozywcze,0,false
2998,2025-12-24 00:00:00,-1,0.0,0.0,4.0,0.0,0.0,3.6944,0.0,-1.0,brak,21.0,1.0,0.0,0.0,0.0,37.0,FIX WINIARY POMYSŁ NA KOTLETY MIELONE 69G NESTLE,5900085011630.0,brak,340.0,1.0,FIXY W PROSZKU /dodatki spożywcze,DF,0,IP,0.0,sprzedaz,0,fix winiary pomysl na kotlety mielone 69g nestle,fixy w proszku dodatki spozywcze,0,false
2998,2025-12-25 00:00:00,-1,0.0,0.0,4.0,0.0,0.0,3.6944,0.0,-1.0,brak,21.0,1.0,0.0,0.0,0.0,37.0,FIX WINIARY POMYSŁ NA KOTLETY MIELONE 69G NESTLE,5900085011630.0,brak,340.0,1.0,FIXY W PROSZKU /dodatki spożywcze,DF,0,IP,0.0,sprzedaz,0,fix winiary pomysl na kotlety mielone 69g nestle,fixy w proszku dodatki spozywcze,0,false
2998,2025-12-26 00:00:00,-1,0.0,0.0,4.0,0.0,0.0,3.6944,0.0,-1.0,brak,21.0,1.0,0.0,0.0,0.0,37.0,FIX WINIARY POMYSŁ NA KOTLETY MIELONE 69G NESTLE,5900085011630.0,brak,340.0,1.0,FIXY W PROSZKU /dodatki spożywcze,DF,0,IP,0.0,sprzedaz,0,fix winiary pomysl na kotlety mielone 69g nestle,fixy w proszku dodatki spozywcze,0,false
2998,2025-12-27 00:00:00,2207956,4.0,4.0,4.0,1.0,0.0,3.6944,3.6944,121.0,DF/PAR/251227/14296/2,21.0,1.0,45.71,45.71,45.71,37.0,FIX WINIARY POMYSŁ NA KOTLETY MIELONE 69G NESTLE,5900085011630.0,DANIA GOTOWE INSTANT,340.0,0.0,FIXY W PROSZKU /dodatki spożywcze,DF,1,IP,-1.0,sprzedaz,0,fix winiary pomysl na kotlety mielone 69g nestle,fixy w proszku dodatki spozywcze,0,false
2998,2025-12-28 00:00:00,-1,0.0,0.0,4.0,0.0,0.0,3.6944,0.0,-1.0,brak,21.0,1.0,0.0,0.0,0.0,37.0,FIX WINIARY POMYSŁ NA KOTLETY MIELONE 69G NESTLE,5900085011630.0,brak,340.0,1.0,FIXY W PROSZKU /dodatki spożywcze,DF,0,IP,0.0,sprzedaz,0,fix winiary pomysl na kotlety mielone 69g nestle,fixy w proszku dodatki spozywcze,0,false
2998,2025-12-29 00:00:00,-1,0.0,0.0,4.0,0.0,0.0,3.6944,0.0,-1.0,brak,21.0,1.0,0.0,0.0,0.0,37.0,FIX WINIARY POMYSŁ NA KOTLETY MIELONE 69G NESTLE,5900085011630.0,brak,340.0,1.0,FIXY W PROSZKU /dodatki spożywcze,DF,0,IP,0.0,sprzedaz,0,fix winiary pomysl na kotlety mielone 69g nestle,fixy w proszku dodatki spozywcze,0,false
2998,2025-12-30 00:00:00,-1,0.0,0.0,4.0,0.0,0.0,3.6944,0.0,-1.0,brak,21.0,1.0,0.0,0.0,0.0,37.0,FIX WINIARY POMYSŁ NA KOTLETY MIELONE 69G NESTLE,5900085011630.0,brak,340.0,1.0,FIXY W PROSZKU /dodatki spożywcze,DF,0,IP,0.0,sprzedaz,0,fix winiary pomysl na kotlety mielone 69g nestle,fixy w proszku dodatki spozywcze,0,false
2998,2025-12-31 00:00:00,-1,0.0,0.0,4.0,0.0,0.0,3.6944,0.0,-1.0,brak,21.0,1.0,0.0,0.0,0.0,37.0,FIX WINIARY POMYSŁ NA KOTLETY MIELONE 69G NESTLE,5900085011630.0,brak,340.0,1.0,FIXY W PROSZKU /dodatki spożywcze,DF,0,IP,0.0,sprzedaz,0,fix winiary pomysl na kotlety mielone 69g nestle,fixy w proszku dodatki spozywcze,0,false
2998,2026-01-01 00:00:00,-1,0.0,0.0,4.0,0.0,0.0,3.6944,0.0,-1.0,brak,21.0,1.0,0.0,0.0,0.0,37.0,FIX WINIARY POMYSŁ NA KOTLETY MIELONE 69G NESTLE,5900085011630.0,brak,340.0,1.0,FIXY W PROSZKU /dodatki spożywcze,DF,0,IP,0.0,sprzedaz,0,fix winiary pomysl na kotlety mielone 69g nestle,fixy w proszku dodatki spozywcze,0,false
2998,2026-01-02 00:00:00,-1,0.0,0.0,4.0,0.0,0.0,3.6944,0.0,-1.0,brak,21.0,1.0,0.0,0.0,0.0,37.0,FIX WINIARY POMYSŁ NA KOTLETY MIELONE 69G NESTLE,5900085011630.0,brak,340.0,1.0,FIXY W PROSZKU /dodatki spożywcze,DF,0,IP,0.0,sprzedaz,0,fix winiary pomysl na kotlety mielone 69g nestle,fixy w proszku dodatki spozywcze,0,false
2998,2026-01-03 00:00:00,-1,0.0,0.0,4.0,0.0,0.0,3.6944,0.0,-1.0,brak,21.0,1.0,0.0,0.0,0.0,37.0,FIX WINIARY POMYSŁ NA KOTLETY MIELONE 69G NESTLE,5900085011630.0,brak,340.0,1.0,FIXY W PROSZKU /dodatki spożywcze,DF,0,IP,0.0,sprzedaz,0,fix winiary pomysl na kotlety mielone 69g nestle,fixy w proszku dodatki spozywcze,0,false
2998,2026-01-04 00:00:00,-1,0.0,0.0,4.0,0.0,0.0,3.6944,0.0,-1.0,brak,21.0,1.0,0.0,0.0,0.0,37.0,FIX WINIARY POMYSŁ NA KOTLETY MIELONE 69G NESTLE,5900085011630.0,brak,340.0,1.0,FIXY W PROSZKU /dodatki spożywcze,DF,0,IP,0.0,sprzedaz,0,fix winiary pomysl na kotlety mielone 69g nestle,fixy w proszku dodatki spozywcze,0,false
2998,2026-01-05 00:00:00,-1,0.0,0.0,4.0,0.0,0.0,3.6944,0.0,-1.0,brak,21.0,1.0,0.0,0.0,0.0,37.0,FIX WINIARY POMYSŁ NA KOTLETY MIELONE 69G NESTLE,5900085011630.0,brak,340.0,1.0,FIXY W PROSZKU /dodatki spożywcze,DF,0,IP,0.0,sprzedaz,0,fix winiary pomysl na kotlety mielone 69g nestle,fixy w proszku dodatki spozywcze,0,false
2998,2026-01-06 00:00:00,-1,0.0,0.0,4.0,0.0,0.0,3.6944,0.0,-1.0,brak,21.0,1.0,0.0,0.0,0.0,37.0,FIX WINIARY POMYSŁ NA KOTLETY MIELONE 69G NESTLE,5900085011630.0,brak,340.0,1.0,FIXY W PROSZKU /dodatki spożywcze,DF,0,IP,0.0,sprzedaz,0,fix winiary pomysl na kotlety mielone 69g nestle,fixy w proszku dodatki spozywcze,0,false
2998,2026-01-07 00:00:00,-1,0.0,0.0,4.0,0.0,0.0,3.6944,0.0,-1.0,brak,21.0,1.0,0.0,0.0,0.0,37.0,FIX WINIARY POMYSŁ NA KOTLETY MIELONE 69G NESTLE,5900085011630.0,brak,340.0,1.0,FIXY W PROSZKU /dodatki spożywcze,DF,0,IP,0.0,sprzedaz,0,fix winiary pomysl na kotlety mielone 69g nestle,fixy w proszku dodatki spozywcze,0,false
2998,2026-01-08 00:00:00,2216303,5.0,5.0,4.0,1.0,0.0,3.6944,3.6944,208.0,DF/PAR/260108/2710/2,21.0,1.0,20.04,20.04,20.04,37.0,FIX WINIARY POMYSŁ NA KOTLETY MIELONE 69G NESTLE,5900085011630.0,DANIA GOTOWE INSTANT,340.0,0.0,FIXY W PROSZKU /dodatki spożywcze,DF,1,IP,-1.0,sprzedaz,0,fix winiary pomysl na kotlety mielone 69g nestle,fixy w proszku dodatki spozywcze,0,false
2998,2026-01-08 00:00:00,2216303,6.0,6.0,4.0,1.0,0.0,3.6944,3.6944,208.0,DF/PAR/260108/2710/2,21.0,1.0,20.04,20.04,20.04,37.0,FIX WINIARY POMYSŁ NA KOTLETY MIELONE 69G NESTLE,5900085011630.0,DANIA GOTOWE INSTANT,340.0,0.0,FIXY W PROSZKU /dodatki spożywcze,DF,1,IP,-1.0,sprzedaz,0,fix winiary pomysl na kotlety mielone 69g nestle,fixy w proszku dodatki spozywcze,0,false
2998,2026-01-09 00:00:00,-1,0.0,0.0,4.0,0.0,0.0,3.6944,0.0,-1.0,brak,21.0,1.0,0.0,0.0,0.0,37.0,FIX WINIARY POMYSŁ NA KOTLETY MIELONE 69G NESTLE,5900085011630.0,brak,340.0,1.0,FIXY W PROSZKU /dodatki spożywcze,DF,0,IP,0.0,sprzedaz,0,fix winiary pomysl na kotlety mielone 69g nestle,fixy w proszku dodatki spozywcze,0,false
2998,2026-01-10 00:00:00,-1,0.0,0.0,4.0,0.0,0.0,3.6944,0.0,-1.0,brak,21.0,1.0,0.0,0.0,0.0,37.0,FIX WINIARY POMYSŁ NA KOTLETY MIELONE 69G NESTLE,5900085011630.0,brak,340.0,1.0,FIXY W PROSZKU /dodatki spożywcze,DF,0,IP,0.0,sprzedaz,0,fix winiary pomysl na kotlety mielone 69g nestle,fixy w proszku dodatki spozywcze,0,false
2998,2026-01-11 00:00:00,-1,0.0,0.0,4.0,0.0,0.0,3.6944,0.0,-1.0,brak,21.0,1.0,0.0,0.0,0.0,37.0,FIX WINIARY POMYSŁ NA KOTLETY MIELONE 69G NESTLE,5900085011630.0,brak,340.0,1.0,FIXY W PROSZKU /dodatki spożywcze,DF,0,IP,0.0,sprzedaz,0,fix winiary pomysl na kotlety mielone 69g nestle,fixy w proszku dodatki spozywcze,0,false
2998,2026-01-12 00:00:00,-1,0.0,0.0,4.0,0.0,0.0,3.6944,0.0,-1.0,brak,21.0,1.0,0.0,0.0,0.0,37.0,FIX WINIARY POMYSŁ NA KOTLETY MIELONE 69G NESTLE,5900085011630.0,brak,340.0,1.0,FIXY W PROSZKU /dodatki spożywcze,DF,0,IP,0.0,sprzedaz,0,fix winiary pomysl na kotlety mielone 69g nestle,fixy w proszku dodatki spozywcze,0,false
2998,2026-01-13 00:00:00,-1,0.0,0.0,4.0,0.0,0.0,3.6944,0.0,-1.0,brak,21.0,1.0,0.0,0.0,0.0,37.0,FIX WINIARY POMYSŁ NA KOTLETY MIELONE 69G NESTLE,5900085011630.0,brak,340.0,1.0,FIXY W PROSZKU /dodatki spożywcze,DF,0,IP,0.0,sprzedaz,0,fix winiary pomysl na kotlety mielone 69g nestle,fixy w proszku dodatki spozywcze,0,false
2998,2026-01-14 00:00:00,-1,0.0,0.0,4.0,0.0,0.0,3.6944,0.0,-1.0,brak,21.0,1.0,0.0,0.0,0.0,37.0,FIX WINIARY POMYSŁ NA KOTLETY MIELONE 69G NESTLE,5900085011630.0,brak,340.0,1.0,FIXY W PROSZKU /dodatki spożywcze,DF,0,IP,0.0,sprzedaz,0,fix winiary pomysl na kotlety mielone 69g nestle,fixy w proszku dodatki spozywcze,0,false
2998,2026-01-15 00:00:00,-1,0.0,0.0,4.0,0.0,0.0,3.6944,0.0,-1.0,brak,21.0,1.0,0.0,0.0,0.0,37.0,FIX WINIARY POMYSŁ NA KOTLETY MIELONE 69G NESTLE,5900085011630.0,brak,340.0,1.0,FIXY W PROSZKU /dodatki spożywcze,DF,0,IP,0.0,sprzedaz,0,fix winiary pomysl na kotlety mielone 69g nestle,fixy w proszku dodatki spozywcze,0,false
2998,2026-01-16 00:00:00,-1,0.0,0.0,4.0,0.0,0.0,3.6944,0.0,-1.0,brak,21.0,1.0,0.0,0.0,0.0,37.0,FIX WINIARY POMYSŁ NA KOTLETY MIELONE 69G NESTLE,5900085011630.0,brak,340.0,1.0,FIXY W PROSZKU /dodatki spożywcze,DF,0,IP,0.0,sprzedaz,0,fix winiary pomysl na kotlety mielone 69g nestle,fixy w proszku dodatki spozywcze,0,false
2998,2026-01-17 00:00:00,-1,0.0,0.0,4.0,0.0,0.0,3.6944,0.0,-1.0,brak,21.0,1.0,0.0,0.0,0.0,37.0,FIX WINIARY POMYSŁ NA KOTLETY MIELONE 69G NESTLE,5900085011630.0,brak,340.0,1.0,FIXY W PROSZKU /dodatki spożywcze,DF,0,IP,0.0,sprzedaz,0,fix winiary pomysl na kotlety mielone 69g nestle,fixy w proszku dodatki spozywcze,0,false
2998,2026-01-18 00:00:00,-1,0.0,0.0,4.0,0.0,0.0,3.6944,0.0,-1.0,brak,21.0,1.0,0.0,0.0,0.0,37.0,FIX WINIARY POMYSŁ NA KOTLETY MIELONE 69G NESTLE,5900085011630.0,brak,340.0,1.0,FIXY W PROSZKU /dodatki spożywcze,DF,0,IP,0.0,sprzedaz,0,fix winiary pomysl na kotlety mielone 69g nestle,fixy w proszku dodatki spozywcze,0,false
2998,2026-01-19 00:00:00,-1,0.0,0.0,4.0,0.0,0.0,3.6944,0.0,-1.0,brak,21.0,1.0,0.0,0.0,0.0,37.0,FIX WINIARY POMYSŁ NA KOTLETY MIELONE 69G NESTLE,5900085011630.0,brak,340.0,1.0,FIXY W PROSZKU /dodatki spożywcze,DF,0,IP,0.0,sprzedaz,0,fix winiary pomysl na kotlety mielone 69g nestle,fixy w proszku dodatki spozywcze,0,false
2998,2026-01-20 00:00:00,-1,0.0,0.0,4.0,0.0,0.0,3.6944,0.0,-1.0,brak,21.0,1.0,0.0,0.0,0.0,37.0,FIX WINIARY POMYSŁ NA KOTLETY MIELONE 69G NESTLE,5900085011630.0,brak,340.0,1.0,FIXY W PROSZKU /dodatki spożywcze,DF,0,IP,0.0,sprzedaz,0,fix winiary pomysl na kotlety mielone 69g nestle,fixy w proszku dodatki spozywcze,0,false
2998,2026-01-21 00:00:00,-1,0.0,0.0,4.0,0.0,0.0,3.6944,0.0,-1.0,brak,21.0,1.0,0.0,0.0,0.0,37.0,FIX WINIARY POMYSŁ NA KOTLETY MIELONE 69G NESTLE,5900085011630.0,brak,340.0,1.0,FIXY W PROSZKU /dodatki spożywcze,DF,0,IP,0.0,sprzedaz,0,fix winiary pomysl na kotlety mielone 69g nestle,fixy w proszku dodatki spozywcze,0,false
2998,2026-01-22 00:00:00,-1,0.0,0.0,4.0,0.0,0.0,3.6944,0.0,-1.0,brak,21.0,1.0,0.0,0.0,0.0,37.0,FIX WINIARY POMYSŁ NA KOTLETY MIELONE 69G NESTLE,5900085011630.0,brak,340.0,1.0,FIXY W PROSZKU /dodatki spożywcze,DF,0,IP,0.0,sprzedaz,0,fix winiary pomysl na kotlety mielone 69g nestle,fixy w proszku dodatki spozywcze,0,false
81297,2025-12-06 00:00:00,2190554,4.0,4.0,4.0,1.0,0.0,17.878,17.878,603.0,DF/PAR/251206/1125/1,21.0,1.0,112.94,112.94,112.94,7.0,"WINO B/PS GATONEGRO 11,5% 0,75L",7804300136901.0,nan,-1.0,1.0,"2 WINA, MIÓD NALEWKA DO 18%",DF,1,IP,-1.0,sprzedaz,0,wino b ps gatonegro 11 5 0 75l,2 wina miod nalewka do 18,0,false
81297,2025-12-07 00:00:00,-1,0.0,0.0,4.0,0.0,0.0,17.878,0.0,-1.0,brak,21.0,1.0,0.0,0.0,0.0,7.0,"WINO B/PS GATONEGRO 11,5% 0,75L",7804300136901.0,brak,-1.0,1.0,"2 WINA, MIÓD NALEWKA DO 18%",DF,0,IP,0.0,sprzedaz,0,wino b ps gatonegro 11 5 0 75l,2 wina miod nalewka do 18,0,false
81297,2025-12-08 00:00:00,-1,0.0,0.0,4.0,0.0,0.0,17.878,0.0,-1.0,brak,21.0,1.0,0.0,0.0,0.0,7.0,"WINO B/PS GATONEGRO 11,5% 0,75L",7804300136901.0,brak,-1.0,1.0,"2 WINA, MIÓD NALEWKA DO 18%",DF,0,IP,0.0,sprzedaz,0,wino b ps gatonegro 11 5 0 75l,2 wina miod nalewka do 18,0,false
81297,2025-12-09 00:00:00,-1,0.0,0.0,4.0,0.0,0.0,17.878,0.0,-1.0,brak,21.0,1.0,0.0,0.0,0.0,7.0,"WINO B/PS GATONEGRO 11,5% 0,75L",7804300136901.0,brak,-1.0,1.0,"2 WINA, MIÓD NALEWKA DO 18%",DF,0,IP,0.0,sprzedaz,0,wino b ps gatonegro 11 5 0 75l,2 wina miod nalewka do 18,0,false
81297,2025-12-10 00:00:00,-1,0.0,0.0,4.0,0.0,0.0,17.878,0.0,-1.0,brak,21.0,1.0,0.0,0.0,0.0,7.0,"WINO B/PS GATONEGRO 11,5% 0,75L",7804300136901.0,brak,-1.0,1.0,"2 WINA, MIÓD NALEWKA DO 18%",DF,0,IP,0.0,sprzedaz,0,wino b ps gatonegro 11 5 0 75l,2 wina miod nalewka do 18,0,false
81297,2025-12-11 00:00:00,-1,0.0,0.0,4.0,0.0,0.0,17.878,0.0,-1.0,brak,21.0,1.0,0.0,0.0,0.0,7.0,"WINO B/PS GATONEGRO 11,5% 0,75L",7804300136901.0,brak,-1.0,1.0,"2 WINA, MIÓD NALEWKA DO 18%",DF,0,IP,0.0,sprzedaz,0,wino b ps gatonegro 11 5 0 75l,2 wina miod nalewka do 18,0,false
81297,2025-12-12 00:00:00,-1,0.0,0.0,4.0,0.0,0.0,17.878,0.0,-1.0,brak,21.0,1.0,0.0,0.0,0.0,7.0,"WINO B/PS GATONEGRO 11,5% 0,75L",7804300136901.0,brak,-1.0,1.0,"2 WINA, MIÓD NALEWKA DO 18%",DF,0,IP,0.0,sprzedaz,0,wino b ps gatonegro 11 5 0 75l,2 wina miod nalewka do 18,0,false
81297,2025-12-13 00:00:00,-1,0.0,0.0,4.0,0.0,0.0,17.878,0.0,-1.0,brak,21.0,1.0,0.0,0.0,0.0,7.0,"WINO B/PS GATONEGRO 11,5% 0,75L",7804300136901.0,brak,-1.0,1.0,"2 WINA, MIÓD NALEWKA DO 18%",DF,0,IP,0.0,sprzedaz,0,wino b ps gatonegro 11 5 0 75l,2 wina miod nalewka do 18,0,false
81297,2025-12-14 00:00:00,-1,0.0,0.0,4.0,0.0,0.0,17.878,0.0,-1.0,brak,21.0,1.0,0.0,0.0,0.0,7.0,"WINO B/PS GATONEGRO 11,5% 0,75L",7804300136901.0,brak,-1.0,1.0,"2 WINA, MIÓD NALEWKA DO 18%",DF,0,IP,0.0,sprzedaz,0,wino b ps gatonegro 11 5 0 75l,2 wina miod nalewka do 18,0,false
81297,2025-12-15 00:00:00,-1,0.0,0.0,4.0,0.0,0.0,17.878,0.0,-1.0,brak,21.0,1.0,0.0,0.0,0.0,7.0,"WINO B/PS GATONEGRO 11,5% 0,75L",7804300136901.0,brak,-1.0,1.0,"2 WINA, MIÓD NALEWKA DO 18%",DF,0,IP,0.0,sprzedaz,0,wino b ps gatonegro 11 5 0 75l,2 wina miod nalewka do 18,0,false
81297,2025-12-16 00:00:00,-1,0.0,0.0,4.0,0.0,0.0,17.878,0.0,-1.0,brak,21.0,1.0,0.0,0.0,0.0,7.0,"WINO B/PS GATONEGRO 11,5% 0,75L",7804300136901.0,brak,-1.0,1.0,"2 WINA, MIÓD NALEWKA DO 18%",DF,0,IP,0.0,sprzedaz,0,wino b ps gatonegro 11 5 0 75l,2 wina miod nalewka do 18,0,false
81297,2025-12-17 00:00:00,-1,0.0,0.0,4.0,0.0,0.0,17.878,0.0,-1.0,brak,21.0,1.0,0.0,0.0,0.0,7.0,"WINO B/PS GATONEGRO 11,5% 0,75L",7804300136901.0,brak,-1.0,1.0,"2 WINA, MIÓD NALEWKA DO 18%",DF,0,IP,0.0,sprzedaz,0,wino b ps gatonegro 11 5 0 75l,2 wina miod nalewka do 18,0,false
81297,2025-12-18 00:00:00,-1,0.0,0.0,4.0,0.0,0.0,17.878,0.0,-1.0,brak,21.0,1.0,0.0,0.0,0.0,7.0,"WINO B/PS GATONEGRO 11,5% 0,75L",7804300136901.0,brak,-1.0,1.0,"2 WINA, MIÓD NALEWKA DO 18%",DF,0,IP,0.0,sprzedaz,0,wino b ps gatonegro 11 5 0 75l,2 wina miod nalewka do 18,0,false
81297,2025-12-19 00:00:00,-1,0.0,0.0,4.0,0.0,0.0,17.878,0.0,-1.0,brak,21.0,1.0,0.0,0.0,0.0,7.0,"WINO B/PS GATONEGRO 11,5% 0,75L",7804300136901.0,brak,-1.0,1.0,"2 WINA, MIÓD NALEWKA DO 18%",DF,0,IP,0.0,sprzedaz,0,wino b ps gatonegro 11 5 0 75l,2 wina miod nalewka do 18,0,false
81297,2025-12-20 00:00:00,-1,0.0,0.0,4.0,0.0,0.0,17.878,0.0,-1.0,brak,21.0,1.0,0.0,0.0,0.0,7.0,"WINO B/PS GATONEGRO 11,5% 0,75L",7804300136901.0,brak,-1.0,1.0,"2 WINA, MIÓD NALEWKA DO 18%",DF,0,IP,0.0,sprzedaz,0,wino b ps gatonegro 11 5 0 75l,2 wina miod nalewka do 18,0,false
81297,2025-12-21 00:00:00,-1,0.0,0.0,4.0,0.0,0.0,17.878,0.0,-1.0,brak,21.0,1.0,0.0,0.0,0.0,7.0,"WINO B/PS GATONEGRO 11,5% 0,75L",7804300136901.0,brak,-1.0,1.0,"2 WINA, MIÓD NALEWKA DO 18%",DF,0,IP,0.0,sprzedaz,0,wino b ps gatonegro 11 5 0 75l,2 wina miod nalewka do 18,0,false
81297,2025-12-22 00:00:00,-1,0.0,0.0,4.0,0.0,0.0,17.878,0.0,-1.0,brak,21.0,1.0,0.0,0.0,0.0,7.0,"WINO B/PS GATONEGRO 11,5% 0,75L",7804300136901.0,brak,-1.0,1.0,"2 WINA, MIÓD NALEWKA DO 18%",DF,0,IP,0.0,sprzedaz,0,wino b ps gatonegro 11 5 0 75l,2 wina miod nalewka do 18,0,false
81297,2025-12-23 00:00:00,-1,0.0,0.0,4.0,0.0,0.0,17.878,0.0,-1.0,brak,21.0,1.0,0.0,0.0,0.0,7.0,"WINO B/PS GATONEGRO 11,5% 0,75L",7804300136901.0,brak,-1.0,1.0,"2 WINA, MIÓD NALEWKA DO 18%",DF,0,IP,0.0,sprzedaz,0,wino b ps gatonegro 11 5 0 75l,2 wina miod nalewka do 18,0,false
81297,2025-12-24 00:00:00,-1,0.0,0.0,4.0,0.0,0.0,17.878,0.0,-1.0,brak,21.0,1.0,0.0,0.0,0.0,7.0,"WINO B/PS GATONEGRO 11,5% 0,75L",7804300136901.0,brak,-1.0,1.0,"2 WINA, MIÓD NALEWKA DO 18%",DF,0,IP,0.0,sprzedaz,0,wino b ps gatonegro 11 5 0 75l,2 wina miod nalewka do 18,0,false
81297,2025-12-25 00:00:00,-1,0.0,0.0,4.0,0.0,0.0,17.878,0.0,-1.0,brak,21.0,1.0,0.0,0.0,0.0,7.0,"WINO B/PS GATONEGRO 11,5% 0,75L",7804300136901.0,brak,-1.0,1.0,"2 WINA, MIÓD NALEWKA DO 18%",DF,0,IP,0.0,sprzedaz,0,wino b ps gatonegro 11 5 0 75l,2 wina miod nalewka do 18,0,false
81297,2025-12-26 00:00:00,-1,0.0,0.0,4.0,0.0,0.0,17.878,0.0,-1.0,brak,21.0,1.0,0.0,0.0,0.0,7.0,"WINO B/PS GATONEGRO 11,5% 0,75L",7804300136901.0,brak,-1.0,1.0,"2 WINA, MIÓD NALEWKA DO 18%",DF,0,IP,0.0,sprzedaz,0,wino b ps gatonegro 11 5 0 75l,2 wina miod nalewka do 18,0,false
81297,2025-12-27 00:00:00,-1,0.0,0.0,4.0,0.0,0.0,17.878,0.0,-1.0,brak,21.0,1.0,0.0,0.0,0.0,7.0,"WINO B/PS GATONEGRO 11,5% 0,75L",7804300136901.0,brak,-1.0,1.0,"2 WINA, MIÓD NALEWKA DO 18%",DF,0,IP,0.0,sprzedaz,0,wino b ps gatonegro 11 5 0 75l,2 wina miod nalewka do 18,0,false
81297,2025-12-28 00:00:00,-1,0.0,0.0,4.0,0.0,0.0,17.878,0.0,-1.0,brak,21.0,1.0,0.0,0.0,0.0,7.0,"WINO B/PS GATONEGRO 11,5% 0,75L",7804300136901.0,brak,-1.0,1.0,"2 WINA, MIÓD NALEWKA DO 18%",DF,0,IP,0.0,sprzedaz,0,wino b ps gatonegro 11 5 0 75l,2 wina miod nalewka do 18,0,false
81297,2025-12-29 00:00:00,-1,0.0,0.0,4.0,0.0,0.0,17.878,0.0,-1.0,brak,21.0,1.0,0.0,0.0,0.0,7.0,"WINO B/PS GATONEGRO 11,5% 0,75L",7804300136901.0,brak,-1.0,1.0,"2 WINA, MIÓD NALEWKA DO 18%",DF,0,IP,0.0,sprzedaz,0,wino b ps gatonegro 11 5 0 75l,2 wina miod nalewka do 18,0,false
81297,2025-12-30 00:00:00,-1,0.0,0.0,4.0,0.0,0.0,17.878,0.0,-1.0,brak,21.0,1.0,0.0,0.0,0.0,7.0,"WINO B/PS GATONEGRO 11,5% 0,75L",7804300136901.0,brak,-1.0,1.0,"2 WINA, MIÓD NALEWKA DO 18%",DF,0,IP,0.0,sprzedaz,0,wino b ps gatonegro 11 5 0 75l,2 wina miod nalewka do 18,0,false
81297,2025-12-31 00:00:00,-1,0.0,0.0,4.0,0.0,0.0,17.878,0.0,-1.0,brak,21.0,1.0,0.0,0.0,0.0,7.0,"WINO B/PS GATONEGRO 11,5% 0,75L",7804300136901.0,brak,-1.0,1.0,"2 WINA, MIÓD NALEWKA DO 18%",DF,0,IP,0.0,sprzedaz,0,wino b ps gatonegro 11 5 0 75l,2 wina miod nalewka do 18,0,false
81297,2026-01-01 00:00:00,-1,0.0,0.0,4.0,0.0,0.0,17.878,0.0,-1.0,brak,21.0,1.0,0.0,0.0,0.0,7.0,"WINO B/PS GATONEGRO 11,5% 0,75L",7804300136901.0,brak,-1.0,1.0,"2 WINA, MIÓD NALEWKA DO 18%",DF,0,IP,0.0,sprzedaz,0,wino b ps gatonegro 11 5 0 75l,2 wina miod nalewka do 18,0,false
81297,2026-01-02 00:00:00,-1,0.0,0.0,4.0,0.0,0.0,17.878,0.0,-1.0,brak,21.0,1.0,0.0,0.0,0.0,7.0,"WINO B/PS GATONEGRO 11,5% 0,75L",7804300136901.0,brak,-1.0,1.0,"2 WINA, MIÓD NALEWKA DO 18%",DF,0,IP,0.0,sprzedaz,0,wino b ps gatonegro 11 5 0 75l,2 wina miod nalewka do 18,0,false
81297,2026-01-03 00:00:00,-1,0.0,0.0,4.0,0.0,0.0,17.878,0.0,-1.0,brak,21.0,1.0,0.0,0.0,0.0,7.0,"WINO B/PS GATONEGRO 11,5% 0,75L",7804300136901.0,brak,-1.0,1.0,"2 WINA, MIÓD NALEWKA DO 18%",DF,0,IP,0.0,sprzedaz,0,wino b ps gatonegro 11 5 0 75l,2 wina miod nalewka do 18,0,false
81297,2026-01-04 00:00:00,-1,0.0,0.0,4.0,0.0,0.0,17.878,0.0,-1.0,brak,21.0,1.0,0.0,0.0,0.0,7.0,"WINO B/PS GATONEGRO 11,5% 0,75L",7804300136901.0,brak,-1.0,1.0,"2 WINA, MIÓD NALEWKA DO 18%",DF,0,IP,0.0,sprzedaz,0,wino b ps gatonegro 11 5 0 75l,2 wina miod nalewka do 18,0,false
81297,2026-01-05 00:00:00,-1,0.0,0.0,4.0,0.0,0.0,17.878,0.0,-1.0,brak,21.0,1.0,0.0,0.0,0.0,7.0,"WINO B/PS GATONEGRO 11,5% 0,75L",7804300136901.0,brak,-1.0,1.0,"2 WINA, MIÓD NALEWKA DO 18%",DF,0,IP,0.0,sprzedaz,0,wino b ps gatonegro 11 5 0 75l,2 wina miod nalewka do 18,0,false
81297,2026-01-06 00:00:00,-1,0.0,0.0,4.0,0.0,0.0,17.878,0.0,-1.0,brak,21.0,1.0,0.0,0.0,0.0,7.0,"WINO B/PS GATONEGRO 11,5% 0,75L",7804300136901.0,brak,-1.0,1.0,"2 WINA, MIÓD NALEWKA DO 18%",DF,0,IP,0.0,sprzedaz,0,wino b ps gatonegro 11 5 0 75l,2 wina miod nalewka do 18,0,false
81297,2026-01-07 00:00:00,-1,0.0,0.0,4.0,0.0,0.0,17.878,0.0,-1.0,brak,21.0,1.0,0.0,0.0,0.0,7.0,"WINO B/PS GATONEGRO 11,5% 0,75L",7804300136901.0,brak,-1.0,1.0,"2 WINA, MIÓD NALEWKA DO 18%",DF,0,IP,0.0,sprzedaz,0,wino b ps gatonegro 11 5 0 75l,2 wina miod nalewka do 18,0,false
81297,2026-01-08 00:00:00,-1,0.0,0.0,4.0,0.0,0.0,17.878,0.0,-1.0,brak,21.0,1.0,0.0,0.0,0.0,7.0,"WINO B/PS GATONEGRO 11,5% 0,75L",7804300136901.0,brak,-1.0,1.0,"2 WINA, MIÓD NALEWKA DO 18%",DF,0,IP,0.0,sprzedaz,0,wino b ps gatonegro 11 5 0 75l,2 wina miod nalewka do 18,0,false
81297,2026-01-09 00:00:00,-1,0.0,0.0,4.0,0.0,0.0,17.878,0.0,-1.0,brak,21.0,1.0,0.0,0.0,0.0,7.0,"WINO B/PS GATONEGRO 11,5% 0,75L",7804300136901.0,brak,-1.0,1.0,"2 WINA, MIÓD NALEWKA DO 18%",DF,0,IP,0.0,sprzedaz,0,wino b ps gatonegro 11 5 0 75l,2 wina miod nalewka do 18,0,false
81297,2026-01-10 00:00:00,-1,0.0,0.0,4.0,0.0,0.0,17.878,0.0,-1.0,brak,21.0,1.0,0.0,0.0,0.0,7.0,"WINO B/PS GATONEGRO 11,5% 0,75L",7804300136901.0,brak,-1.0,1.0,"2 WINA, MIÓD NALEWKA DO 18%",DF,0,IP,0.0,sprzedaz,0,wino b ps gatonegro 11 5 0 75l,2 wina miod nalewka do 18,0,false
81297,2026-01-11 00:00:00,-1,0.0,0.0,4.0,0.0,0.0,17.878,0.0,-1.0,brak,21.0,1.0,0.0,0.0,0.0,7.0,"WINO B/PS GATONEGRO 11,5% 0,75L",7804300136901.0,brak,-1.0,1.0,"2 WINA, MIÓD NALEWKA DO 18%",DF,0,IP,0.0,sprzedaz,0,wino b ps gatonegro 11 5 0 75l,2 wina miod nalewka do 18,0,false
81297,2026-01-12 00:00:00,-1,0.0,0.0,4.0,0.0,0.0,17.878,0.0,-1.0,brak,21.0,1.0,0.0,0.0,0.0,7.0,"WINO B/PS GATONEGRO 11,5% 0,75L",7804300136901.0,brak,-1.0,1.0,"2 WINA, MIÓD NALEWKA DO 18%",DF,0,IP,0.0,sprzedaz,0,wino b ps gatonegro 11 5 0 75l,2 wina miod nalewka do 18,0,false
81297,2026-01-13 00:00:00,-1,0.0,0.0,4.0,0.0,0.0,17.878,0.0,-1.0,brak,21.0,1.0,0.0,0.0,0.0,7.0,"WINO B/PS GATONEGRO 11,5% 0,75L",7804300136901.0,brak,-1.0,1.0,"2 WINA, MIÓD NALEWKA DO 18%",DF,0,IP,0.0,sprzedaz,0,wino b ps gatonegro 11 5 0 75l,2 wina miod nalewka do 18,0,false
81297,2026-01-14 00:00:00,-1,0.0,0.0,4.0,0.0,0.0,17.878,0.0,-1.0,brak,21.0,1.0,0.0,0.0,0.0,7.0,"WINO B/PS GATONEGRO 11,5% 0,75L",7804300136901.0,brak,-1.0,1.0,"2 WINA, MIÓD NALEWKA DO 18%",DF,0,IP,0.0,sprzedaz,0,wino b ps gatonegro 11 5 0 75l,2 wina miod nalewka do 18,0,false
81297,2026-01-15 00:00:00,-1,0.0,0.0,4.0,0.0,0.0,17.878,0.0,-1.0,brak,21.0,1.0,0.0,0.0,0.0,7.0,"WINO B/PS GATONEGRO 11,5% 0,75L",7804300136901.0,brak,-1.0,1.0,"2 WINA, MIÓD NALEWKA DO 18%",DF,0,IP,0.0,sprzedaz,0,wino b ps gatonegro 11 5 0 75l,2 wina miod nalewka do 18,0,false
81297,2026-01-16 00:00:00,2224206,5.0,5.0,4.0,1.0,0.0,17.878,17.878,984.0,DF/PAR/260116/3230/1,21.0,1.0,66.51,66.51,66.51,7.0,"WINO B/PS GATONEGRO 11,5% 0,75L",7804300136901.0,nan,-1.0,1.0,"2 WINA, MIÓD NALEWKA DO 18%",DF,1,IP,-1.0,sprzedaz,0,wino b ps gatonegro 11 5 0 75l,2 wina miod nalewka do 18,0,false
81297,2026-01-17 00:00:00,-1,0.0,0.0,4.0,0.0,0.0,17.878,0.0,-1.0,brak,21.0,1.0,0.0,0.0,0.0,7.0,"WINO B/PS GATONEGRO 11,5% 0,75L",7804300136901.0,brak,-1.0,1.0,"2 WINA, MIÓD NALEWKA DO 18%",DF,0,IP,0.0,sprzedaz,0,wino b ps gatonegro 11 5 0 75l,2 wina miod nalewka do 18,0,false
81297,2026-01-18 00:00:00,-1,0.0,0.0,4.0,0.0,0.0,17.878,0.0,-1.0,brak,21.0,1.0,0.0,0.0,0.0,7.0,"WINO B/PS GATONEGRO 11,5% 0,75L",7804300136901.0,brak,-1.0,1.0,"2 WINA, MIÓD NALEWKA DO 18%",DF,0,IP,0.0,sprzedaz,0,wino b ps gatonegro 11 5 0 75l,2 wina miod nalewka do 18,0,false
81297,2026-01-19 00:00:00,-1,0.0,0.0,4.0,0.0,0.0,17.878,0.0,-1.0,brak,21.0,1.0,0.0,0.0,0.0,7.0,"WINO B/PS GATONEGRO 11,5% 0,75L",7804300136901.0,brak,-1.0,1.0,"2 WINA, MIÓD NALEWKA DO 18%",DF,0,IP,0.0,sprzedaz,0,wino b ps gatonegro 11 5 0 75l,2 wina miod nalewka do 18,0,false
81297,2026-01-20 00:00:00,-1,0.0,0.0,4.0,0.0,0.0,17.878,0.0,-1.0,brak,21.0,1.0,0.0,0.0,0.0,7.0,"WINO B/PS GATONEGRO 11,5% 0,75L",7804300136901.0,brak,-1.0,1.0,"2 WINA, MIÓD NALEWKA DO 18%",DF,0,IP,0.0,sprzedaz,0,wino b ps gatonegro 11 5 0 75l,2 wina miod nalewka do 18,0,false
81297,2026-01-21 00:00:00,-1,0.0,0.0,4.0,0.0,0.0,17.878,0.0,-1.0,brak,21.0,1.0,0.0,0.0,0.0,7.0,"WINO B/PS GATONEGRO 11,5% 0,75L",7804300136901.0,brak,-1.0,1.0,"2 WINA, MIÓD NALEWKA DO 18%",DF,0,IP,0.0,sprzedaz,0,wino b ps gatonegro 11 5 0 75l,2 wina miod nalewka do 18,0,false
81297,2026-01-22 00:00:00,-1,0.0,0.0,4.0,0.0,0.0,17.878,0.0,-1.0,brak,21.0,1.0,0.0,0.0,0.0,7.0,"WINO B/PS GATONEGRO 11,5% 0,75L",7804300136901.0,brak,-1.0,1.0,"2 WINA, MIÓD NALEWKA DO 18%",DF,0,IP,0.0,sprzedaz,0,wino b ps gatonegro 11 5 0 75l,2 wina miod nalewka do 18,0,false
81297,2026-01-23 00:00:00,-1,0.0,0.0,4.0,0.0,0.0,17.878,0.0,-1.0,brak,21.0,1.0,0.0,0.0,0.0,7.0,"WINO B/PS GATONEGRO 11,5% 0,75L",7804300136901.0,brak,-1.0,1.0,"2 WINA, MIÓD NALEWKA DO 18%",DF,0,IP,0.0,sprzedaz,0,wino b ps gatonegro 11 5 0 75l,2 wina miod nalewka do 18,0,false
81297,2026-01-24 00:00:00,-1,0.0,0.0,4.0,0.0,0.0,17.878,0.0,-1.0,brak,21.0,1.0,0.0,0.0,0.0,7.0,"WINO B/PS GATONEGRO 11,5% 0,75L",7804300136901.0,brak,-1.0,1.0,"2 WINA, MIÓD NALEWKA DO 18%",DF,0,IP,0.0,sprzedaz,0,wino b ps gatonegro 11 5 0 75l,2 wina miod nalewka do 18,0,false
81297,2026-01-25 00:00:00,-1,0.0,0.0,4.0,0.0,0.0,17.878,0.0,-1.0,brak,21.0,1.0,0.0,0.0,0.0,7.0,"WINO B/PS GATONEGRO 11,5% 0,75L",7804300136901.0,brak,-1.0,1.0,"2 WINA, MIÓD NALEWKA DO 18%",DF,0,IP,0.0,sprzedaz,0,wino b ps gatonegro 11 5 0 75l,2 wina miod nalewka do 18,0,false
81297,2026-01-26 00:00:00,-1,0.0,0.0,4.0,0.0,0.0,17.878,0.0,-1.0,brak,21.0,1.0,0.0,0.0,0.0,7.0,"WINO B/PS GATONEGRO 11,5% 0,75L",7804300136901.0,brak,-1.0,1.0,"2 WINA, MIÓD NALEWKA DO 18%",DF,0,IP,0.0,sprzedaz,0,wino b ps gatonegro 11 5 0 75l,2 wina miod nalewka do 18,0,false
81297,2026-01-27 00:00:00,-1,0.0,0.0,4.0,0.0,0.0,17.878,0.0,-1.0,brak,21.0,1.0,0.0,0.0,0.0,7.0,"WINO B/PS GATONEGRO 11,5% 0,75L",7804300136901.0,brak,-1.0,1.0,"2 WINA, MIÓD NALEWKA DO 18%",DF,0,IP,0.0,sprzedaz,0,wino b ps gatonegro 11 5 0 75l,2 wina miod nalewka do 18,0,false
81297,2026-01-28 00:00:00,-1,0.0,0.0,4.0,0.0,0.0,17.878,0.0,-1.0,brak,21.0,1.0,0.0,0.0,0.0,7.0,"WINO B/PS GATONEGRO 11,5% 0,75L",7804300136901.0,brak,-1.0,1.0,"2 WINA, MIÓD NALEWKA DO 18%",DF,0,IP,0.0,sprzedaz,0,wino b ps gatonegro 11 5 0 75l,2 wina miod nalewka do 18,0,false
81297,2026-01-29 00:00:00,-1,0.0,0.0,4.0,0.0,0.0,17.878,0.0,-1.0,brak,21.0,1.0,0.0,0.0,0.0,7.0,"WINO B/PS GATONEGRO 11,5% 0,75L",7804300136901.0,brak,-1.0,1.0,"2 WINA, MIÓD NALEWKA DO 18%",DF,0,IP,0.0,sprzedaz,0,wino b ps gatonegro 11 5 0 75l,2 wina miod nalewka do 18,0,false
81297,2026-01-30 00:00:00,-1,0.0,0.0,4.0,0.0,0.0,17.878,0.0,-1.0,brak,21.0,1.0,0.0,0.0,0.0,7.0,"WINO B/PS GATONEGRO 11,5% 0,75L",7804300136901.0,brak,-1.0,1.0,"2 WINA, MIÓD NALEWKA DO 18%",DF,0,IP,0.0,sprzedaz,0,wino b ps gatonegro 11 5 0 75l,2 wina miod nalewka do 18,0,false
77912,2025-12-07 00:00:00,2191050,1.0,1.0,4.0,1.0,0.0,4.0569,4.0569,80.0,DF/PAR/251207/4052/2,21.0,1.0,45.06,45.06,45.06,326.0,SERWETKI KWIATY 33x33cm SPAR,5906360141269.0,nan,-1.0,1.0,MARKA WŁASNA SPAR,DF,1,IP,-1.0,sprzedaz,0,serwetki kwiaty 33x33cm spar,marka wlasna spar,0,false
77912,2025-12-08 00:00:00,-1,0.0,0.0,4.0,0.0,0.0,4.0569,0.0,-1.0,brak,21.0,1.0,0.0,0.0,0.0,326.0,SERWETKI KWIATY 33x33cm SPAR,5906360141269.0,brak,-1.0,1.0,MARKA WŁASNA SPAR,DF,0,IP,0.0,sprzedaz,0,serwetki kwiaty 33x33cm spar,marka wlasna spar,0,false
77912,2025-12-09 00:00:00,-1,0.0,0.0,4.0,0.0,0.0,4.0569,0.0,-1.0,brak,21.0,1.0,0.0,0.0,0.0,326.0,SERWETKI KWIATY 33x33cm SPAR,5906360141269.0,brak,-1.0,1.0,MARKA WŁASNA SPAR,DF,0,IP,0.0,sprzedaz,0,serwetki kwiaty 33x33cm spar,marka wlasna spar,0,false
77912,2025-12-10 00:00:00,-1,0.0,0.0,4.0,0.0,0.0,4.0569,0.0,-1.0,brak,21.0,1.0,0.0,0.0,0.0,326.0,SERWETKI KWIATY 33x33cm SPAR,5906360141269.0,brak,-1.0,1.0,MARKA WŁASNA SPAR,DF,0,IP,0.0,sprzedaz,0,serwetki kwiaty 33x33cm spar,marka wlasna spar,0,false
77912,2025-12-11 00:00:00,-1,0.0,0.0,4.0,0.0,0.0,4.0569,0.0,-1.0,brak,21.0,1.0,0.0,0.0,0.0,326.0,SERWETKI KWIATY 33x33cm SPAR,5906360141269.0,brak,-1.0,1.0,MARKA WŁASNA SPAR,DF,0,IP,0.0,sprzedaz,0,serwetki kwiaty 33x33cm spar,marka wlasna spar,0,false
77912,2025-12-12 00:00:00,-1,0.0,0.0,4.0,0.0,0.0,4.0569,0.0,-1.0,brak,21.0,1.0,0.0,0.0,0.0,326.0,SERWETKI KWIATY 33x33cm SPAR,5906360141269.0,brak,-1.0,1.0,MARKA WŁASNA SPAR,DF,0,IP,0.0,sprzedaz,0,serwetki kwiaty 33x33cm spar,marka wlasna spar,0,false
77912,2025-12-13 00:00:00,-1,0.0,0.0,4.0,0.0,0.0,4.0569,0.0,-1.0,brak,21.0,1.0,0.0,0.0,0.0,326.0,SERWETKI KWIATY 33x33cm SPAR,5906360141269.0,brak,-1.0,1.0,MARKA WŁASNA SPAR,DF,0,IP,0.0,sprzedaz,0,serwetki kwiaty 33x33cm spar,marka wlasna spar,0,false
77912,2025-12-14 00:00:00,-1,0.0,0.0,4.0,0.0,0.0,4.0569,0.0,-1.0,brak,21.0,1.0,0.0,0.0,0.0,326.0,SERWETKI KWIATY 33x33cm SPAR,5906360141269.0,brak,-1.0,1.0,MARKA WŁASNA SPAR,DF,0,IP,0.0,sprzedaz,0,serwetki kwiaty 33x33cm spar,marka wlasna spar,0,false
77912,2025-12-15 00:00:00,-1,0.0,0.0,4.0,0.0,0.0,4.0569,0.0,-1.0,brak,21.0,1.0,0.0,0.0,0.0,326.0,SERWETKI KWIATY 33x33cm SPAR,5906360141269.0,brak,-1.0,1.0,MARKA WŁASNA SPAR,DF,0,IP,0.0,sprzedaz,0,serwetki kwiaty 33x33cm spar,marka wlasna spar,0,false
77912,2025-12-16 00:00:00,-1,0.0,0.0,4.0,0.0,0.0,4.0569,0.0,-1.0,brak,21.0,1.0,0.0,0.0,0.0,326.0,SERWETKI KWIATY 33x33cm SPAR,5906360141269.0,brak,-1.0,1.0,MARKA WŁASNA SPAR,DF,0,IP,0.0,sprzedaz,0,serwetki kwiaty 33x33cm spar,marka wlasna spar,0,false
77912,2025-12-17 00:00:00,-1,0.0,0.0,4.0,0.0,0.0,4.0569,0.0,-1.0,brak,21.0,1.0,0.0,0.0,0.0,326.0,SERWETKI KWIATY 33x33cm SPAR,5906360141269.0,brak,-1.0,1.0,MARKA WŁASNA SPAR,DF,0,IP,0.0,sprzedaz,0,serwetki kwiaty 33x33cm spar,marka wlasna spar,0,false
77912,2025-12-18 00:00:00,-1,0.0,0.0,4.0,0.0,0.0,4.0569,0.0,-1.0,brak,21.0,1.0,0.0,0.0,0.0,326.0,SERWETKI KWIATY 33x33cm SPAR,5906360141269.0,brak,-1.0,1.0,MARKA WŁASNA SPAR,DF,0,IP,0.0,sprzedaz,0,serwetki kwiaty 33x33cm spar,marka wlasna spar,0,false
77912,2025-12-19 00:00:00,-1,0.0,0.0,4.0,0.0,0.0,4.0569,0.0,-1.0,brak,21.0,1.0,0.0,0.0,0.0,326.0,SERWETKI KWIATY 33x33cm SPAR,5906360141269.0,brak,-1.0,1.0,MARKA WŁASNA SPAR,DF,0,IP,0.0,sprzedaz,0,serwetki kwiaty 33x33cm spar,marka wlasna spar,0,false
77912,2025-12-20 00:00:00,-1,0.0,0.0,4.0,0.0,0.0,4.0569,0.0,-1.0,brak,21.0,1.0,0.0,0.0,0.0,326.0,SERWETKI KWIATY 33x33cm SPAR,5906360141269.0,brak,-1.0,1.0,MARKA WŁASNA SPAR,DF,0,IP,0.0,sprzedaz,0,serwetki kwiaty 33x33cm spar,marka wlasna spar,0,false
77912,2025-12-21 00:00:00,-1,0.0,0.0,4.0,0.0,0.0,4.0569,0.0,-1.0,brak,21.0,1.0,0.0,0.0,0.0,326.0,SERWETKI KWIATY 33x33cm SPAR,5906360141269.0,brak,-1.0,1.0,MARKA WŁASNA SPAR,DF,0,IP,0.0,sprzedaz,0,serwetki kwiaty 33x33cm spar,marka wlasna spar,0,false
77912,2025-12-22 00:00:00,-1,0.0,0.0,4.0,0.0,0.0,4.0569,0.0,-1.0,brak,21.0,1.0,0.0,0.0,0.0,326.0,SERWETKI KWIATY 33x33cm SPAR,5906360141269.0,brak,-1.0,1.0,MARKA WŁASNA SPAR,DF,0,IP,0.0,sprzedaz,0,serwetki kwiaty 33x33cm spar,marka wlasna spar,0,false
77912,2025-12-23 00:00:00,-1,0.0,0.0,4.0,0.0,0.0,4.0569,0.0,-1.0,brak,21.0,1.0,0.0,0.0,0.0,326.0,SERWETKI KWIATY 33x33cm SPAR,5906360141269.0,brak,-1.0,1.0,MARKA WŁASNA SPAR,DF,0,IP,0.0,sprzedaz,0,serwetki kwiaty 33x33cm spar,marka wlasna spar,0,false
77912,2025-12-24 00:00:00,-1,0.0,0.0,4.0,0.0,0.0,4.0569,0.0,-1.0,brak,21.0,1.0,0.0,0.0,0.0,326.0,SERWETKI KWIATY 33x33cm SPAR,5906360141269.0,brak,-1.0,1.0,MARKA WŁASNA SPAR,DF,0,IP,0.0,sprzedaz,0,serwetki kwiaty 33x33cm spar,marka wlasna spar,0,false
77912,2025-12-25 00:00:00,-1,0.0,0.0,4.0,0.0,0.0,4.0569,0.0,-1.0,brak,21.0,1.0,0.0,0.0,0.0,326.0,SERWETKI KWIATY 33x33cm SPAR,5906360141269.0,brak,-1.0,1.0,MARKA WŁASNA SPAR,DF,0,IP,0.0,sprzedaz,0,serwetki kwiaty 33x33cm spar,marka wlasna spar,0,false
77912,2025-12-26 00:00:00,-1,0.0,0.0,4.0,0.0,0.0,4.0569,0.0,-1.0,brak,21.0,1.0,0.0,0.0,0.0,326.0,SERWETKI KWIATY 33x33cm SPAR,5906360141269.0,brak,-1.0,1.0,MARKA WŁASNA SPAR,DF,0,IP,0.0,sprzedaz,0,serwetki kwiaty 33x33cm spar,marka wlasna spar,0,false
77912,2025-12-27 00:00:00,-1,0.0,0.0,4.0,0.0,0.0,4.0569,0.0,-1.0,brak,21.0,1.0,0.0,0.0,0.0,326.0,SERWETKI KWIATY 33x33cm SPAR,5906360141269.0,brak,-1.0,1.0,MARKA WŁASNA SPAR,DF,0,IP,0.0,sprzedaz,0,serwetki kwiaty 33x33cm spar,marka wlasna spar,0,false
77912,2025-12-28 00:00:00,-1,0.0,0.0,4.0,0.0,0.0,4.0569,0.0,-1.0,brak,21.0,1.0,0.0,0.0,0.0,326.0,SERWETKI KWIATY 33x33cm SPAR,5906360141269.0,brak,-1.0,1.0,MARKA WŁASNA SPAR,DF,0,IP,0.0,sprzedaz,0,serwetki kwiaty 33x33cm spar,marka wlasna spar,0,false
77912,2025-12-29 00:00:00,2208944,1.0,1.0,4.0,1.0,0.0,4.0569,4.0569,397.0,DF/PAR/251229/5477/1,21.0,1.0,126.67,126.67,126.67,326.0,SERWETKI KWIATY 33x33cm SPAR,5906360141269.0,nan,-1.0,1.0,MARKA WŁASNA SPAR,DF,1,IP,-1.0,sprzedaz,0,serwetki kwiaty 33x33cm spar,marka wlasna spar,0,false
77912,2025-12-30 00:00:00,-1,0.0,0.0,4.0,0.0,0.0,4.0569,0.0,-1.0,brak,21.0,1.0,0.0,0.0,0.0,326.0,SERWETKI KWIATY 33x33cm SPAR,5906360141269.0,brak,-1.0,1.0,MARKA WŁASNA SPAR,DF,0,IP,0.0,sprzedaz,0,serwetki kwiaty 33x33cm spar,marka wlasna spar,0,false
77912,2025-12-31 00:00:00,2211184,8.0,8.0,4.0,1.0,0.0,4.0569,4.0569,385.0,DF/PAR/251231/6180/1,21.0,1.0,61.51,61.51,61.51,326.0,SERWETKI KWIATY 33x33cm SPAR,5906360141269.0,nan,-1.0,1.0,MARKA WŁASNA SPAR,DF,1,IP,-1.0,sprzedaz,0,serwetki kwiaty 33x33cm spar,marka wlasna spar,0,false
77912,2026-01-01 00:00:00,-1,0.0,0.0,4.0,0.0,0.0,4.0569,0.0,-1.0,brak,21.0,1.0,0.0,0.0,0.0,326.0,SERWETKI KWIATY 33x33cm SPAR,5906360141269.0,brak,-1.0,1.0,MARKA WŁASNA SPAR,DF,0,IP,0.0,sprzedaz,0,serwetki kwiaty 33x33cm spar,marka wlasna spar,0,false
77912,2026-01-02 00:00:00,-1,0.0,0.0,4.0,0.0,0.0,4.0569,0.0,-1.0,brak,21.0,1.0,0.0,0.0,0.0,326.0,SERWETKI KWIATY 33x33cm SPAR,5906360141269.0,brak,-1.0,1.0,MARKA WŁASNA SPAR,DF,0,IP,0.0,sprzedaz,0,serwetki kwiaty 33x33cm spar,marka wlasna spar,0,false
77912,2026-01-03 00:00:00,-1,0.0,0.0,4.0,0.0,0.0,4.0569,0.0,-1.0,brak,21.0,1.0,0.0,0.0,0.0,326.0,SERWETKI KWIATY 33x33cm SPAR,5906360141269.0,brak,-1.0,1.0,MARKA WŁASNA SPAR,DF,0,IP,0.0,sprzedaz,0,serwetki kwiaty 33x33cm spar,marka wlasna spar,0,false
77912,2026-01-04 00:00:00,-1,0.0,0.0,4.0,0.0,0.0,4.0569,0.0,-1.0,brak,21.0,1.0,0.0,0.0,0.0,326.0,SERWETKI KWIATY 33x33cm SPAR,5906360141269.0,brak,-1.0,1.0,MARKA WŁASNA SPAR,DF,0,IP,0.0,sprzedaz,0,serwetki kwiaty 33x33cm spar,marka wlasna spar,0,false
77912,2026-01-05 00:00:00,-1,0.0,0.0,4.0,0.0,0.0,4.0569,0.0,-1.0,brak,21.0,1.0,0.0,0.0,0.0,326.0,SERWETKI KWIATY 33x33cm SPAR,5906360141269.0,brak,-1.0,1.0,MARKA WŁASNA SPAR,DF,0,IP,0.0,sprzedaz,0,serwetki kwiaty 33x33cm spar,marka wlasna spar,0,false
77912,2026-01-06 00:00:00,-1,0.0,0.0,4.0,0.0,0.0,4.0569,0.0,-1.0,brak,21.0,1.0,0.0,0.0,0.0,326.0,SERWETKI KWIATY 33x33cm SPAR,5906360141269.0,brak,-1.0,1.0,MARKA WŁASNA SPAR,DF,0,IP,0.0,sprzedaz,0,serwetki kwiaty 33x33cm spar,marka wlasna spar,0,false
77912,2026-01-07 00:00:00,-1,0.0,0.0,4.0,0.0,0.0,4.0569,0.0,-1.0,brak,21.0,1.0,0.0,0.0,0.0,326.0,SERWETKI KWIATY 33x33cm SPAR,5906360141269.0,brak,-1.0,1.0,MARKA WŁASNA SPAR,DF,0,IP,0.0,sprzedaz,0,serwetki kwiaty 33x33cm spar,marka wlasna spar,0,false
77912,2026-01-08 00:00:00,-1,0.0,0.0,4.0,0.0,0.0,4.0569,0.0,-1.0,brak,21.0,1.0,0.0,0.0,0.0,326.0,SERWETKI KWIATY 33x33cm SPAR,5906360141269.0,brak,-1.0,1.0,MARKA WŁASNA SPAR,DF,0,IP,0.0,sprzedaz,0,serwetki kwiaty 33x33cm spar,marka wlasna spar,0,false
77912,2026-01-09 00:00:00,-1,0.0,0.0,4.0,0.0,0.0,4.0569,0.0,-1.0,brak,21.0,1.0,0.0,0.0,0.0,326.0,SERWETKI KWIATY 33x33cm SPAR,5906360141269.0,brak,-1.0,1.0,MARKA WŁASNA SPAR,DF,0,IP,0.0,sprzedaz,0,serwetki kwiaty 33x33cm spar,marka wlasna spar,0,false
77912,2026-01-10 00:00:00,-1,0.0,0.0,4.0,0.0,0.0,4.0569,0.0,-1.0,brak,21.0,1.0,0.0,0.0,0.0,326.0,SERWETKI KWIATY 33x33cm SPAR,5906360141269.0,brak,-1.0,1.0,MARKA WŁASNA SPAR,DF,0,IP,0.0,sprzedaz,0,serwetki kwiaty 33x33cm spar,marka wlasna spar,0,false
77912,2026-01-11 00:00:00,-1,0.0,0.0,4.0,0.0,0.0,4.0569,0.0,-1.0,brak,21.0,1.0,0.0,0.0,0.0,326.0,SERWETKI KWIATY 33x33cm SPAR,5906360141269.0,brak,-1.0,1.0,MARKA WŁASNA SPAR,DF,0,IP,0.0,sprzedaz,0,serwetki kwiaty 33x33cm spar,marka wlasna spar,0,false
77912,2026-01-12 00:00:00,-1,0.0,0.0,4.0,0.0,0.0,4.0569,0.0,-1.0,brak,21.0,1.0,0.0,0.0,0.0,326.0,SERWETKI KWIATY 33x33cm SPAR,5906360141269.0,brak,-1.0,1.0,MARKA WŁASNA SPAR,DF,0,IP,0.0,sprzedaz,0,serwetki kwiaty 33x33cm spar,marka wlasna spar,0,false
77912,2026-01-13 00:00:00,-1,0.0,0.0,4.0,0.0,0.0,4.0569,0.0,-1.0,brak,21.0,1.0,0.0,0.0,0.0,326.0,SERWETKI KWIATY 33x33cm SPAR,5906360141269.0,brak,-1.0,1.0,MARKA WŁASNA SPAR,DF,0,IP,0.0,sprzedaz,0,serwetki kwiaty 33x33cm spar,marka wlasna spar,0,false
77912,2026-01-14 00:00:00,-1,0.0,0.0,4.0,0.0,0.0,4.0569,0.0,-1.0,brak,21.0,1.0,0.0,0.0,0.0,326.0,SERWETKI KWIATY 33x33cm SPAR,5906360141269.0,brak,-1.0,1.0,MARKA WŁASNA SPAR,DF,0,IP,0.0,sprzedaz,0,serwetki kwiaty 33x33cm spar,marka wlasna spar,0,false
77912,2026-01-15 00:00:00,-1,0.0,0.0,4.0,0.0,0.0,4.0569,0.0,-1.0,brak,21.0,1.0,0.0,0.0,0.0,326.0,SERWETKI KWIATY 33x33cm SPAR,5906360141269.0,brak,-1.0,1.0,MARKA WŁASNA SPAR,DF,0,IP,0.0,sprzedaz,0,serwetki kwiaty 33x33cm spar,marka wlasna spar,0,false
77912,2026-01-16 00:00:00,-1,0.0,0.0,4.0,0.0,0.0,4.0569,0.0,-1.0,brak,21.0,1.0,0.0,0.0,0.0,326.0,SERWETKI KWIATY 33x33cm SPAR,5906360141269.0,brak,-1.0,1.0,MARKA WŁASNA SPAR,DF,0,IP,0.0,sprzedaz,0,serwetki kwiaty 33x33cm spar,marka wlasna spar,0,false
77912,2026-01-17 00:00:00,-1,0.0,0.0,4.0,0.0,0.0,4.0569,0.0,-1.0,brak,21.0,1.0,0.0,0.0,0.0,326.0,SERWETKI KWIATY 33x33cm SPAR,5906360141269.0,brak,-1.0,1.0,MARKA WŁASNA SPAR,DF,0,IP,0.0,sprzedaz,0,serwetki kwiaty 33x33cm spar,marka wlasna spar,0,false
77912,2026-01-18 00:00:00,-1,0.0,0.0,4.0,0.0,0.0,4.0569,0.0,-1.0,brak,21.0,1.0,0.0,0.0,0.0,326.0,SERWETKI KWIATY 33x33cm SPAR,5906360141269.0,brak,-1.0,1.0,MARKA WŁASNA SPAR,DF,0,IP,0.0,sprzedaz,0,serwetki kwiaty 33x33cm spar,marka wlasna spar,0,false
77912,2026-01-19 00:00:00,-1,0.0,0.0,4.0,0.0,0.0,4.0569,0.0,-1.0,brak,21.0,1.0,0.0,0.0,0.0,326.0,SERWETKI KWIATY 33x33cm SPAR,5906360141269.0,brak,-1.0,1.0,MARKA WŁASNA SPAR,DF,0,IP,0.0,sprzedaz,0,serwetki kwiaty 33x33cm spar,marka wlasna spar,0,false
77912,2026-01-20 00:00:00,2227257,27.0,27.0,4.0,1.0,0.0,4.0569,4.0569,891.0,DF/PAR/260120/8098/2,21.0,1.0,273.26,273.26,273.26,326.0,SERWETKI KWIATY 33x33cm SPAR,5906360141269.0,nan,-1.0,1.0,MARKA WŁASNA SPAR,DF,1,IP,-1.0,sprzedaz,0,serwetki kwiaty 33x33cm spar,marka wlasna spar,0,false
77912,2026-01-21 00:00:00,-1,0.0,0.0,4.0,0.0,0.0,4.0569,0.0,-1.0,brak,21.0,1.0,0.0,0.0,0.0,326.0,SERWETKI KWIATY 33x33cm SPAR,5906360141269.0,brak,-1.0,1.0,MARKA WŁASNA SPAR,DF,0,IP,0.0,sprzedaz,0,serwetki kwiaty 33x33cm spar,marka wlasna spar,0,false
77912,2026-01-22 00:00:00,-1,0.0,0.0,4.0,0.0,0.0,4.0569,0.0,-1.0,brak,21.0,1.0,0.0,0.0,0.0,326.0,SERWETKI KWIATY 33x33cm SPAR,5906360141269.0,brak,-1.0,1.0,MARKA WŁASNA SPAR,DF,0,IP,0.0,sprzedaz,0,serwetki kwiaty 33x33cm spar,marka wlasna spar,0,false
77912,2026-01-23 00:00:00,-1,0.0,0.0,4.0,0.0,0.0,4.0569,0.0,-1.0,brak,21.0,1.0,0.0,0.0,0.0,326.0,SERWETKI KWIATY 33x33cm SPAR,5906360141269.0,brak,-1.0,1.0,MARKA WŁASNA SPAR,DF,0,IP,0.0,sprzedaz,0,serwetki kwiaty 33x33cm spar,marka wlasna spar,0,false
77912,2026-01-24 00:00:00,-1,0.0,0.0,4.0,0.0,0.0,4.0569,0.0,-1.0,brak,21.0,1.0,0.0,0.0,0.0,326.0,SERWETKI KWIATY 33x33cm SPAR,5906360141269.0,brak,-1.0,1.0,MARKA WŁASNA SPAR,DF,0,IP,0.0,sprzedaz,0,serwetki kwiaty 33x33cm spar,marka wlasna spar,0,false
77912,2026-01-25 00:00:00,-1,0.0,0.0,4.0,0.0,0.0,4.0569,0.0,-1.0,brak,21.0,1.0,0.0,0.0,0.0,326.0,SERWETKI KWIATY 33x33cm SPAR,5906360141269.0,brak,-1.0,1.0,MARKA WŁASNA SPAR,DF,0,IP,0.0,sprzedaz,0,serwetki kwiaty 33x33cm spar,marka wlasna spar,0,false
77912,2026-01-26 00:00:00,-1,0.0,0.0,4.0,0.0,0.0,4.0569,0.0,-1.0,brak,21.0,1.0,0.0,0.0,0.0,326.0,SERWETKI KWIATY 33x33cm SPAR,5906360141269.0,brak,-1.0,1.0,MARKA WŁASNA SPAR,DF,0,IP,0.0,sprzedaz,0,serwetki kwiaty 33x33cm spar,marka wlasna spar,0,false
77912,2026-01-27 00:00:00,-1,0.0,0.0,4.0,0.0,0.0,4.0569,0.0,-1.0,brak,21.0,1.0,0.0,0.0,0.0,326.0,SERWETKI KWIATY 33x33cm SPAR,5906360141269.0,brak,-1.0,1.0,MARKA WŁASNA SPAR,DF,0,IP,0.0,sprzedaz,0,serwetki kwiaty 33x33cm spar,marka wlasna spar,0,false
77912,2026-01-28 00:00:00,-1,0.0,0.0,4.0,0.0,0.0,4.0569,0.0,-1.0,brak,21.0,1.0,0.0,0.0,0.0,326.0,SERWETKI KWIATY 33x33cm SPAR,5906360141269.0,brak,-1.0,1.0,MARKA WŁASNA SPAR,DF,0,IP,0.0,sprzedaz,0,serwetki kwiaty 33x33cm spar,marka wlasna spar,0,false
77912,2026-01-29 00:00:00,-1,0.0,0.0,4.0,0.0,0.0,4.0569,0.0,-1.0,brak,21.0,1.0,0.0,0.0,0.0,326.0,SERWETKI KWIATY 33x33cm SPAR,5906360141269.0,brak,-1.0,1.0,MARKA WŁASNA SPAR,DF,0,IP,0.0,sprzedaz,0,serwetki kwiaty 33x33cm spar,marka wlasna spar,0,false
77912,2026-01-30 00:00:00,-1,0.0,0.0,4.0,0.0,0.0,4.0569,0.0,-1.0,brak,21.0,1.0,0.0,0.0,0.0,326.0,SERWETKI KWIATY 33x33cm SPAR,5906360141269.0,brak,-1.0,1.0,MARKA WŁASNA SPAR,DF,0,IP,0.0,sprzedaz,0,serwetki kwiaty 33x33cm spar,marka wlasna spar,0,false
77912,2026-01-31 00:00:00,-1,0.0,0.0,4.0,0.0,0.0,4.0569,0.0,-1.0,brak,21.0,1.0,0.0,0.0,0.0,326.0,SERWETKI KWIATY 33x33cm SPAR,5906360141269.0,brak,-1.0,1.0,MARKA WŁASNA SPAR,DF,0,IP,0.0,sprzedaz,0,serwetki kwiaty 33x33cm spar,marka wlasna spar,0,false
80979,2025-12-07 00:00:00,2191060,10.0,10.0,4.0,1.0,0.0,2.8571,2.8571,90.0,DF/PAR/251207/4062/2,21.0,1.0,96.87,96.87,96.87,202.0,MUS JABŁKO-ARBUZ 200G TYMBARK,5900334023841.0,nan,-1.0,1.0,OWOCOWE /przetwory owocowe,DF,1,IP,-1.0,sprzedaz,0,mus jablko arbuz 200g tymbark,owocowe przetwory owocowe,0,false
80979,2025-12-08 00:00:00,2191544,4.0,4.0,4.0,1.0,0.0,2.8476,2.8476,339.0,DF/PAR/251208/4434/2,21.0,1.0,15.46,15.46,15.46,202.0,MUS JABŁKO-ARBUZ 200G TYMBARK,5900334023841.0,nan,-1.0,1.0,OWOCOWE /przetwory owocowe,DF,1,IP,-1.0,sprzedaz,0,mus jablko arbuz 200g tymbark,owocowe przetwory owocowe,0,false
80979,2025-12-09 00:00:00,-1,0.0,0.0,4.0,0.0,0.0,2.8476,0.0,-1.0,brak,21.0,1.0,0.0,0.0,0.0,202.0,MUS JABŁKO-ARBUZ 200G TYMBARK,5900334023841.0,brak,-1.0,1.0,OWOCOWE /przetwory owocowe,DF,0,IP,0.0,sprzedaz,0,mus jablko arbuz 200g tymbark,owocowe przetwory owocowe,0,false
80979,2025-12-10 00:00:00,-1,0.0,0.0,4.0,0.0,0.0,2.8476,0.0,-1.0,brak,21.0,1.0,0.0,0.0,0.0,202.0,MUS JABŁKO-ARBUZ 200G TYMBARK,5900334023841.0,brak,-1.0,1.0,OWOCOWE /przetwory owocowe,DF,0,IP,0.0,sprzedaz,0,mus jablko arbuz 200g tymbark,owocowe przetwory owocowe,0,false
80979,2025-12-11 00:00:00,-1,0.0,0.0,4.0,0.0,0.0,2.8476,0.0,-1.0,brak,21.0,1.0,0.0,0.0,0.0,202.0,MUS JABŁKO-ARBUZ 200G TYMBARK,5900334023841.0,brak,-1.0,1.0,OWOCOWE /przetwory owocowe,DF,0,IP,0.0,sprzedaz,0,mus jablko arbuz 200g tymbark,owocowe przetwory owocowe,0,false
80979,2025-12-12 00:00:00,2195582,2.0,2.0,4.0,1.0,0.0,2.8476,2.8476,235.0,DF/PAR/251212/7099/2,21.0,1.0,41.92,41.92,41.92,202.0,MUS JABŁKO-ARBUZ 200G TYMBARK,5900334023841.0,nan,-1.0,1.0,OWOCOWE /przetwory owocowe,DF,1,IP,-1.0,sprzedaz,0,mus jablko arbuz 200g tymbark,owocowe przetwory owocowe,0,false
80979,2025-12-12 00:00:00,2195582,3.0,3.0,4.0,1.0,0.0,2.8476,2.8476,235.0,DF/PAR/251212/7099/2,21.0,1.0,41.92,41.92,41.92,202.0,MUS JABŁKO-ARBUZ 200G TYMBARK,5900334023841.0,nan,-1.0,1.0,OWOCOWE /przetwory owocowe,DF,1,IP,-1.0,sprzedaz,0,mus jablko arbuz 200g tymbark,owocowe przetwory owocowe,0,false
80979,2025-12-13 00:00:00,-1,0.0,0.0,4.0,0.0,0.0,2.8476,0.0,-1.0,brak,21.0,1.0,0.0,0.0,0.0,202.0,MUS JABŁKO-ARBUZ 200G TYMBARK,5900334023841.0,brak,-1.0,1.0,OWOCOWE /przetwory owocowe,DF,0,IP,0.0,sprzedaz,0,mus jablko arbuz 200g tymbark,owocowe przetwory owocowe,0,false
80979,2025-12-14 00:00:00,-1,0.0,0.0,4.0,0.0,0.0,2.8476,0.0,-1.0,brak,21.0,1.0,0.0,0.0,0.0,202.0,MUS JABŁKO-ARBUZ 200G TYMBARK,5900334023841.0,brak,-1.0,1.0,OWOCOWE /przetwory owocowe,DF,0,IP,0.0,sprzedaz,0,mus jablko arbuz 200g tymbark,owocowe przetwory owocowe,0,false
80979,2025-12-15 00:00:00,-1,0.0,0.0,4.0,0.0,0.0,2.8476,0.0,-1.0,brak,21.0,1.0,0.0,0.0,0.0,202.0,MUS JABŁKO-ARBUZ 200G TYMBARK,5900334023841.0,brak,-1.0,1.0,OWOCOWE /przetwory owocowe,DF,0,IP,0.0,sprzedaz,0,mus jablko arbuz 200g tymbark,owocowe przetwory owocowe,0,false
80979,2025-12-16 00:00:00,-1,0.0,0.0,4.0,0.0,0.0,2.8476,0.0,-1.0,brak,21.0,1.0,0.0,0.0,0.0,202.0,MUS JABŁKO-ARBUZ 200G TYMBARK,5900334023841.0,brak,-1.0,1.0,OWOCOWE /przetwory owocowe,DF,0,IP,0.0,sprzedaz,0,mus jablko arbuz 200g tymbark,owocowe przetwory owocowe,0,false
80979,2025-12-17 00:00:00,-1,0.0,0.0,4.0,0.0,0.0,2.8476,0.0,-1.0,brak,21.0,1.0,0.0,0.0,0.0,202.0,MUS JABŁKO-ARBUZ 200G TYMBARK,5900334023841.0,brak,-1.0,1.0,OWOCOWE /przetwory owocowe,DF,0,IP,0.0,sprzedaz,0,mus jablko arbuz 200g tymbark,owocowe przetwory owocowe,0,false
80979,2025-12-18 00:00:00,-1,0.0,0.0,4.0,0.0,0.0,2.8476,0.0,-1.0,brak,21.0,1.0,0.0,0.0,0.0,202.0,MUS JABŁKO-ARBUZ 200G TYMBARK,5900334023841.0,brak,-1.0,1.0,OWOCOWE /przetwory owocowe,DF,0,IP,0.0,sprzedaz,0,mus jablko arbuz 200g tymbark,owocowe przetwory owocowe,0,false
80979,2025-12-19 00:00:00,-1,0.0,0.0,4.0,0.0,0.0,2.8476,0.0,-1.0,brak,21.0,1.0,0.0,0.0,0.0,202.0,MUS JABŁKO-ARBUZ 200G TYMBARK,5900334023841.0,brak,-1.0,1.0,OWOCOWE /przetwory owocowe,DF,0,IP,0.0,sprzedaz,0,mus jablko arbuz 200g tymbark,owocowe przetwory owocowe,0,false
80979,2025-12-20 00:00:00,-1,0.0,0.0,4.0,0.0,0.0,2.8476,0.0,-1.0,brak,21.0,1.0,0.0,0.0,0.0,202.0,MUS JABŁKO-ARBUZ 200G TYMBARK,5900334023841.0,brak,-1.0,1.0,OWOCOWE /przetwory owocowe,DF,0,IP,0.0,sprzedaz,0,mus jablko arbuz 200g tymbark,owocowe przetwory owocowe,0,false
80979,2025-12-21 00:00:00,-1,0.0,0.0,4.0,0.0,0.0,2.8476,0.0,-1.0,brak,21.0,1.0,0.0,0.0,0.0,202.0,MUS JABŁKO-ARBUZ 200G TYMBARK,5900334023841.0,brak,-1.0,1.0,OWOCOWE /przetwory owocowe,DF,0,IP,0.0,sprzedaz,0,mus jablko arbuz 200g tymbark,owocowe przetwory owocowe,0,false
80979,2025-12-22 00:00:00,-1,0.0,0.0,4.0,0.0,0.0,2.8476,0.0,-1.0,brak,21.0,1.0,0.0,0.0,0.0,202.0,MUS JABŁKO-ARBUZ 200G TYMBARK,5900334023841.0,brak,-1.0,1.0,OWOCOWE /przetwory owocowe,DF,0,IP,0.0,sprzedaz,0,mus jablko arbuz 200g tymbark,owocowe przetwory owocowe,0,false
80979,2025-12-23 00:00:00,-1,0.0,0.0,4.0,0.0,0.0,2.8476,0.0,-1.0,brak,21.0,1.0,0.0,0.0,0.0,202.0,MUS JABŁKO-ARBUZ 200G TYMBARK,5900334023841.0,brak,-1.0,1.0,OWOCOWE /przetwory owocowe,DF,0,IP,0.0,sprzedaz,0,mus jablko arbuz 200g tymbark,owocowe przetwory owocowe,0,false
80979,2025-12-24 00:00:00,-1,0.0,0.0,4.0,0.0,0.0,2.8476,0.0,-1.0,brak,21.0,1.0,0.0,0.0,0.0,202.0,MUS JABŁKO-ARBUZ 200G TYMBARK,5900334023841.0,brak,-1.0,1.0,OWOCOWE /przetwory owocowe,DF,0,IP,0.0,sprzedaz,0,mus jablko arbuz 200g tymbark,owocowe przetwory owocowe,0,false
80979,2025-12-25 00:00:00,-1,0.0,0.0,4.0,0.0,0.0,2.8476,0.0,-1.0,brak,21.0,1.0,0.0,0.0,0.0,202.0,MUS JABŁKO-ARBUZ 200G TYMBARK,5900334023841.0,brak,-1.0,1.0,OWOCOWE /przetwory owocowe,DF,0,IP,0.0,sprzedaz,0,mus jablko arbuz 200g tymbark,owocowe przetwory owocowe,0,false
80979,2025-12-26 00:00:00,-1,0.0,0.0,4.0,0.0,0.0,2.8476,0.0,-1.0,brak,21.0,1.0,0.0,0.0,0.0,202.0,MUS JABŁKO-ARBUZ 200G TYMBARK,5900334023841.0,brak,-1.0,1.0,OWOCOWE /przetwory owocowe,DF,0,IP,0.0,sprzedaz,0,mus jablko arbuz 200g tymbark,owocowe przetwory owocowe,0,false
5149,2025-12-08 00:00:00,2191299,2.0,2.0,4.0,1.0,0.0,10.561,10.561,93.0,DF/PAR/251208/4258/2,21.0,1.0,23.52,23.52,23.52,221.0,CUKIERKI MICHASZKI 220G MIESZKO,5900353640777.0,SLODYCZE,623.0,0.0,CUKIERKI,DF,1,IP,-1.0,sprzedaz,0,cukierki michaszki 220g mieszko,cukierki,0,false
5149,2025-12-09 00:00:00,-1,0.0,0.0,4.0,0.0,0.0,10.561,0.0,-1.0,brak,21.0,1.0,0.0,0.0,0.0,221.0,CUKIERKI MICHASZKI 220G MIESZKO,5900353640777.0,brak,623.0,1.0,CUKIERKI,DF,0,IP,0.0,sprzedaz,0,cukierki michaszki 220g mieszko,cukierki,0,false
5149,2025-12-10 00:00:00,-1,0.0,0.0,4.0,0.0,0.0,10.561,0.0,-1.0,brak,21.0,1.0,0.0,0.0,0.0,221.0,CUKIERKI MICHASZKI 220G MIESZKO,5900353640777.0,brak,623.0,1.0,CUKIERKI,DF,0,IP,0.0,sprzedaz,0,cukierki michaszki 220g mieszko,cukierki,0,false
5149,2025-12-11 00:00:00,-1,0.0,0.0,4.0,0.0,0.0,10.561,0.0,-1.0,brak,21.0,1.0,0.0,0.0,0.0,221.0,CUKIERKI MICHASZKI 220G MIESZKO,5900353640777.0,brak,623.0,1.0,CUKIERKI,DF,0,IP,0.0,sprzedaz,0,cukierki michaszki 220g mieszko,cukierki,0,false
5149,2025-12-12 00:00:00,-1,0.0,0.0,4.0,0.0,0.0,10.561,0.0,-1.0,brak,21.0,1.0,0.0,0.0,0.0,221.0,CUKIERKI MICHASZKI 220G MIESZKO,5900353640777.0,brak,623.0,1.0,CUKIERKI,DF,0,IP,0.0,sprzedaz,0,cukierki michaszki 220g mieszko,cukierki,0,false
5149,2025-12-13 00:00:00,-1,0.0,0.0,4.0,0.0,0.0,10.561,0.0,-1.0,brak,21.0,1.0,0.0,0.0,0.0,221.0,CUKIERKI MICHASZKI 220G MIESZKO,5900353640777.0,brak,623.0,1.0,CUKIERKI,DF,0,IP,0.0,sprzedaz,0,cukierki michaszki 220g mieszko,cukierki,0,false
5149,2025-12-14 00:00:00,-1,0.0,0.0,4.0,0.0,0.0,10.561,0.0,-1.0,brak,21.0,1.0,0.0,0.0,0.0,221.0,CUKIERKI MICHASZKI 220G MIESZKO,5900353640777.0,brak,623.0,1.0,CUKIERKI,DF,0,IP,0.0,sprzedaz,0,cukierki michaszki 220g mieszko,cukierki,0,false
5149,2025-12-15 00:00:00,-1,0.0,0.0,4.0,0.0,0.0,10.561,0.0,-1.0,brak,21.0,1.0,0.0,0.0,0.0,221.0,CUKIERKI MICHASZKI 220G MIESZKO,5900353640777.0,brak,623.0,1.0,CUKIERKI,DF,0,IP,0.0,sprzedaz,0,cukierki michaszki 220g mieszko,cukierki,0,false
5149,2025-12-16 00:00:00,-1,0.0,0.0,4.0,0.0,0.0,10.561,0.0,-1.0,brak,21.0,1.0,0.0,0.0,0.0,221.0,CUKIERKI MICHASZKI 220G MIESZKO,5900353640777.0,brak,623.0,1.0,CUKIERKI,DF,0,IP,0.0,sprzedaz,0,cukierki michaszki 220g mieszko,cukierki,0,false
5149,2025-12-17 00:00:00,-1,0.0,0.0,4.0,0.0,0.0,10.561,0.0,-1.0,brak,21.0,1.0,0.0,0.0,0.0,221.0,CUKIERKI MICHASZKI 220G MIESZKO,5900353640777.0,brak,623.0,1.0,CUKIERKI,DF,0,IP,0.0,sprzedaz,0,cukierki michaszki 220g mieszko,cukierki,0,false
5149,2025-12-18 00:00:00,-1,0.0,0.0,4.0,0.0,0.0,10.561,0.0,-1.0,brak,21.0,1.0,0.0,0.0,0.0,221.0,CUKIERKI MICHASZKI 220G MIESZKO,5900353640777.0,brak,623.0,1.0,CUKIERKI,DF,0,IP,0.0,sprzedaz,0,cukierki michaszki 220g mieszko,cukierki,0,false
5149,2025-12-19 00:00:00,-1,0.0,0.0,4.0,0.0,0.0,10.561,0.0,-1.0,brak,21.0,1.0,0.0,0.0,0.0,221.0,CUKIERKI MICHASZKI 220G MIESZKO,5900353640777.0,brak,623.0,1.0,CUKIERKI,DF,0,IP,0.0,sprzedaz,0,cukierki michaszki 220g mieszko,cukierki,0,false
5149,2025-12-20 00:00:00,2203735,4.0,4.0,4.0,1.0,0.0,10.561,10.561,352.0,DF/PAR/251220/12210/2,21.0,1.0,41.1,41.1,41.1,221.0,CUKIERKI MICHASZKI 220G MIESZKO,5900353640777.0,SLODYCZE,623.0,0.0,CUKIERKI,DF,1,IP,-1.0,sprzedaz,0,cukierki michaszki 220g mieszko,cukierki,0,false
5149,2025-12-20 00:00:00,2203735,5.0,5.0,4.0,1.0,0.0,10.561,10.561,352.0,DF/PAR/251220/12210/2,21.0,1.0,41.1,41.1,41.1,221.0,CUKIERKI MICHASZKI 220G MIESZKO,5900353640777.0,SLODYCZE,623.0,0.0,CUKIERKI,DF,1,IP,-1.0,sprzedaz,0,cukierki michaszki 220g mieszko,cukierki,0,false
5149,2025-12-21 00:00:00,-1,0.0,0.0,4.0,0.0,0.0,10.561,0.0,-1.0,brak,21.0,1.0,0.0,0.0,0.0,221.0,CUKIERKI MICHASZKI 220G MIESZKO,5900353640777.0,brak,623.0,1.0,CUKIERKI,DF,0,IP,0.0,sprzedaz,0,cukierki michaszki 220g mieszko,cukierki,0,false
5149,2025-12-22 00:00:00,-1,0.0,0.0,4.0,0.0,0.0,10.561,0.0,-1.0,brak,21.0,1.0,0.0,0.0,0.0,221.0,CUKIERKI MICHASZKI 220G MIESZKO,5900353640777.0,brak,623.0,1.0,CUKIERKI,DF,0,IP,0.0,sprzedaz,0,cukierki michaszki 220g mieszko,cukierki,0,false
5149,2025-12-23 00:00:00,-1,0.0,0.0,4.0,0.0,0.0,10.561,0.0,-1.0,brak,21.0,1.0,0.0,0.0,0.0,221.0,CUKIERKI MICHASZKI 220G MIESZKO,5900353640777.0,brak,623.0,1.0,CUKIERKI,DF,0,IP,0.0,sprzedaz,0,cukierki michaszki 220g mieszko,cukierki,0,false
5149,2025-12-24 00:00:00,-1,0.0,0.0,4.0,0.0,0.0,10.561,0.0,-1.0,brak,21.0,1.0,0.0,0.0,0.0,221.0,CUKIERKI MICHASZKI 220G MIESZKO,5900353640777.0,brak,623.0,1.0,CUKIERKI,DF,0,IP,0.0,sprzedaz,0,cukierki michaszki 220g mieszko,cukierki,0,false
5149,2025-12-25 00:00:00,-1,0.0,0.0,4.0,0.0,0.0,10.561,0.0,-1.0,brak,21.0,1.0,0.0,0.0,0.0,221.0,CUKIERKI MICHASZKI 220G MIESZKO,5900353640777.0,brak,623.0,1.0,CUKIERKI,DF,0,IP,0.0,sprzedaz,0,cukierki michaszki 220g mieszko,cukierki,0,false
5149,2025-12-26 00:00:00,-1,0.0,0.0,4.0,0.0,0.0,10.561,0.0,-1.0,brak,21.0,1.0,0.0,0.0,0.0,221.0,CUKIERKI MICHASZKI 220G MIESZKO,5900353640777.0,brak,623.0,1.0,CUKIERKI,DF,0,IP,0.0,sprzedaz,0,cukierki michaszki 220g mieszko,cukierki,0,false
5149,2025-12-27 00:00:00,-1,0.0,0.0,4.0,0.0,0.0,10.561,0.0,-1.0,brak,21.0,1.0,0.0,0.0,0.0,221.0,CUKIERKI MICHASZKI 220G MIESZKO,5900353640777.0,brak,623.0,1.0,CUKIERKI,DF,0,IP,0.0,sprzedaz,0,cukierki michaszki 220g mieszko,cukierki,0,false
5149,2025-12-28 00:00:00,-1,0.0,0.0,4.0,0.0,0.0,10.561,0.0,-1.0,brak,21.0,1.0,0.0,0.0,0.0,221.0,CUKIERKI MICHASZKI 220G MIESZKO,5900353640777.0,brak,623.0,1.0,CUKIERKI,DF,0,IP,0.0,sprzedaz,0,cukierki michaszki 220g mieszko,cukierki,0,false
5149,2025-12-29 00:00:00,-1,0.0,0.0,4.0,0.0,0.0,10.561,0.0,-1.0,brak,21.0,1.0,0.0,0.0,0.0,221.0,CUKIERKI MICHASZKI 220G MIESZKO,5900353640777.0,brak,623.0,1.0,CUKIERKI,DF,0,IP,0.0,sprzedaz,0,cukierki michaszki 220g mieszko,cukierki,0,false
5149,2025-12-30 00:00:00,-1,0.0,0.0,4.0,0.0,0.0,10.561,0.0,-1.0,brak,21.0,1.0,0.0,0.0,0.0,221.0,CUKIERKI MICHASZKI 220G MIESZKO,5900353640777.0,brak,623.0,1.0,CUKIERKI,DF,0,IP,0.0,sprzedaz,0,cukierki michaszki 220g mieszko,cukierki,0,false
5149,2025-12-31 00:00:00,-1,0.0,0.0,4.0,0.0,0.0,10.561,0.0,-1.0,brak,21.0,1.0,0.0,0.0,0.0,221.0,CUKIERKI MICHASZKI 220G MIESZKO,5900353640777.0,brak,623.0,1.0,CUKIERKI,DF,0,IP,0.0,sprzedaz,0,cukierki michaszki 220g mieszko,cukierki,0,false
5149,2026-01-01 00:00:00,-1,0.0,0.0,4.0,0.0,0.0,10.561,0.0,-1.0,brak,21.0,1.0,0.0,0.0,0.0,221.0,CUKIERKI MICHASZKI 220G MIESZKO,5900353640777.0,brak,623.0,1.0,CUKIERKI,DF,0,IP,0.0,sprzedaz,0,cukierki michaszki 220g mieszko,cukierki,0,false
5149,2026-01-02 00:00:00,-1,0.0,0.0,4.0,0.0,0.0,10.561,0.0,-1.0,brak,21.0,1.0,0.0,0.0,0.0,221.0,CUKIERKI MICHASZKI 220G MIESZKO,5900353640777.0,brak,623.0,1.0,CUKIERKI,DF,0,IP,0.0,sprzedaz,0,cukierki michaszki 220g mieszko,cukierki,0,false
5149,2026-01-03 00:00:00,-1,0.0,0.0,4.0,0.0,0.0,10.561,0.0,-1.0,brak,21.0,1.0,0.0,0.0,0.0,221.0,CUKIERKI MICHASZKI 220G MIESZKO,5900353640777.0,brak,623.0,1.0,CUKIERKI,DF,0,IP,0.0,sprzedaz,0,cukierki michaszki 220g mieszko,cukierki,0,false
5149,2026-01-04 00:00:00,-1,0.0,0.0,4.0,0.0,0.0,10.561,0.0,-1.0,brak,21.0,1.0,0.0,0.0,0.0,221.0,CUKIERKI MICHASZKI 220G MIESZKO,5900353640777.0,brak,623.0,1.0,CUKIERKI,DF,0,IP,0.0,sprzedaz,0,cukierki michaszki 220g mieszko,cukierki,0,false
5149,2026-01-05 00:00:00,-1,0.0,0.0,4.0,0.0,0.0,10.561,0.0,-1.0,brak,21.0,1.0,0.0,0.0,0.0,221.0,CUKIERKI MICHASZKI 220G MIESZKO,5900353640777.0,brak,623.0,1.0,CUKIERKI,DF,0,IP,0.0,sprzedaz,0,cukierki michaszki 220g mieszko,cukierki,0,false
5149,2026-01-06 00:00:00,-1,0.0,0.0,4.0,0.0,0.0,10.561,0.0,-1.0,brak,21.0,1.0,0.0,0.0,0.0,221.0,CUKIERKI MICHASZKI 220G MIESZKO,5900353640777.0,brak,623.0,1.0,CUKIERKI,DF,0,IP,0.0,sprzedaz,0,cukierki michaszki 220g mieszko,cukierki,0,false
5149,2026-01-07 00:00:00,2215193,4.0,4.0,4.0,1.0,0.0,10.561,10.561,129.0,DF/PAR/260107/1992/2,21.0,1.0,58.57,58.57,58.57,221.0,CUKIERKI MICHASZKI 220G MIESZKO,5900353640777.0,SLODYCZE,623.0,0.0,CUKIERKI,DF,1,IP,-1.0,sprzedaz,0,cukierki michaszki 220g mieszko,cukierki,0,false
5149,2026-01-08 00:00:00,-1,0.0,0.0,4.0,0.0,0.0,10.561,0.0,-1.0,brak,21.0,1.0,0.0,0.0,0.0,221.0,CUKIERKI MICHASZKI 220G MIESZKO,5900353640777.0,brak,623.0,1.0,CUKIERKI,DF,0,IP,0.0,sprzedaz,0,cukierki michaszki 220g mieszko,cukierki,0,false
5149,2026-01-09 00:00:00,-1,0.0,0.0,4.0,0.0,0.0,10.561,0.0,-1.0,brak,21.0,1.0,0.0,0.0,0.0,221.0,CUKIERKI MICHASZKI 220G MIESZKO,5900353640777.0,brak,623.0,1.0,CUKIERKI,DF,0,IP,0.0,sprzedaz,0,cukierki michaszki 220g mieszko,cukierki,0,false
5149,2026-01-10 00:00:00,-1,0.0,0.0,4.0,0.0,0.0,10.561,0.0,-1.0,brak,21.0,1.0,0.0,0.0,0.0,221.0,CUKIERKI MICHASZKI 220G MIESZKO,5900353640777.0,brak,623.0,1.0,CUKIERKI,DF,0,IP,0.0,sprzedaz,0,cukierki michaszki 220g mieszko,cukierki,0,false
5149,2026-01-11 00:00:00,-1,0.0,0.0,4.0,0.0,0.0,10.561,0.0,-1.0,brak,21.0,1.0,0.0,0.0,0.0,221.0,CUKIERKI MICHASZKI 220G MIESZKO,5900353640777.0,brak,623.0,1.0,CUKIERKI,DF,0,IP,0.0,sprzedaz,0,cukierki michaszki 220g mieszko,cukierki,0,false
5149,2026-01-12 00:00:00,-1,0.0,0.0,4.0,0.0,0.0,10.561,0.0,-1.0,brak,21.0,1.0,0.0,0.0,0.0,221.0,CUKIERKI MICHASZKI 220G MIESZKO,5900353640777.0,brak,623.0,1.0,CUKIERKI,DF,0,IP,0.0,sprzedaz,0,cukierki michaszki 220g mieszko,cukierki,0,false
5149,2026-01-13 00:00:00,-1,0.0,0.0,4.0,0.0,0.0,10.561,0.0,-1.0,brak,21.0,1.0,0.0,0.0,0.0,221.0,CUKIERKI MICHASZKI 220G MIESZKO,5900353640777.0,brak,623.0,1.0,CUKIERKI,DF,0,IP,0.0,sprzedaz,0,cukierki michaszki 220g mieszko,cukierki,0,false
5149,2026-01-14 00:00:00,-1,0.0,0.0,4.0,0.0,0.0,10.561,0.0,-1.0,brak,21.0,1.0,0.0,0.0,0.0,221.0,CUKIERKI MICHASZKI 220G MIESZKO,5900353640777.0,brak,623.0,1.0,CUKIERKI,DF,0,IP,0.0,sprzedaz,0,cukierki michaszki 220g mieszko,cukierki,0,false
5149,2026-01-15 00:00:00,-1,0.0,0.0,4.0,0.0,0.0,10.561,0.0,-1.0,brak,21.0,1.0,0.0,0.0,0.0,221.0,CUKIERKI MICHASZKI 220G MIESZKO,5900353640777.0,brak,623.0,1.0,CUKIERKI,DF,0,IP,0.0,sprzedaz,0,cukierki michaszki 220g mieszko,cukierki,0,false
5149,2026-01-16 00:00:00,-1,0.0,0.0,4.0,0.0,0.0,10.561,0.0,-1.0,brak,21.0,1.0,0.0,0.0,0.0,221.0,CUKIERKI MICHASZKI 220G MIESZKO,5900353640777.0,brak,623.0,1.0,CUKIERKI,DF,0,IP,0.0,sprzedaz,0,cukierki michaszki 220g mieszko,cukierki,0,false
5149,2026-01-17 00:00:00,-1,0.0,0.0,4.0,0.0,0.0,10.561,0.0,-1.0,brak,21.0,1.0,0.0,0.0,0.0,221.0,CUKIERKI MICHASZKI 220G MIESZKO,5900353640777.0,brak,623.0,1.0,CUKIERKI,DF,0,IP,0.0,sprzedaz,0,cukierki michaszki 220g mieszko,cukierki,0,false
5149,2026-01-18 00:00:00,-1,0.0,0.0,4.0,0.0,0.0,10.561,0.0,-1.0,brak,21.0,1.0,0.0,0.0,0.0,221.0,CUKIERKI MICHASZKI 220G MIESZKO,5900353640777.0,brak,623.0,1.0,CUKIERKI,DF,0,IP,0.0,sprzedaz,0,cukierki michaszki 220g mieszko,cukierki,0,false
5149,2026-01-19 00:00:00,-1,0.0,0.0,4.0,0.0,0.0,10.561,0.0,-1.0,brak,21.0,1.0,0.0,0.0,0.0,221.0,CUKIERKI MICHASZKI 220G MIESZKO,5900353640777.0,brak,623.0,1.0,CUKIERKI,DF,0,IP,0.0,sprzedaz,0,cukierki michaszki 220g mieszko,cukierki,0,false
5149,2026-01-20 00:00:00,-1,0.0,0.0,4.0,0.0,0.0,10.561,0.0,-1.0,brak,21.0,1.0,0.0,0.0,0.0,221.0,CUKIERKI MICHASZKI 220G MIESZKO,5900353640777.0,brak,623.0,1.0,CUKIERKI,DF,0,IP,0.0,sprzedaz,0,cukierki michaszki 220g mieszko,cukierki,0,false
5149,2026-01-21 00:00:00,-1,0.0,0.0,4.0,0.0,0.0,10.561,0.0,-1.0,brak,21.0,1.0,0.0,0.0,0.0,221.0,CUKIERKI MICHASZKI 220G MIESZKO,5900353640777.0,brak,623.0,1.0,CUKIERKI,DF,0,IP,0.0,sprzedaz,0,cukierki michaszki 220g mieszko,cukierki,0,false
39129,2025-12-08 00:00:00,2191945,7.0,7.0,4.0,1.0,0.0,8.5619,8.5619,739.0,DF/PAR/251208/4686/2,21.0,1.0,52.38,52.38,52.38,257.0,PIEROGI Z SEREM 400G KUCHNIA POLKI,5901289461115.0,nan,-1.0,1.0,PIEROGI KOPYTKA KROKIETY INNE,DF,1,IP,-1.0,sprzedaz,0,pierogi z serem 400g kuchnia polki,pierogi kopytka krokiety inne,0,false
39129,2025-12-09 00:00:00,2192726,4.0,4.0,4.0,1.0,0.0,8.5619,8.5619,515.0,DF/PAR/251209/5194/2,21.0,1.0,19.96,19.96,19.96,257.0,PIEROGI Z SEREM 400G KUCHNIA POLKI,5901289461115.0,nan,-1.0,1.0,PIEROGI KOPYTKA KROKIETY INNE,DF,1,IP,-1.0,sprzedaz,0,pierogi z serem 400g kuchnia polki,pierogi kopytka krokiety inne,0,false
39129,2025-12-09 00:00:00,2192843,7.0,7.0,4.0,1.0,0.0,8.5619,8.5619,632.0,DF/PAR/251209/5224/2,21.0,1.0,44.54,44.54,44.54,257.0,PIEROGI Z SEREM 400G KUCHNIA POLKI,5901289461115.0,nan,-1.0,1.0,PIEROGI KOPYTKA KROKIETY INNE,DF,1,IP,-1.0,sprzedaz,0,pierogi z serem 400g kuchnia polki,pierogi kopytka krokiety inne,0,false
39129,2025-12-09 00:00:00,2192992,3.0,3.0,4.0,1.0,0.0,8.5619,8.5619,781.0,DF/PAR/251209/5349/2,21.0,1.0,22.47,22.47,22.47,257.0,PIEROGI Z SEREM 400G KUCHNIA POLKI,5901289461115.0,nan,-1.0,1.0,PIEROGI KOPYTKA KROKIETY INNE,DF,1,IP,-1.0,sprzedaz,0,pierogi z serem 400g kuchnia polki,pierogi kopytka krokiety inne,0,false
39129,2025-12-09 00:00:00,2193152,2.0,2.0,4.0,1.0,0.0,8.5619,8.5619,941.0,DF/PAR/251209/5484/2,21.0,1.0,23.25,23.25,23.25,257.0,PIEROGI Z SEREM 400G KUCHNIA POLKI,5901289461115.0,nan,-1.0,1.0,PIEROGI KOPYTKA KROKIETY INNE,DF,1,IP,-1.0,sprzedaz,0,pierogi z serem 400g kuchnia polki,pierogi kopytka krokiety inne,0,false
39129,2025-12-10 00:00:00,-1,0.0,0.0,4.0,0.0,0.0,8.5619,0.0,-1.0,brak,21.0,1.0,0.0,0.0,0.0,257.0,PIEROGI Z SEREM 400G KUCHNIA POLKI,5901289461115.0,brak,-1.0,1.0,PIEROGI KOPYTKA KROKIETY INNE,DF,0,IP,0.0,sprzedaz,0,pierogi z serem 400g kuchnia polki,pierogi kopytka krokiety inne,0,false
39129,2025-12-11 00:00:00,2195173,4.0,4.0,4.0,1.0,0.0,8.5619,8.5619,820.0,DF/PAR/251211/1812/1,21.0,1.0,28.95,28.95,28.95,257.0,PIEROGI Z SEREM 400G KUCHNIA POLKI,5901289461115.0,nan,-1.0,1.0,PIEROGI KOPYTKA KROKIETY INNE,DF,1,IP,-1.0,sprzedaz,0,pierogi z serem 400g kuchnia polki,pierogi kopytka krokiety inne,0,false
39129,2025-12-12 00:00:00,2195777,1.0,1.0,4.0,1.0,0.0,8.5619,8.5619,430.0,DF/PAR/251212/1925/1,21.0,1.0,10.13,10.13,10.13,257.0,PIEROGI Z SEREM 400G KUCHNIA POLKI,5901289461115.0,nan,-1.0,1.0,PIEROGI KOPYTKA KROKIETY INNE,DF,1,IP,-1.0,sprzedaz,0,pierogi z serem 400g kuchnia polki,pierogi kopytka krokiety inne,0,false
39129,2025-12-12 00:00:00,2195786,2.0,2.0,4.0,1.0,0.0,8.5619,8.5619,439.0,DF/PAR/251212/1928/1,21.0,1.0,23.28,23.28,23.28,257.0,PIEROGI Z SEREM 400G KUCHNIA POLKI,5901289461115.0,nan,-1.0,1.0,PIEROGI KOPYTKA KROKIETY INNE,DF,1,IP,-1.0,sprzedaz,0,pierogi z serem 400g kuchnia polki,pierogi kopytka krokiety inne,0,false
39129,2025-12-12 00:00:00,2196300,2.0,2.0,4.0,1.0,0.0,8.5619,8.5619,953.0,DF/PAR/251212/7556/2,21.0,1.0,42.43,42.43,42.43,257.0,PIEROGI Z SEREM 400G KUCHNIA POLKI,5901289461115.0,nan,-1.0,1.0,PIEROGI KOPYTKA KROKIETY INNE,DF,1,IP,-1.0,sprzedaz,0,pierogi z serem 400g kuchnia polki,pierogi kopytka krokiety inne,0,false
39129,2025-12-12 00:00:00,2196300,3.0,3.0,4.0,1.0,0.0,8.5619,8.5619,953.0,DF/PAR/251212/7556/2,21.0,1.0,42.43,42.43,42.43,257.0,PIEROGI Z SEREM 400G KUCHNIA POLKI,5901289461115.0,nan,-1.0,1.0,PIEROGI KOPYTKA KROKIETY INNE,DF,1,IP,-1.0,sprzedaz,0,pierogi z serem 400g kuchnia polki,pierogi kopytka krokiety inne,0,false
39129,2025-12-13 00:00:00,2197216,3.0,3.0,4.0,1.0,0.0,8.5619,8.5619,766.0,DF/PAR/251213/8026/2,21.0,1.0,22.95,22.95,22.95,257.0,PIEROGI Z SEREM 400G KUCHNIA POLKI,5901289461115.0,nan,-1.0,1.0,PIEROGI KOPYTKA KROKIETY INNE,DF,1,IP,-1.0,sprzedaz,0,pierogi z serem 400g kuchnia polki,pierogi kopytka krokiety inne,0,false
39129,2025-12-14 00:00:00,-1,0.0,0.0,4.0,0.0,0.0,8.5619,0.0,-1.0,brak,21.0,1.0,0.0,0.0,0.0,257.0,PIEROGI Z SEREM 400G KUCHNIA POLKI,5901289461115.0,brak,-1.0,1.0,PIEROGI KOPYTKA KROKIETY INNE,DF,0,IP,0.0,sprzedaz,0,pierogi z serem 400g kuchnia polki,pierogi kopytka krokiety inne,0,false
39129,2025-12-15 00:00:00,2198313,3.0,3.0,4.0,1.0,0.0,8.5619,8.5619,464.0,DF/PAR/251215/8770/2,21.0,1.0,55.26,55.26,55.26,257.0,PIEROGI Z SEREM 400G KUCHNIA POLKI,5901289461115.0,nan,-1.0,1.0,PIEROGI KOPYTKA KROKIETY INNE,DF,1,IP,-1.0,sprzedaz,0,pierogi z serem 400g kuchnia polki,pierogi kopytka krokiety inne,0,false
39129,2025-12-16 00:00:00,-1,0.0,0.0,4.0,0.0,0.0,8.5619,0.0,-1.0,brak,21.0,1.0,0.0,0.0,0.0,257.0,PIEROGI Z SEREM 400G KUCHNIA POLKI,5901289461115.0,brak,-1.0,1.0,PIEROGI KOPYTKA KROKIETY INNE,DF,0,IP,0.0,sprzedaz,0,pierogi z serem 400g kuchnia polki,pierogi kopytka krokiety inne,0,false
39129,2025-12-17 00:00:00,-1,0.0,0.0,4.0,0.0,0.0,8.5619,0.0,-1.0,brak,21.0,1.0,0.0,0.0,0.0,257.0,PIEROGI Z SEREM 400G KUCHNIA POLKI,5901289461115.0,brak,-1.0,1.0,PIEROGI KOPYTKA KROKIETY INNE,DF,0,IP,0.0,sprzedaz,0,pierogi z serem 400g kuchnia polki,pierogi kopytka krokiety inne,0,false
39129,2025-12-18 00:00:00,-1,0.0,0.0,4.0,0.0,0.0,8.5619,0.0,-1.0,brak,21.0,1.0,0.0,0.0,0.0,257.0,PIEROGI Z SEREM 400G KUCHNIA POLKI,5901289461115.0,brak,-1.0,1.0,PIEROGI KOPYTKA KROKIETY INNE,DF,0,IP,0.0,sprzedaz,0,pierogi z serem 400g kuchnia polki,pierogi kopytka krokiety inne,0,false
39129,2025-12-19 00:00:00,-1,0.0,0.0,4.0,0.0,0.0,8.5619,0.0,-1.0,brak,21.0,1.0,0.0,0.0,0.0,257.0,PIEROGI Z SEREM 400G KUCHNIA POLKI,5901289461115.0,brak,-1.0,1.0,PIEROGI KOPYTKA KROKIETY INNE,DF,0,IP,0.0,sprzedaz,0,pierogi z serem 400g kuchnia polki,pierogi kopytka krokiety inne,0,false
39129,2025-12-20 00:00:00,2204153,4.0,4.0,4.0,1.0,0.0,8.5619,8.5619,769.0,DF/PAR/251220/12412/2,21.0,1.0,27.42,27.42,27.42,257.0,PIEROGI Z SEREM 400G KUCHNIA POLKI,5901289461115.0,nan,-1.0,1.0,PIEROGI KOPYTKA KROKIETY INNE,DF,1,IP,-1.0,sprzedaz,0,pierogi z serem 400g kuchnia polki,pierogi kopytka krokiety inne,0,false
39129,2025-12-20 00:00:00,2204190,4.0,4.0,4.0,1.0,0.0,8.5619,8.5619,806.0,DF/PAR/251220/12440/2,21.0,1.0,71.19,71.19,71.19,257.0,PIEROGI Z SEREM 400G KUCHNIA POLKI,5901289461115.0,nan,-1.0,1.0,PIEROGI KOPYTKA KROKIETY INNE,DF,1,IP,-1.0,sprzedaz,0,pierogi z serem 400g kuchnia polki,pierogi kopytka krokiety inne,0,false
39129,2025-12-20 00:00:00,2204251,10.0,10.0,4.0,1.0,0.0,8.5619,8.5619,867.0,DF/PAR/251220/3684/1,21.0,1.0,69.9,69.9,69.9,257.0,PIEROGI Z SEREM 400G KUCHNIA POLKI,5901289461115.0,nan,-1.0,1.0,PIEROGI KOPYTKA KROKIETY INNE,DF,1,IP,-1.0,sprzedaz,0,pierogi z serem 400g kuchnia polki,pierogi kopytka krokiety inne,0,false
39129,2025-12-21 00:00:00,-1,0.0,0.0,4.0,0.0,0.0,8.5619,0.0,-1.0,brak,21.0,1.0,0.0,0.0,0.0,257.0,PIEROGI Z SEREM 400G KUCHNIA POLKI,5901289461115.0,brak,-1.0,1.0,PIEROGI KOPYTKA KROKIETY INNE,DF,0,IP,0.0,sprzedaz,0,pierogi z serem 400g kuchnia polki,pierogi kopytka krokiety inne,0,false
39129,2025-12-22 00:00:00,2206184,3.0,3.0,4.0,1.0,0.0,8.5619,8.5619,1256.0,DF/PAR/251222/13529/2,21.0,1.0,45.71,45.71,45.71,257.0,PIEROGI Z SEREM 400G KUCHNIA POLKI,5901289461115.0,nan,-1.0,1.0,PIEROGI KOPYTKA KROKIETY INNE,DF,1,IP,-1.0,sprzedaz,0,pierogi z serem 400g kuchnia polki,pierogi kopytka krokiety inne,0,false
39129,2025-12-23 00:00:00,2207205,1.0,1.0,4.0,1.0,0.0,8.5619,8.5619,867.0,DF/PAR/251223/4739/1,21.0,1.0,27.01,27.01,27.01,257.0,PIEROGI Z SEREM 400G KUCHNIA POLKI,5901289461115.0,nan,-1.0,1.0,PIEROGI KOPYTKA KROKIETY INNE,DF,1,IP,-1.0,sprzedaz,0,pierogi z serem 400g kuchnia polki,pierogi kopytka krokiety inne,0,false
39129,2025-12-23 00:00:00,2207537,5.0,5.0,4.0,1.0,0.0,8.5619,8.5619,1195.0,DF/PAR/251223/4900/1,21.0,1.0,60.44,60.44,60.44,257.0,PIEROGI Z SEREM 400G KUCHNIA POLKI,5901289461115.0,nan,-1.0,1.0,PIEROGI KOPYTKA KROKIETY INNE,DF,1,IP,-1.0,sprzedaz,0,pierogi z serem 400g kuchnia polki,pierogi kopytka krokiety inne,0,false
39129,2025-12-24 00:00:00,-1,0.0,0.0,4.0,0.0,0.0,8.5619,0.0,-1.0,brak,21.0,1.0,0.0,0.0,0.0,257.0,PIEROGI Z SEREM 400G KUCHNIA POLKI,5901289461115.0,brak,-1.0,1.0,PIEROGI KOPYTKA KROKIETY INNE,DF,0,IP,0.0,sprzedaz,0,pierogi z serem 400g kuchnia polki,pierogi kopytka krokiety inne,0,false
39129,2025-12-25 00:00:00,-1,0.0,0.0,4.0,0.0,0.0,8.5619,0.0,-1.0,brak,21.0,1.0,0.0,0.0,0.0,257.0,PIEROGI Z SEREM 400G KUCHNIA POLKI,5901289461115.0,brak,-1.0,1.0,PIEROGI KOPYTKA KROKIETY INNE,DF,0,IP,0.0,sprzedaz,0,pierogi z serem 400g kuchnia polki,pierogi kopytka krokiety inne,0,false
39129,2025-12-26 00:00:00,-1,0.0,0.0,4.0,0.0,0.0,8.5619,0.0,-1.0,brak,21.0,1.0,0.0,0.0,0.0,257.0,PIEROGI Z SEREM 400G KUCHNIA POLKI,5901289461115.0,brak,-1.0,1.0,PIEROGI KOPYTKA KROKIETY INNE,DF,0,IP,0.0,sprzedaz,0,pierogi z serem 400g kuchnia polki,pierogi kopytka krokiety inne,0,false
39129,2025-12-27 00:00:00,-1,0.0,0.0,4.0,0.0,0.0,8.5619,0.0,-1.0,brak,21.0,1.0,0.0,0.0,0.0,257.0,PIEROGI Z SEREM 400G KUCHNIA POLKI,5901289461115.0,brak,-1.0,1.0,PIEROGI KOPYTKA KROKIETY INNE,DF,0,IP,0.0,sprzedaz,0,pierogi z serem 400g kuchnia polki,pierogi kopytka krokiety inne,0,false
39129,2025-12-28 00:00:00,-1,0.0,0.0,4.0,0.0,0.0,8.5619,0.0,-1.0,brak,21.0,1.0,0.0,0.0,0.0,257.0,PIEROGI Z SEREM 400G KUCHNIA POLKI,5901289461115.0,brak,-1.0,1.0,PIEROGI KOPYTKA KROKIETY INNE,DF,0,IP,0.0,sprzedaz,0,pierogi z serem 400g kuchnia polki,pierogi kopytka krokiety inne,0,false
39129,2025-12-29 00:00:00,-1,0.0,0.0,4.0,0.0,0.0,8.5619,0.0,-1.0,brak,21.0,1.0,0.0,0.0,0.0,257.0,PIEROGI Z SEREM 400G KUCHNIA POLKI,5901289461115.0,brak,-1.0,1.0,PIEROGI KOPYTKA KROKIETY INNE,DF,0,IP,0.0,sprzedaz,0,pierogi z serem 400g kuchnia polki,pierogi kopytka krokiety inne,0,false
39129,2025-12-30 00:00:00,-1,0.0,0.0,4.0,0.0,0.0,8.5619,0.0,-1.0,brak,21.0,1.0,0.0,0.0,0.0,257.0,PIEROGI Z SEREM 400G KUCHNIA POLKI,5901289461115.0,brak,-1.0,1.0,PIEROGI KOPYTKA KROKIETY INNE,DF,0,IP,0.0,sprzedaz,0,pierogi z serem 400g kuchnia polki,pierogi kopytka krokiety inne,0,false
39129,2025-12-31 00:00:00,-1,0.0,0.0,4.0,0.0,0.0,8.5619,0.0,-1.0,brak,21.0,1.0,0.0,0.0,0.0,257.0,PIEROGI Z SEREM 400G KUCHNIA POLKI,5901289461115.0,brak,-1.0,1.0,PIEROGI KOPYTKA KROKIETY INNE,DF,0,IP,0.0,sprzedaz,0,pierogi z serem 400g kuchnia polki,pierogi kopytka krokiety inne,0,false
39129,2026-01-01 00:00:00,-1,0.0,0.0,4.0,0.0,0.0,8.5619,0.0,-1.0,brak,21.0,1.0,0.0,0.0,0.0,257.0,PIEROGI Z SEREM 400G KUCHNIA POLKI,5901289461115.0,brak,-1.0,1.0,PIEROGI KOPYTKA KROKIETY INNE,DF,0,IP,0.0,sprzedaz,0,pierogi z serem 400g kuchnia polki,pierogi kopytka krokiety inne,0,false
39129,2026-01-02 00:00:00,-1,0.0,0.0,4.0,0.0,0.0,8.5619,0.0,-1.0,brak,21.0,1.0,0.0,0.0,0.0,257.0,PIEROGI Z SEREM 400G KUCHNIA POLKI,5901289461115.0,brak,-1.0,1.0,PIEROGI KOPYTKA KROKIETY INNE,DF,0,IP,0.0,sprzedaz,0,pierogi z serem 400g kuchnia polki,pierogi kopytka krokiety inne,0,false
39129,2026-01-03 00:00:00,-1,0.0,0.0,4.0,0.0,0.0,8.5619,0.0,-1.0,brak,21.0,1.0,0.0,0.0,0.0,257.0,PIEROGI Z SEREM 400G KUCHNIA POLKI,5901289461115.0,brak,-1.0,1.0,PIEROGI KOPYTKA KROKIETY INNE,DF,0,IP,0.0,sprzedaz,0,pierogi z serem 400g kuchnia polki,pierogi kopytka krokiety inne,0,false
39129,2026-01-04 00:00:00,-1,0.0,0.0,4.0,0.0,0.0,8.5619,0.0,-1.0,brak,21.0,1.0,0.0,0.0,0.0,257.0,PIEROGI Z SEREM 400G KUCHNIA POLKI,5901289461115.0,brak,-1.0,1.0,PIEROGI KOPYTKA KROKIETY INNE,DF,0,IP,0.0,sprzedaz,0,pierogi z serem 400g kuchnia polki,pierogi kopytka krokiety inne,0,false
39129,2026-01-05 00:00:00,-1,0.0,0.0,4.0,0.0,0.0,8.5619,0.0,-1.0,brak,21.0,1.0,0.0,0.0,0.0,257.0,PIEROGI Z SEREM 400G KUCHNIA POLKI,5901289461115.0,brak,-1.0,1.0,PIEROGI KOPYTKA KROKIETY INNE,DF,0,IP,0.0,sprzedaz,0,pierogi z serem 400g kuchnia polki,pierogi kopytka krokiety inne,0,false
39129,2026-01-06 00:00:00,-1,0.0,0.0,4.0,0.0,0.0,8.5619,0.0,-1.0,brak,21.0,1.0,0.0,0.0,0.0,257.0,PIEROGI Z SEREM 400G KUCHNIA POLKI,5901289461115.0,brak,-1.0,1.0,PIEROGI KOPYTKA KROKIETY INNE,DF,0,IP,0.0,sprzedaz,0,pierogi z serem 400g kuchnia polki,pierogi kopytka krokiety inne,0,false
38957,2025-12-09 00:00:00,2192810,1.0,1.0,4.0,1.0,0.0,0.9429,0.9429,599.0,DF/PAR/251209/1443/1,21.0,1.0,10.97,10.97,10.97,319.0,PRZECENA ŚMIETANA KUB 18% 200G PIĄTNICA,1031.0,NABIAL,357.0,1.0,***PRZECENY,DF,1,IP,-1.0,sprzedaz,0,przecena smietana kub 18 200g piatnica,przeceny,0,false
38957,2025-12-10 00:00:00,-1,0.0,0.0,4.0,0.0,0.0,0.9429,0.0,-1.0,brak,21.0,1.0,0.0,0.0,0.0,319.0,PRZECENA ŚMIETANA KUB 18% 200G PIĄTNICA,1031.0,brak,357.0,1.0,***PRZECENY,DF,0,IP,0.0,sprzedaz,0,przecena smietana kub 18 200g piatnica,przeceny,0,false
38957,2025-12-11 00:00:00,-1,0.0,0.0,4.0,0.0,0.0,0.9429,0.0,-1.0,brak,21.0,1.0,0.0,0.0,0.0,319.0,PRZECENA ŚMIETANA KUB 18% 200G PIĄTNICA,1031.0,brak,357.0,1.0,***PRZECENY,DF,0,IP,0.0,sprzedaz,0,przecena smietana kub 18 200g piatnica,przeceny,0,false
38957,2025-12-12 00:00:00,-1,0.0,0.0,4.0,0.0,0.0,0.9429,0.0,-1.0,brak,21.0,1.0,0.0,0.0,0.0,319.0,PRZECENA ŚMIETANA KUB 18% 200G PIĄTNICA,1031.0,brak,357.0,1.0,***PRZECENY,DF,0,IP,0.0,sprzedaz,0,przecena smietana kub 18 200g piatnica,przeceny,0,false
38957,2025-12-13 00:00:00,-1,0.0,0.0,4.0,0.0,0.0,0.9429,0.0,-1.0,brak,21.0,1.0,0.0,0.0,0.0,319.0,PRZECENA ŚMIETANA KUB 18% 200G PIĄTNICA,1031.0,brak,357.0,1.0,***PRZECENY,DF,0,IP,0.0,sprzedaz,0,przecena smietana kub 18 200g piatnica,przeceny,0,false
38957,2025-12-14 00:00:00,-1,0.0,0.0,4.0,0.0,0.0,0.9429,0.0,-1.0,brak,21.0,1.0,0.0,0.0,0.0,319.0,PRZECENA ŚMIETANA KUB 18% 200G PIĄTNICA,1031.0,brak,357.0,1.0,***PRZECENY,DF,0,IP,0.0,sprzedaz,0,przecena smietana kub 18 200g piatnica,przeceny,0,false
38957,2025-12-15 00:00:00,-1,0.0,0.0,4.0,0.0,0.0,0.9429,0.0,-1.0,brak,21.0,1.0,0.0,0.0,0.0,319.0,PRZECENA ŚMIETANA KUB 18% 200G PIĄTNICA,1031.0,brak,357.0,1.0,***PRZECENY,DF,0,IP,0.0,sprzedaz,0,przecena smietana kub 18 200g piatnica,przeceny,0,false
38957,2025-12-16 00:00:00,-1,0.0,0.0,4.0,0.0,0.0,0.9429,0.0,-1.0,brak,21.0,1.0,0.0,0.0,0.0,319.0,PRZECENA ŚMIETANA KUB 18% 200G PIĄTNICA,1031.0,brak,357.0,1.0,***PRZECENY,DF,0,IP,0.0,sprzedaz,0,przecena smietana kub 18 200g piatnica,przeceny,0,false
38957,2025-12-17 00:00:00,-1,0.0,0.0,4.0,0.0,0.0,0.9429,0.0,-1.0,brak,21.0,1.0,0.0,0.0,0.0,319.0,PRZECENA ŚMIETANA KUB 18% 200G PIĄTNICA,1031.0,brak,357.0,1.0,***PRZECENY,DF,0,IP,0.0,sprzedaz,0,przecena smietana kub 18 200g piatnica,przeceny,0,false
38957,2025-12-18 00:00:00,-1,0.0,0.0,4.0,0.0,0.0,0.9429,0.0,-1.0,brak,21.0,1.0,0.0,0.0,0.0,319.0,PRZECENA ŚMIETANA KUB 18% 200G PIĄTNICA,1031.0,brak,357.0,1.0,***PRZECENY,DF,0,IP,0.0,sprzedaz,0,przecena smietana kub 18 200g piatnica,przeceny,0,false
38957,2025-12-19 00:00:00,-1,0.0,0.0,4.0,0.0,0.0,0.9429,0.0,-1.0,brak,21.0,1.0,0.0,0.0,0.0,319.0,PRZECENA ŚMIETANA KUB 18% 200G PIĄTNICA,1031.0,brak,357.0,1.0,***PRZECENY,DF,0,IP,0.0,sprzedaz,0,przecena smietana kub 18 200g piatnica,przeceny,0,false
38957,2025-12-20 00:00:00,-1,0.0,0.0,4.0,0.0,0.0,0.9429,0.0,-1.0,brak,21.0,1.0,0.0,0.0,0.0,319.0,PRZECENA ŚMIETANA KUB 18% 200G PIĄTNICA,1031.0,brak,357.0,1.0,***PRZECENY,DF,0,IP,0.0,sprzedaz,0,przecena smietana kub 18 200g piatnica,przeceny,0,false
38957,2025-12-21 00:00:00,-1,0.0,0.0,4.0,0.0,0.0,0.9429,0.0,-1.0,brak,21.0,1.0,0.0,0.0,0.0,319.0,PRZECENA ŚMIETANA KUB 18% 200G PIĄTNICA,1031.0,brak,357.0,1.0,***PRZECENY,DF,0,IP,0.0,sprzedaz,0,przecena smietana kub 18 200g piatnica,przeceny,0,false
38957,2025-12-22 00:00:00,-1,0.0,0.0,4.0,0.0,0.0,0.9429,0.0,-1.0,brak,21.0,1.0,0.0,0.0,0.0,319.0,PRZECENA ŚMIETANA KUB 18% 200G PIĄTNICA,1031.0,brak,357.0,1.0,***PRZECENY,DF,0,IP,0.0,sprzedaz,0,przecena smietana kub 18 200g piatnica,przeceny,0,false
38957,2025-12-23 00:00:00,-1,0.0,0.0,4.0,0.0,0.0,0.9429,0.0,-1.0,brak,21.0,1.0,0.0,0.0,0.0,319.0,PRZECENA ŚMIETANA KUB 18% 200G PIĄTNICA,1031.0,brak,357.0,1.0,***PRZECENY,DF,0,IP,0.0,sprzedaz,0,przecena smietana kub 18 200g piatnica,przeceny,0,false
81336,2025-12-09 00:00:00,2193060,11.0,11.0,4.0,1.0,0.0,13.813,13.813,849.0,DF/PAR/251209/5402/2,21.0,1.0,95.64,95.64,95.64,223.0,CZEK MILKA ALPINE MILK 250G MONDELEZ,7622202259500.0,nan,-1.0,1.0,CZEKOLADY,DF,1,IP,-1.0,sprzedaz,0,czek milka alpine milk 250g mondelez,czekolady,0,false
81336,2025-12-10 00:00:00,-1,0.0,0.0,4.0,0.0,0.0,13.813,0.0,-1.0,brak,21.0,1.0,0.0,0.0,0.0,223.0,CZEK MILKA ALPINE MILK 250G MONDELEZ,7622202259500.0,brak,-1.0,1.0,CZEKOLADY,DF,0,IP,0.0,sprzedaz,0,czek milka alpine milk 250g mondelez,czekolady,0,false
81336,2025-12-11 00:00:00,-1,0.0,0.0,4.0,0.0,0.0,13.813,0.0,-1.0,brak,21.0,1.0,0.0,0.0,0.0,223.0,CZEK MILKA ALPINE MILK 250G MONDELEZ,7622202259500.0,brak,-1.0,1.0,CZEKOLADY,DF,0,IP,0.0,sprzedaz,0,czek milka alpine milk 250g mondelez,czekolady,0,false
81336,2025-12-12 00:00:00,-1,0.0,0.0,4.0,0.0,0.0,13.813,0.0,-1.0,brak,21.0,1.0,0.0,0.0,0.0,223.0,CZEK MILKA ALPINE MILK 250G MONDELEZ,7622202259500.0,brak,-1.0,1.0,CZEKOLADY,DF,0,IP,0.0,sprzedaz,0,czek milka alpine milk 250g mondelez,czekolady,0,false
81336,2025-12-13 00:00:00,-1,0.0,0.0,4.0,0.0,0.0,13.813,0.0,-1.0,brak,21.0,1.0,0.0,0.0,0.0,223.0,CZEK MILKA ALPINE MILK 250G MONDELEZ,7622202259500.0,brak,-1.0,1.0,CZEKOLADY,DF,0,IP,0.0,sprzedaz,0,czek milka alpine milk 250g mondelez,czekolady,0,false
81336,2025-12-14 00:00:00,-1,0.0,0.0,4.0,0.0,0.0,13.813,0.0,-1.0,brak,21.0,1.0,0.0,0.0,0.0,223.0,CZEK MILKA ALPINE MILK 250G MONDELEZ,7622202259500.0,brak,-1.0,1.0,CZEKOLADY,DF,0,IP,0.0,sprzedaz,0,czek milka alpine milk 250g mondelez,czekolady,0,false
81336,2025-12-15 00:00:00,-1,0.0,0.0,4.0,0.0,0.0,13.813,0.0,-1.0,brak,21.0,1.0,0.0,0.0,0.0,223.0,CZEK MILKA ALPINE MILK 250G MONDELEZ,7622202259500.0,brak,-1.0,1.0,CZEKOLADY,DF,0,IP,0.0,sprzedaz,0,czek milka alpine milk 250g mondelez,czekolady,0,false
81336,2025-12-16 00:00:00,-1,0.0,0.0,4.0,0.0,0.0,13.813,0.0,-1.0,brak,21.0,1.0,0.0,0.0,0.0,223.0,CZEK MILKA ALPINE MILK 250G MONDELEZ,7622202259500.0,brak,-1.0,1.0,CZEKOLADY,DF,0,IP,0.0,sprzedaz,0,czek milka alpine milk 250g mondelez,czekolady,0,false
81336,2025-12-17 00:00:00,-1,0.0,0.0,4.0,0.0,0.0,13.813,0.0,-1.0,brak,21.0,1.0,0.0,0.0,0.0,223.0,CZEK MILKA ALPINE MILK 250G MONDELEZ,7622202259500.0,brak,-1.0,1.0,CZEKOLADY,DF,0,IP,0.0,sprzedaz,0,czek milka alpine milk 250g mondelez,czekolady,0,false
81336,2025-12-18 00:00:00,-1,0.0,0.0,4.0,0.0,0.0,13.813,0.0,-1.0,brak,21.0,1.0,0.0,0.0,0.0,223.0,CZEK MILKA ALPINE MILK 250G MONDELEZ,7622202259500.0,brak,-1.0,1.0,CZEKOLADY,DF,0,IP,0.0,sprzedaz,0,czek milka alpine milk 250g mondelez,czekolady,0,false
81336,2025-12-19 00:00:00,-1,0.0,0.0,4.0,0.0,0.0,13.813,0.0,-1.0,brak,21.0,1.0,0.0,0.0,0.0,223.0,CZEK MILKA ALPINE MILK 250G MONDELEZ,7622202259500.0,brak,-1.0,1.0,CZEKOLADY,DF,0,IP,0.0,sprzedaz,0,czek milka alpine milk 250g mondelez,czekolady,0,false
81336,2025-12-20 00:00:00,-1,0.0,0.0,4.0,0.0,0.0,13.813,0.0,-1.0,brak,21.0,1.0,0.0,0.0,0.0,223.0,CZEK MILKA ALPINE MILK 250G MONDELEZ,7622202259500.0,brak,-1.0,1.0,CZEKOLADY,DF,0,IP,0.0,sprzedaz,0,czek milka alpine milk 250g mondelez,czekolady,0,false
81336,2025-12-21 00:00:00,-1,0.0,0.0,4.0,0.0,0.0,13.813,0.0,-1.0,brak,21.0,1.0,0.0,0.0,0.0,223.0,CZEK MILKA ALPINE MILK 250G MONDELEZ,7622202259500.0,brak,-1.0,1.0,CZEKOLADY,DF,0,IP,0.0,sprzedaz,0,czek milka alpine milk 250g mondelez,czekolady,0,false
81336,2025-12-22 00:00:00,-1,0.0,0.0,4.0,0.0,0.0,13.813,0.0,-1.0,brak,21.0,1.0,0.0,0.0,0.0,223.0,CZEK MILKA ALPINE MILK 250G MONDELEZ,7622202259500.0,brak,-1.0,1.0,CZEKOLADY,DF,0,IP,0.0,sprzedaz,0,czek milka alpine milk 250g mondelez,czekolady,0,false
81336,2025-12-23 00:00:00,2206398,6.0,6.0,4.0,1.0,0.0,13.813,13.813,63.0,DF/PAR/251223/13599/2,21.0,1.0,47.94,47.94,47.94,223.0,CZEK MILKA ALPINE MILK 250G MONDELEZ,7622202259500.0,nan,-1.0,1.0,CZEKOLADY,DF,1,IP,-1.0,sprzedaz,0,czek milka alpine milk 250g mondelez,czekolady,0,false
81336,2025-12-23 00:00:00,2207303,5.0,5.0,4.0,1.0,0.0,13.813,13.813,965.0,DF/PAR/251223/14043/2,21.0,1.0,46.25,46.25,46.25,223.0,CZEK MILKA ALPINE MILK 250G MONDELEZ,7622202259500.0,nan,-1.0,1.0,CZEKOLADY,DF,1,IP,-1.0,sprzedaz,0,czek milka alpine milk 250g mondelez,czekolady,0,false
81336,2025-12-24 00:00:00,-1,0.0,0.0,4.0,0.0,0.0,13.813,0.0,-1.0,brak,21.0,1.0,0.0,0.0,0.0,223.0,CZEK MILKA ALPINE MILK 250G MONDELEZ,7622202259500.0,brak,-1.0,1.0,CZEKOLADY,DF,0,IP,0.0,sprzedaz,0,czek milka alpine milk 250g mondelez,czekolady,0,false
81336,2025-12-25 00:00:00,-1,0.0,0.0,4.0,0.0,0.0,13.813,0.0,-1.0,brak,21.0,1.0,0.0,0.0,0.0,223.0,CZEK MILKA ALPINE MILK 250G MONDELEZ,7622202259500.0,brak,-1.0,1.0,CZEKOLADY,DF,0,IP,0.0,sprzedaz,0,czek milka alpine milk 250g mondelez,czekolady,0,false
81336,2025-12-26 00:00:00,-1,0.0,0.0,4.0,0.0,0.0,13.813,0.0,-1.0,brak,21.0,1.0,0.0,0.0,0.0,223.0,CZEK MILKA ALPINE MILK 250G MONDELEZ,7622202259500.0,brak,-1.0,1.0,CZEKOLADY,DF,0,IP,0.0,sprzedaz,0,czek milka alpine milk 250g mondelez,czekolady,0,false
81336,2025-12-27 00:00:00,-1,0.0,0.0,4.0,0.0,0.0,13.813,0.0,-1.0,brak,21.0,1.0,0.0,0.0,0.0,223.0,CZEK MILKA ALPINE MILK 250G MONDELEZ,7622202259500.0,brak,-1.0,1.0,CZEKOLADY,DF,0,IP,0.0,sprzedaz,0,czek milka alpine milk 250g mondelez,czekolady,0,false
81336,2025-12-28 00:00:00,-1,0.0,0.0,4.0,0.0,0.0,13.813,0.0,-1.0,brak,21.0,1.0,0.0,0.0,0.0,223.0,CZEK MILKA ALPINE MILK 250G MONDELEZ,7622202259500.0,brak,-1.0,1.0,CZEKOLADY,DF,0,IP,0.0,sprzedaz,0,czek milka alpine milk 250g mondelez,czekolady,0,false
81336,2025-12-29 00:00:00,-1,0.0,0.0,4.0,0.0,0.0,13.813,0.0,-1.0,brak,21.0,1.0,0.0,0.0,0.0,223.0,CZEK MILKA ALPINE MILK 250G MONDELEZ,7622202259500.0,brak,-1.0,1.0,CZEKOLADY,DF,0,IP,0.0,sprzedaz,0,czek milka alpine milk 250g mondelez,czekolady,0,false
81336,2025-12-30 00:00:00,-1,0.0,0.0,4.0,0.0,0.0,13.813,0.0,-1.0,brak,21.0,1.0,0.0,0.0,0.0,223.0,CZEK MILKA ALPINE MILK 250G MONDELEZ,7622202259500.0,brak,-1.0,1.0,CZEKOLADY,DF,0,IP,0.0,sprzedaz,0,czek milka alpine milk 250g mondelez,czekolady,0,false
81336,2025-12-31 00:00:00,-1,0.0,0.0,4.0,0.0,0.0,13.813,0.0,-1.0,brak,21.0,1.0,0.0,0.0,0.0,223.0,CZEK MILKA ALPINE MILK 250G MONDELEZ,7622202259500.0,brak,-1.0,1.0,CZEKOLADY,DF,0,IP,0.0,sprzedaz,0,czek milka alpine milk 250g mondelez,czekolady,0,false
81336,2026-01-01 00:00:00,-1,0.0,0.0,4.0,0.0,0.0,13.813,0.0,-1.0,brak,21.0,1.0,0.0,0.0,0.0,223.0,CZEK MILKA ALPINE MILK 250G MONDELEZ,7622202259500.0,brak,-1.0,1.0,CZEKOLADY,DF,0,IP,0.0,sprzedaz,0,czek milka alpine milk 250g mondelez,czekolady,0,false
81336,2026-01-02 00:00:00,-1,0.0,0.0,4.0,0.0,0.0,13.813,0.0,-1.0,brak,21.0,1.0,0.0,0.0,0.0,223.0,CZEK MILKA ALPINE MILK 250G MONDELEZ,7622202259500.0,brak,-1.0,1.0,CZEKOLADY,DF,0,IP,0.0,sprzedaz,0,czek milka alpine milk 250g mondelez,czekolady,0,false
81336,2026-01-03 00:00:00,-1,0.0,0.0,4.0,0.0,0.0,13.813,0.0,-1.0,brak,21.0,1.0,0.0,0.0,0.0,223.0,CZEK MILKA ALPINE MILK 250G MONDELEZ,7622202259500.0,brak,-1.0,1.0,CZEKOLADY,DF,0,IP,0.0,sprzedaz,0,czek milka alpine milk 250g mondelez,czekolady,0,false
81336,2026-01-04 00:00:00,-1,0.0,0.0,4.0,0.0,0.0,13.813,0.0,-1.0,brak,21.0,1.0,0.0,0.0,0.0,223.0,CZEK MILKA ALPINE MILK 250G MONDELEZ,7622202259500.0,brak,-1.0,1.0,CZEKOLADY,DF,0,IP,0.0,sprzedaz,0,czek milka alpine milk 250g mondelez,czekolady,0,false
81336,2026-01-05 00:00:00,-1,0.0,0.0,4.0,0.0,0.0,13.813,0.0,-1.0,brak,21.0,1.0,0.0,0.0,0.0,223.0,CZEK MILKA ALPINE MILK 250G MONDELEZ,7622202259500.0,brak,-1.0,1.0,CZEKOLADY,DF,0,IP,0.0,sprzedaz,0,czek milka alpine milk 250g mondelez,czekolady,0,false
81336,2026-01-06 00:00:00,-1,0.0,0.0,4.0,0.0,0.0,13.813,0.0,-1.0,brak,21.0,1.0,0.0,0.0,0.0,223.0,CZEK MILKA ALPINE MILK 250G MONDELEZ,7622202259500.0,brak,-1.0,1.0,CZEKOLADY,DF,0,IP,0.0,sprzedaz,0,czek milka alpine milk 250g mondelez,czekolady,0,false
81336,2026-01-07 00:00:00,-1,0.0,0.0,4.0,0.0,0.0,13.813,0.0,-1.0,brak,21.0,1.0,0.0,0.0,0.0,223.0,CZEK MILKA ALPINE MILK 250G MONDELEZ,7622202259500.0,brak,-1.0,1.0,CZEKOLADY,DF,0,IP,0.0,sprzedaz,0,czek milka alpine milk 250g mondelez,czekolady,0,false
81336,2026-01-08 00:00:00,-1,0.0,0.0,4.0,0.0,0.0,13.813,0.0,-1.0,brak,21.0,1.0,0.0,0.0,0.0,223.0,CZEK MILKA ALPINE MILK 250G MONDELEZ,7622202259500.0,brak,-1.0,1.0,CZEKOLADY,DF,0,IP,0.0,sprzedaz,0,czek milka alpine milk 250g mondelez,czekolady,0,false
81336,2026-01-09 00:00:00,-1,0.0,0.0,4.0,0.0,0.0,13.813,0.0,-1.0,brak,21.0,1.0,0.0,0.0,0.0,223.0,CZEK MILKA ALPINE MILK 250G MONDELEZ,7622202259500.0,brak,-1.0,1.0,CZEKOLADY,DF,0,IP,0.0,sprzedaz,0,czek milka alpine milk 250g mondelez,czekolady,0,false
81336,2026-01-10 00:00:00,-1,0.0,0.0,4.0,0.0,0.0,13.813,0.0,-1.0,brak,21.0,1.0,0.0,0.0,0.0,223.0,CZEK MILKA ALPINE MILK 250G MONDELEZ,7622202259500.0,brak,-1.0,1.0,CZEKOLADY,DF,0,IP,0.0,sprzedaz,0,czek milka alpine milk 250g mondelez,czekolady,0,false
81336,2026-01-11 00:00:00,-1,0.0,0.0,4.0,0.0,0.0,13.813,0.0,-1.0,brak,21.0,1.0,0.0,0.0,0.0,223.0,CZEK MILKA ALPINE MILK 250G MONDELEZ,7622202259500.0,brak,-1.0,1.0,CZEKOLADY,DF,0,IP,0.0,sprzedaz,0,czek milka alpine milk 250g mondelez,czekolady,0,false
81336,2026-01-12 00:00:00,-1,0.0,0.0,4.0,0.0,0.0,13.813,0.0,-1.0,brak,21.0,1.0,0.0,0.0,0.0,223.0,CZEK MILKA ALPINE MILK 250G MONDELEZ,7622202259500.0,brak,-1.0,1.0,CZEKOLADY,DF,0,IP,0.0,sprzedaz,0,czek milka alpine milk 250g mondelez,czekolady,0,false
81336,2026-01-13 00:00:00,-1,0.0,0.0,4.0,0.0,0.0,13.813,0.0,-1.0,brak,21.0,1.0,0.0,0.0,0.0,223.0,CZEK MILKA ALPINE MILK 250G MONDELEZ,7622202259500.0,brak,-1.0,1.0,CZEKOLADY,DF,0,IP,0.0,sprzedaz,0,czek milka alpine milk 250g mondelez,czekolady,0,false
81336,2026-01-14 00:00:00,-1,0.0,0.0,4.0,0.0,0.0,13.813,0.0,-1.0,brak,21.0,1.0,0.0,0.0,0.0,223.0,CZEK MILKA ALPINE MILK 250G MONDELEZ,7622202259500.0,brak,-1.0,1.0,CZEKOLADY,DF,0,IP,0.0,sprzedaz,0,czek milka alpine milk 250g mondelez,czekolady,0,false
81336,2026-01-15 00:00:00,-1,0.0,0.0,4.0,0.0,0.0,13.813,0.0,-1.0,brak,21.0,1.0,0.0,0.0,0.0,223.0,CZEK MILKA ALPINE MILK 250G MONDELEZ,7622202259500.0,brak,-1.0,1.0,CZEKOLADY,DF,0,IP,0.0,sprzedaz,0,czek milka alpine milk 250g mondelez,czekolady,0,false
81336,2026-01-16 00:00:00,-1,0.0,0.0,4.0,0.0,0.0,13.813,0.0,-1.0,brak,21.0,1.0,0.0,0.0,0.0,223.0,CZEK MILKA ALPINE MILK 250G MONDELEZ,7622202259500.0,brak,-1.0,1.0,CZEKOLADY,DF,0,IP,0.0,sprzedaz,0,czek milka alpine milk 250g mondelez,czekolady,0,false
81336,2026-01-17 00:00:00,-1,0.0,0.0,4.0,0.0,0.0,13.813,0.0,-1.0,brak,21.0,1.0,0.0,0.0,0.0,223.0,CZEK MILKA ALPINE MILK 250G MONDELEZ,7622202259500.0,brak,-1.0,1.0,CZEKOLADY,DF,0,IP,0.0,sprzedaz,0,czek milka alpine milk 250g mondelez,czekolady,0,false
81336,2026-01-18 00:00:00,-1,0.0,0.0,4.0,0.0,0.0,13.813,0.0,-1.0,brak,21.0,1.0,0.0,0.0,0.0,223.0,CZEK MILKA ALPINE MILK 250G MONDELEZ,7622202259500.0,brak,-1.0,1.0,CZEKOLADY,DF,0,IP,0.0,sprzedaz,0,czek milka alpine milk 250g mondelez,czekolady,0,false
81336,2026-01-19 00:00:00,-1,0.0,0.0,4.0,0.0,0.0,13.813,0.0,-1.0,brak,21.0,1.0,0.0,0.0,0.0,223.0,CZEK MILKA ALPINE MILK 250G MONDELEZ,7622202259500.0,brak,-1.0,1.0,CZEKOLADY,DF,0,IP,0.0,sprzedaz,0,czek milka alpine milk 250g mondelez,czekolady,0,false
81336,2026-01-20 00:00:00,-1,0.0,0.0,4.0,0.0,0.0,13.813,0.0,-1.0,brak,21.0,1.0,0.0,0.0,0.0,223.0,CZEK MILKA ALPINE MILK 250G MONDELEZ,7622202259500.0,brak,-1.0,1.0,CZEKOLADY,DF,0,IP,0.0,sprzedaz,0,czek milka alpine milk 250g mondelez,czekolady,0,false
81336,2026-01-21 00:00:00,-1,0.0,0.0,4.0,0.0,0.0,13.813,0.0,-1.0,brak,21.0,1.0,0.0,0.0,0.0,223.0,CZEK MILKA ALPINE MILK 250G MONDELEZ,7622202259500.0,brak,-1.0,1.0,CZEKOLADY,DF,0,IP,0.0,sprzedaz,0,czek milka alpine milk 250g mondelez,czekolady,0,false
81336,2026-01-22 00:00:00,2228561,6.0,5.0,4.0,1.0,0.0,13.813,13.813,151.0,DF/PAR/260122/5198/1,21.0,1.0,43.03,43.03,43.03,223.0,CZEK MILKA ALPINE MILK 250G MONDELEZ,7622202259500.0,nan,-1.0,1.0,CZEKOLADY,DF,1,IP,-1.0,sprzedaz,0,czek milka alpine milk 250g mondelez,czekolady,0,false
81336,2026-01-23 00:00:00,-1,0.0,0.0,4.0,0.0,0.0,13.813,0.0,-1.0,brak,21.0,1.0,0.0,0.0,0.0,223.0,CZEK MILKA ALPINE MILK 250G MONDELEZ,7622202259500.0,brak,-1.0,1.0,CZEKOLADY,DF,0,IP,0.0,sprzedaz,0,czek milka alpine milk 250g mondelez,czekolady,0,false
81336,2026-01-24 00:00:00,-1,0.0,0.0,4.0,0.0,0.0,13.813,0.0,-1.0,brak,21.0,1.0,0.0,0.0,0.0,223.0,CZEK MILKA ALPINE MILK 250G MONDELEZ,7622202259500.0,brak,-1.0,1.0,CZEKOLADY,DF,0,IP,0.0,sprzedaz,0,czek milka alpine milk 250g mondelez,czekolady,0,false
81336,2026-01-25 00:00:00,-1,0.0,0.0,4.0,0.0,0.0,13.813,0.0,-1.0,brak,21.0,1.0,0.0,0.0,0.0,223.0,CZEK MILKA ALPINE MILK 250G MONDELEZ,7622202259500.0,brak,-1.0,1.0,CZEKOLADY,DF,0,IP,0.0,sprzedaz,0,czek milka alpine milk 250g mondelez,czekolady,0,false
81336,2026-01-26 00:00:00,-1,0.0,0.0,4.0,0.0,0.0,13.813,0.0,-1.0,brak,21.0,1.0,0.0,0.0,0.0,223.0,CZEK MILKA ALPINE MILK 250G MONDELEZ,7622202259500.0,brak,-1.0,1.0,CZEKOLADY,DF,0,IP,0.0,sprzedaz,0,czek milka alpine milk 250g mondelez,czekolady,0,false
81336,2026-01-27 00:00:00,-1,0.0,0.0,4.0,0.0,0.0,13.813,0.0,-1.0,brak,21.0,1.0,0.0,0.0,0.0,223.0,CZEK MILKA ALPINE MILK 250G MONDELEZ,7622202259500.0,brak,-1.0,1.0,CZEKOLADY,DF,0,IP,0.0,sprzedaz,0,czek milka alpine milk 250g mondelez,czekolady,0,false
81336,2026-01-28 00:00:00,-1,0.0,0.0,4.0,0.0,0.0,13.813,0.0,-1.0,brak,21.0,1.0,0.0,0.0,0.0,223.0,CZEK MILKA ALPINE MILK 250G MONDELEZ,7622202259500.0,brak,-1.0,1.0,CZEKOLADY,DF,0,IP,0.0,sprzedaz,0,czek milka alpine milk 250g mondelez,czekolady,0,false
81336,2026-01-29 00:00:00,-1,0.0,0.0,4.0,0.0,0.0,13.813,0.0,-1.0,brak,21.0,1.0,0.0,0.0,0.0,223.0,CZEK MILKA ALPINE MILK 250G MONDELEZ,7622202259500.0,brak,-1.0,1.0,CZEKOLADY,DF,0,IP,0.0,sprzedaz,0,czek milka alpine milk 250g mondelez,czekolady,0,false
81336,2026-01-30 00:00:00,-1,0.0,0.0,4.0,0.0,0.0,13.813,0.0,-1.0,brak,21.0,1.0,0.0,0.0,0.0,223.0,CZEK MILKA ALPINE MILK 250G MONDELEZ,7622202259500.0,brak,-1.0,1.0,CZEKOLADY,DF,0,IP,0.0,sprzedaz,0,czek milka alpine milk 250g mondelez,czekolady,0,false
81336,2026-01-31 00:00:00,-1,0.0,0.0,4.0,0.0,0.0,13.813,0.0,-1.0,brak,21.0,1.0,0.0,0.0,0.0,223.0,CZEK MILKA ALPINE MILK 250G MONDELEZ,7622202259500.0,brak,-1.0,1.0,CZEKOLADY,DF,0,IP,0.0,sprzedaz,0,czek milka alpine milk 250g mondelez,czekolady,0,false
654,2025-12-10 00:00:00,2194098,3.0,3.0,4.0,1.0,0.0,8.0857,8.0857,846.0,DF/PAR/251210/6122/2,21.0,1.0,24.96,24.96,24.96,257.0,CIASTO NA PIERNIKA 250G HENGLEIN,4001163168008.0,SWIEZE,215.0,1.0,PIEROGI KOPYTKA KROKIETY INNE,DF,1,IP,-1.0,sprzedaz,0,ciasto na piernika 250g henglein,pierogi kopytka krokiety inne,0,false
654,2025-12-10 00:00:00,2194098,4.0,4.0,4.0,1.0,0.0,8.0857,8.0857,846.0,DF/PAR/251210/6122/2,21.0,1.0,24.96,24.96,24.96,257.0,CIASTO NA PIERNIKA 250G HENGLEIN,4001163168008.0,SWIEZE,215.0,1.0,PIEROGI KOPYTKA KROKIETY INNE,DF,1,IP,-1.0,sprzedaz,0,ciasto na piernika 250g henglein,pierogi kopytka krokiety inne,0,false
654,2025-12-11 00:00:00,-1,0.0,0.0,4.0,0.0,0.0,8.0857,0.0,-1.0,brak,21.0,1.0,0.0,0.0,0.0,257.0,CIASTO NA PIERNIKA 250G HENGLEIN,4001163168008.0,brak,215.0,1.0,PIEROGI KOPYTKA KROKIETY INNE,DF,0,IP,0.0,sprzedaz,0,ciasto na piernika 250g henglein,pierogi kopytka krokiety inne,0,false
654,2025-12-12 00:00:00,-1,0.0,0.0,4.0,0.0,0.0,8.0857,0.0,-1.0,brak,21.0,1.0,0.0,0.0,0.0,257.0,CIASTO NA PIERNIKA 250G HENGLEIN,4001163168008.0,brak,215.0,1.0,PIEROGI KOPYTKA KROKIETY INNE,DF,0,IP,0.0,sprzedaz,0,ciasto na piernika 250g henglein,pierogi kopytka krokiety inne,0,false
654,2025-12-13 00:00:00,-1,0.0,0.0,4.0,0.0,0.0,8.0857,0.0,-1.0,brak,21.0,1.0,0.0,0.0,0.0,257.0,CIASTO NA PIERNIKA 250G HENGLEIN,4001163168008.0,brak,215.0,1.0,PIEROGI KOPYTKA KROKIETY INNE,DF,0,IP,0.0,sprzedaz,0,ciasto na piernika 250g henglein,pierogi kopytka krokiety inne,0,false
654,2025-12-14 00:00:00,2197651,8.0,8.0,4.0,1.0,0.0,8.0857,8.0857,147.0,DF/PAR/251214/8257/2,21.0,1.0,162.57,162.57,162.57,257.0,CIASTO NA PIERNIKA 250G HENGLEIN,4001163168008.0,SWIEZE,215.0,1.0,PIEROGI KOPYTKA KROKIETY INNE,DF,1,IP,-1.0,sprzedaz,0,ciasto na piernika 250g henglein,pierogi kopytka krokiety inne,0,false
654,2025-12-15 00:00:00,2198837,2.0,2.0,4.0,1.0,0.0,8.0857,8.0857,976.0,DF/PAR/251215/2577/1,21.0,1.0,46.72,46.72,46.72,257.0,CIASTO NA PIERNIKA 250G HENGLEIN,4001163168008.0,SWIEZE,215.0,1.0,PIEROGI KOPYTKA KROKIETY INNE,DF,1,IP,-1.0,sprzedaz,0,ciasto na piernika 250g henglein,pierogi kopytka krokiety inne,0,false
654,2025-12-15 00:00:00,2198837,3.0,3.0,4.0,1.0,0.0,8.0857,8.0857,976.0,DF/PAR/251215/2577/1,21.0,1.0,46.72,46.72,46.72,257.0,CIASTO NA PIERNIKA 250G HENGLEIN,4001163168008.0,SWIEZE,215.0,1.0,PIEROGI KOPYTKA KROKIETY INNE,DF,1,IP,-1.0,sprzedaz,0,ciasto na piernika 250g henglein,pierogi kopytka krokiety inne,0,false
654,2025-12-16 00:00:00,-1,0.0,0.0,4.0,0.0,0.0,8.0857,0.0,-1.0,brak,21.0,1.0,0.0,0.0,0.0,257.0,CIASTO NA PIERNIKA 250G HENGLEIN,4001163168008.0,brak,215.0,1.0,PIEROGI KOPYTKA KROKIETY INNE,DF,0,IP,0.0,sprzedaz,0,ciasto na piernika 250g henglein,pierogi kopytka krokiety inne,0,false
654,2025-12-17 00:00:00,-1,0.0,0.0,4.0,0.0,0.0,8.0857,0.0,-1.0,brak,21.0,1.0,0.0,0.0,0.0,257.0,CIASTO NA PIERNIKA 250G HENGLEIN,4001163168008.0,brak,215.0,1.0,PIEROGI KOPYTKA KROKIETY INNE,DF,0,IP,0.0,sprzedaz,0,ciasto na piernika 250g henglein,pierogi kopytka krokiety inne,0,false
654,2025-12-18 00:00:00,-1,0.0,0.0,4.0,0.0,0.0,8.0857,0.0,-1.0,brak,21.0,1.0,0.0,0.0,0.0,257.0,CIASTO NA PIERNIKA 250G HENGLEIN,4001163168008.0,brak,215.0,1.0,PIEROGI KOPYTKA KROKIETY INNE,DF,0,IP,0.0,sprzedaz,0,ciasto na piernika 250g henglein,pierogi kopytka krokiety inne,0,false
654,2025-12-19 00:00:00,2202548,1.0,1.0,4.0,1.0,0.0,8.0857,8.0857,349.0,DF/PAR/251219/11505/2,21.0,1.0,8.49,8.49,8.49,257.0,CIASTO NA PIERNIKA 250G HENGLEIN,4001163168008.0,SWIEZE,215.0,1.0,PIEROGI KOPYTKA KROKIETY INNE,DF,1,IP,-1.0,sprzedaz,0,ciasto na piernika 250g henglein,pierogi kopytka krokiety inne,0,false
654,2025-12-20 00:00:00,-1,0.0,0.0,4.0,0.0,0.0,8.0857,0.0,-1.0,brak,21.0,1.0,0.0,0.0,0.0,257.0,CIASTO NA PIERNIKA 250G HENGLEIN,4001163168008.0,brak,215.0,1.0,PIEROGI KOPYTKA KROKIETY INNE,DF,0,IP,0.0,sprzedaz,0,ciasto na piernika 250g henglein,pierogi kopytka krokiety inne,0,false
654,2025-12-21 00:00:00,-1,0.0,0.0,4.0,0.0,0.0,8.0857,0.0,-1.0,brak,21.0,1.0,0.0,0.0,0.0,257.0,CIASTO NA PIERNIKA 250G HENGLEIN,4001163168008.0,brak,215.0,1.0,PIEROGI KOPYTKA KROKIETY INNE,DF,0,IP,0.0,sprzedaz,0,ciasto na piernika 250g henglein,pierogi kopytka krokiety inne,0,false
654,2025-12-22 00:00:00,2206230,1.0,1.0,4.0,1.0,0.0,8.0857,8.0857,1302.0,DF/PAR/251222/4360/1,21.0,1.0,36.96,36.96,36.96,257.0,CIASTO NA PIERNIKA 250G HENGLEIN,4001163168008.0,SWIEZE,215.0,1.0,PIEROGI KOPYTKA KROKIETY INNE,DF,1,IP,-1.0,sprzedaz,0,ciasto na piernika 250g henglein,pierogi kopytka krokiety inne,0,false
654,2025-12-22 00:00:00,2206230,2.0,2.0,4.0,1.0,0.0,8.0857,8.0857,1302.0,DF/PAR/251222/4360/1,21.0,1.0,36.96,36.96,36.96,257.0,CIASTO NA PIERNIKA 250G HENGLEIN,4001163168008.0,SWIEZE,215.0,1.0,PIEROGI KOPYTKA KROKIETY INNE,DF,1,IP,-1.0,sprzedaz,0,ciasto na piernika 250g henglein,pierogi kopytka krokiety inne,0,false
654,2025-12-23 00:00:00,-1,0.0,0.0,4.0,0.0,0.0,8.0857,0.0,-1.0,brak,21.0,1.0,0.0,0.0,0.0,257.0,CIASTO NA PIERNIKA 250G HENGLEIN,4001163168008.0,brak,215.0,1.0,PIEROGI KOPYTKA KROKIETY INNE,DF,0,IP,0.0,sprzedaz,0,ciasto na piernika 250g henglein,pierogi kopytka krokiety inne,0,false
654,2025-12-24 00:00:00,-1,0.0,0.0,4.0,0.0,0.0,8.0857,0.0,-1.0,brak,21.0,1.0,0.0,0.0,0.0,257.0,CIASTO NA PIERNIKA 250G HENGLEIN,4001163168008.0,brak,215.0,1.0,PIEROGI KOPYTKA KROKIETY INNE,DF,0,IP,0.0,sprzedaz,0,ciasto na piernika 250g henglein,pierogi kopytka krokiety inne,0,false
654,2025-12-25 00:00:00,-1,0.0,0.0,4.0,0.0,0.0,8.0857,0.0,-1.0,brak,21.0,1.0,0.0,0.0,0.0,257.0,CIASTO NA PIERNIKA 250G HENGLEIN,4001163168008.0,brak,215.0,1.0,PIEROGI KOPYTKA KROKIETY INNE,DF,0,IP,0.0,sprzedaz,0,ciasto na piernika 250g henglein,pierogi kopytka krokiety inne,0,false
654,2025-12-26 00:00:00,-1,0.0,0.0,4.0,0.0,0.0,8.0857,0.0,-1.0,brak,21.0,1.0,0.0,0.0,0.0,257.0,CIASTO NA PIERNIKA 250G HENGLEIN,4001163168008.0,brak,215.0,1.0,PIEROGI KOPYTKA KROKIETY INNE,DF,0,IP,0.0,sprzedaz,0,ciasto na piernika 250g henglein,pierogi kopytka krokiety inne,0,false
654,2025-12-27 00:00:00,-1,0.0,0.0,4.0,0.0,0.0,8.0857,0.0,-1.0,brak,21.0,1.0,0.0,0.0,0.0,257.0,CIASTO NA PIERNIKA 250G HENGLEIN,4001163168008.0,brak,215.0,1.0,PIEROGI KOPYTKA KROKIETY INNE,DF,0,IP,0.0,sprzedaz,0,ciasto na piernika 250g henglein,pierogi kopytka krokiety inne,0,false
654,2025-12-28 00:00:00,-1,0.0,0.0,4.0,0.0,0.0,8.0857,0.0,-1.0,brak,21.0,1.0,0.0,0.0,0.0,257.0,CIASTO NA PIERNIKA 250G HENGLEIN,4001163168008.0,brak,215.0,1.0,PIEROGI KOPYTKA KROKIETY INNE,DF,0,IP,0.0,sprzedaz,0,ciasto na piernika 250g henglein,pierogi kopytka krokiety inne,0,false
654,2025-12-29 00:00:00,-1,0.0,0.0,4.0,0.0,0.0,8.0857,0.0,-1.0,brak,21.0,1.0,0.0,0.0,0.0,257.0,CIASTO NA PIERNIKA 250G HENGLEIN,4001163168008.0,brak,215.0,1.0,PIEROGI KOPYTKA KROKIETY INNE,DF,0,IP,0.0,sprzedaz,0,ciasto na piernika 250g henglein,pierogi kopytka krokiety inne,0,false
654,2025-12-30 00:00:00,-1,0.0,0.0,4.0,0.0,0.0,8.0857,0.0,-1.0,brak,21.0,1.0,0.0,0.0,0.0,257.0,CIASTO NA PIERNIKA 250G HENGLEIN,4001163168008.0,brak,215.0,1.0,PIEROGI KOPYTKA KROKIETY INNE,DF,0,IP,0.0,sprzedaz,0,ciasto na piernika 250g henglein,pierogi kopytka krokiety inne,0,false
654,2025-12-31 00:00:00,-1,0.0,0.0,4.0,0.0,0.0,8.0857,0.0,-1.0,brak,21.0,1.0,0.0,0.0,0.0,257.0,CIASTO NA PIERNIKA 250G HENGLEIN,4001163168008.0,brak,215.0,1.0,PIEROGI KOPYTKA KROKIETY INNE,DF,0,IP,0.0,sprzedaz,0,ciasto na piernika 250g henglein,pierogi kopytka krokiety inne,0,false
654,2026-01-01 00:00:00,-1,0.0,0.0,4.0,0.0,0.0,8.0857,0.0,-1.0,brak,21.0,1.0,0.0,0.0,0.0,257.0,CIASTO NA PIERNIKA 250G HENGLEIN,4001163168008.0,brak,215.0,1.0,PIEROGI KOPYTKA KROKIETY INNE,DF,0,IP,0.0,sprzedaz,0,ciasto na piernika 250g henglein,pierogi kopytka krokiety inne,0,false
654,2026-01-02 00:00:00,-1,0.0,0.0,4.0,0.0,0.0,8.0857,0.0,-1.0,brak,21.0,1.0,0.0,0.0,0.0,257.0,CIASTO NA PIERNIKA 250G HENGLEIN,4001163168008.0,brak,215.0,1.0,PIEROGI KOPYTKA KROKIETY INNE,DF,0,IP,0.0,sprzedaz,0,ciasto na piernika 250g henglein,pierogi kopytka krokiety inne,0,false
654,2026-01-03 00:00:00,-1,0.0,0.0,4.0,0.0,0.0,8.0857,0.0,-1.0,brak,21.0,1.0,0.0,0.0,0.0,257.0,CIASTO NA PIERNIKA 250G HENGLEIN,4001163168008.0,brak,215.0,1.0,PIEROGI KOPYTKA KROKIETY INNE,DF,0,IP,0.0,sprzedaz,0,ciasto na piernika 250g henglein,pierogi kopytka krokiety inne,0,false
654,2026-01-04 00:00:00,-1,0.0,0.0,4.0,0.0,0.0,8.0857,0.0,-1.0,brak,21.0,1.0,0.0,0.0,0.0,257.0,CIASTO NA PIERNIKA 250G HENGLEIN,4001163168008.0,brak,215.0,1.0,PIEROGI KOPYTKA KROKIETY INNE,DF,0,IP,0.0,sprzedaz,0,ciasto na piernika 250g henglein,pierogi kopytka krokiety inne,0,false
654,2026-01-05 00:00:00,-1,0.0,0.0,4.0,0.0,0.0,8.0857,0.0,-1.0,brak,21.0,1.0,0.0,0.0,0.0,257.0,CIASTO NA PIERNIKA 250G HENGLEIN,4001163168008.0,brak,215.0,1.0,PIEROGI KOPYTKA KROKIETY INNE,DF,0,IP,0.0,sprzedaz,0,ciasto na piernika 250g henglein,pierogi kopytka krokiety inne,0,false
654,2026-01-06 00:00:00,-1,0.0,0.0,4.0,0.0,0.0,8.0857,0.0,-1.0,brak,21.0,1.0,0.0,0.0,0.0,257.0,CIASTO NA PIERNIKA 250G HENGLEIN,4001163168008.0,brak,215.0,1.0,PIEROGI KOPYTKA KROKIETY INNE,DF,0,IP,0.0,sprzedaz,0,ciasto na piernika 250g henglein,pierogi kopytka krokiety inne,0,false
654,2026-01-07 00:00:00,-1,0.0,0.0,4.0,0.0,0.0,8.0857,0.0,-1.0,brak,21.0,1.0,0.0,0.0,0.0,257.0,CIASTO NA PIERNIKA 250G HENGLEIN,4001163168008.0,brak,215.0,1.0,PIEROGI KOPYTKA KROKIETY INNE,DF,0,IP,0.0,sprzedaz,0,ciasto na piernika 250g henglein,pierogi kopytka krokiety inne,0,false
654,2026-01-08 00:00:00,2216248,1.0,1.0,4.0,4.0,0.0,3.8,15.2,155.0,DF/PAR/260108/2673/2,21.0,1.0,16.66,16.66,16.66,257.0,CIASTO NA PIERNIKA 250G HENGLEIN,4001163168008.0,SWIEZE,215.0,1.0,PIEROGI KOPYTKA KROKIETY INNE,DF,1,IP,-1.0,sprzedaz,0,ciasto na piernika 250g henglein,pierogi kopytka krokiety inne,0,false
654,2026-01-09 00:00:00,-1,0.0,0.0,4.0,0.0,0.0,3.8,0.0,-1.0,brak,21.0,1.0,0.0,0.0,0.0,257.0,CIASTO NA PIERNIKA 250G HENGLEIN,4001163168008.0,brak,215.0,1.0,PIEROGI KOPYTKA KROKIETY INNE,DF,0,IP,0.0,sprzedaz,0,ciasto na piernika 250g henglein,pierogi kopytka krokiety inne,0,false
654,2026-01-10 00:00:00,-1,0.0,0.0,4.0,0.0,0.0,3.8,0.0,-1.0,brak,21.0,1.0,0.0,0.0,0.0,257.0,CIASTO NA PIERNIKA 250G HENGLEIN,4001163168008.0,brak,215.0,1.0,PIEROGI KOPYTKA KROKIETY INNE,DF,0,IP,0.0,sprzedaz,0,ciasto na piernika 250g henglein,pierogi kopytka krokiety inne,0,false
654,2026-01-11 00:00:00,-1,0.0,0.0,4.0,0.0,0.0,3.8,0.0,-1.0,brak,21.0,1.0,0.0,0.0,0.0,257.0,CIASTO NA PIERNIKA 250G HENGLEIN,4001163168008.0,brak,215.0,1.0,PIEROGI KOPYTKA KROKIETY INNE,DF,0,IP,0.0,sprzedaz,0,ciasto na piernika 250g henglein,pierogi kopytka krokiety inne,0,false
654,2026-01-12 00:00:00,-1,0.0,0.0,4.0,0.0,0.0,3.8,0.0,-1.0,brak,21.0,1.0,0.0,0.0,0.0,257.0,CIASTO NA PIERNIKA 250G HENGLEIN,4001163168008.0,brak,215.0,1.0,PIEROGI KOPYTKA KROKIETY INNE,DF,0,IP,0.0,sprzedaz,0,ciasto na piernika 250g henglein,pierogi kopytka krokiety inne,0,false
654,2026-01-13 00:00:00,-1,0.0,0.0,4.0,0.0,0.0,3.8,0.0,-1.0,brak,21.0,1.0,0.0,0.0,0.0,257.0,CIASTO NA PIERNIKA 250G HENGLEIN,4001163168008.0,brak,215.0,1.0,PIEROGI KOPYTKA KROKIETY INNE,DF,0,IP,0.0,sprzedaz,0,ciasto na piernika 250g henglein,pierogi kopytka krokiety inne,0,false
654,2026-01-14 00:00:00,-1,0.0,0.0,4.0,0.0,0.0,3.8,0.0,-1.0,brak,21.0,1.0,0.0,0.0,0.0,257.0,CIASTO NA PIERNIKA 250G HENGLEIN,4001163168008.0,brak,215.0,1.0,PIEROGI KOPYTKA KROKIETY INNE,DF,0,IP,0.0,sprzedaz,0,ciasto na piernika 250g henglein,pierogi kopytka krokiety inne,0,false
654,2026-01-15 00:00:00,-1,0.0,0.0,4.0,0.0,0.0,3.8,0.0,-1.0,brak,21.0,1.0,0.0,0.0,0.0,257.0,CIASTO NA PIERNIKA 250G HENGLEIN,4001163168008.0,brak,215.0,1.0,PIEROGI KOPYTKA KROKIETY INNE,DF,0,IP,0.0,sprzedaz,0,ciasto na piernika 250g henglein,pierogi kopytka krokiety inne,0,false
654,2026-01-16 00:00:00,-1,0.0,0.0,4.0,0.0,0.0,3.8,0.0,-1.0,brak,21.0,1.0,0.0,0.0,0.0,257.0,CIASTO NA PIERNIKA 250G HENGLEIN,4001163168008.0,brak,215.0,1.0,PIEROGI KOPYTKA KROKIETY INNE,DF,0,IP,0.0,sprzedaz,0,ciasto na piernika 250g henglein,pierogi kopytka krokiety inne,0,false
654,2026-01-17 00:00:00,-1,0.0,0.0,4.0,0.0,0.0,3.8,0.0,-1.0,brak,21.0,1.0,0.0,0.0,0.0,257.0,CIASTO NA PIERNIKA 250G HENGLEIN,4001163168008.0,brak,215.0,1.0,PIEROGI KOPYTKA KROKIETY INNE,DF,0,IP,0.0,sprzedaz,0,ciasto na piernika 250g henglein,pierogi kopytka krokiety inne,0,false
654,2026-01-18 00:00:00,-1,0.0,0.0,4.0,0.0,0.0,3.8,0.0,-1.0,brak,21.0,1.0,0.0,0.0,0.0,257.0,CIASTO NA PIERNIKA 250G HENGLEIN,4001163168008.0,brak,215.0,1.0,PIEROGI KOPYTKA KROKIETY INNE,DF,0,IP,0.0,sprzedaz,0,ciasto na piernika 250g henglein,pierogi kopytka krokiety inne,0,false
654,2026-01-19 00:00:00,-1,0.0,0.0,4.0,0.0,0.0,3.8,0.0,-1.0,brak,21.0,1.0,0.0,0.0,0.0,257.0,CIASTO NA PIERNIKA 250G HENGLEIN,4001163168008.0,brak,215.0,1.0,PIEROGI KOPYTKA KROKIETY INNE,DF,0,IP,0.0,sprzedaz,0,ciasto na piernika 250g henglein,pierogi kopytka krokiety inne,0,false
654,2026-01-20 00:00:00,-1,0.0,0.0,4.0,0.0,0.0,3.8,0.0,-1.0,brak,21.0,1.0,0.0,0.0,0.0,257.0,CIASTO NA PIERNIKA 250G HENGLEIN,4001163168008.0,brak,215.0,1.0,PIEROGI KOPYTKA KROKIETY INNE,DF,0,IP,0.0,sprzedaz,0,ciasto na piernika 250g henglein,pierogi kopytka krokiety inne,0,false
654,2026-01-21 00:00:00,-1,0.0,0.0,4.0,0.0,0.0,3.8,0.0,-1.0,brak,21.0,1.0,0.0,0.0,0.0,257.0,CIASTO NA PIERNIKA 250G HENGLEIN,4001163168008.0,brak,215.0,1.0,PIEROGI KOPYTKA KROKIETY INNE,DF,0,IP,0.0,sprzedaz,0,ciasto na piernika 250g henglein,pierogi kopytka krokiety inne,0,false
654,2026-01-22 00:00:00,-1,0.0,0.0,4.0,0.0,0.0,3.8,0.0,-1.0,brak,21.0,1.0,0.0,0.0,0.0,257.0,CIASTO NA PIERNIKA 250G HENGLEIN,4001163168008.0,brak,215.0,1.0,PIEROGI KOPYTKA KROKIETY INNE,DF,0,IP,0.0,sprzedaz,0,ciasto na piernika 250g henglein,pierogi kopytka krokiety inne,0,false
50192,2025-12-11 00:00:00,2194462,1.0,1.0,4.0,1.0,0.0,40.0,40.0,121.0,DF/PAR/251211/6351/2,21.0,1.0,220.0,220.0,220.0,339.0,STEAM 40 POR,4251604166807.0,nan,-1.0,1.0,INNE,DF,1,IP,-1.0,sprzedaz,0,steam 40 por,inne,0,false
50192,2025-12-11 00:00:00,2194462,2.0,2.0,4.0,1.0,0.0,40.0,40.0,121.0,DF/PAR/251211/6351/2,21.0,1.0,220.0,220.0,220.0,339.0,STEAM 40 POR,4251604166807.0,nan,-1.0,1.0,INNE,DF,1,IP,-1.0,sprzedaz,0,steam 40 por,inne,0,false
50192,2025-12-12 00:00:00,-1,0.0,0.0,4.0,0.0,0.0,40.0,0.0,-1.0,brak,21.0,1.0,0.0,0.0,0.0,339.0,STEAM 40 POR,4251604166807.0,brak,-1.0,1.0,INNE,DF,0,IP,0.0,sprzedaz,0,steam 40 por,inne,0,false
50192,2025-12-13 00:00:00,-1,0.0,0.0,4.0,0.0,0.0,40.0,0.0,-1.0,brak,21.0,1.0,0.0,0.0,0.0,339.0,STEAM 40 POR,4251604166807.0,brak,-1.0,1.0,INNE,DF,0,IP,0.0,sprzedaz,0,steam 40 por,inne,0,false
50192,2025-12-14 00:00:00,-1,0.0,0.0,4.0,0.0,0.0,40.0,0.0,-1.0,brak,21.0,1.0,0.0,0.0,0.0,339.0,STEAM 40 POR,4251604166807.0,brak,-1.0,1.0,INNE,DF,0,IP,0.0,sprzedaz,0,steam 40 por,inne,0,false
50192,2025-12-15 00:00:00,-1,0.0,0.0,4.0,0.0,0.0,40.0,0.0,-1.0,brak,21.0,1.0,0.0,0.0,0.0,339.0,STEAM 40 POR,4251604166807.0,brak,-1.0,1.0,INNE,DF,0,IP,0.0,sprzedaz,0,steam 40 por,inne,0,false
50192,2025-12-16 00:00:00,-1,0.0,0.0,4.0,0.0,0.0,40.0,0.0,-1.0,brak,21.0,1.0,0.0,0.0,0.0,339.0,STEAM 40 POR,4251604166807.0,brak,-1.0,1.0,INNE,DF,0,IP,0.0,sprzedaz,0,steam 40 por,inne,0,false
50192,2025-12-17 00:00:00,-1,0.0,0.0,4.0,0.0,0.0,40.0,0.0,-1.0,brak,21.0,1.0,0.0,0.0,0.0,339.0,STEAM 40 POR,4251604166807.0,brak,-1.0,1.0,INNE,DF,0,IP,0.0,sprzedaz,0,steam 40 por,inne,0,false
50192,2025-12-18 00:00:00,-1,0.0,0.0,4.0,0.0,0.0,40.0,0.0,-1.0,brak,21.0,1.0,0.0,0.0,0.0,339.0,STEAM 40 POR,4251604166807.0,brak,-1.0,1.0,INNE,DF,0,IP,0.0,sprzedaz,0,steam 40 por,inne,0,false
50192,2025-12-19 00:00:00,-1,0.0,0.0,4.0,0.0,0.0,40.0,0.0,-1.0,brak,21.0,1.0,0.0,0.0,0.0,339.0,STEAM 40 POR,4251604166807.0,brak,-1.0,1.0,INNE,DF,0,IP,0.0,sprzedaz,0,steam 40 por,inne,0,false
50192,2025-12-20 00:00:00,-1,0.0,0.0,4.0,0.0,0.0,40.0,0.0,-1.0,brak,21.0,1.0,0.0,0.0,0.0,339.0,STEAM 40 POR,4251604166807.0,brak,-1.0,1.0,INNE,DF,0,IP,0.0,sprzedaz,0,steam 40 por,inne,0,false
50192,2025-12-21 00:00:00,-1,0.0,0.0,4.0,0.0,0.0,40.0,0.0,-1.0,brak,21.0,1.0,0.0,0.0,0.0,339.0,STEAM 40 POR,4251604166807.0,brak,-1.0,1.0,INNE,DF,0,IP,0.0,sprzedaz,0,steam 40 por,inne,0,false
50192,2025-12-22 00:00:00,-1,0.0,0.0,4.0,0.0,0.0,40.0,0.0,-1.0,brak,21.0,1.0,0.0,0.0,0.0,339.0,STEAM 40 POR,4251604166807.0,brak,-1.0,1.0,INNE,DF,0,IP,0.0,sprzedaz,0,steam 40 por,inne,0,false
50192,2025-12-23 00:00:00,-1,0.0,0.0,4.0,0.0,0.0,40.0,0.0,-1.0,brak,21.0,1.0,0.0,0.0,0.0,339.0,STEAM 40 POR,4251604166807.0,brak,-1.0,1.0,INNE,DF,0,IP,0.0,sprzedaz,0,steam 40 por,inne,0,false
50192,2025-12-24 00:00:00,-1,0.0,0.0,4.0,0.0,0.0,40.0,0.0,-1.0,brak,21.0,1.0,0.0,0.0,0.0,339.0,STEAM 40 POR,4251604166807.0,brak,-1.0,1.0,INNE,DF,0,IP,0.0,sprzedaz,0,steam 40 por,inne,0,false
50192,2025-12-25 00:00:00,-1,0.0,0.0,4.0,0.0,0.0,40.0,0.0,-1.0,brak,21.0,1.0,0.0,0.0,0.0,339.0,STEAM 40 POR,4251604166807.0,brak,-1.0,1.0,INNE,DF,0,IP,0.0,sprzedaz,0,steam 40 por,inne,0,false
50191,2025-12-11 00:00:00,2194462,3.0,3.0,4.0,1.0,0.0,70.0,70.0,121.0,DF/PAR/251211/6351/2,21.0,1.0,220.0,220.0,220.0,339.0,STEAM 70 POR,4251604166821.0,nan,-1.0,1.0,INNE,DF,1,IP,-1.0,sprzedaz,0,steam 70 por,inne,0,false
50191,2025-12-11 00:00:00,2194462,4.0,4.0,4.0,1.0,0.0,70.0,70.0,121.0,DF/PAR/251211/6351/2,21.0,1.0,220.0,220.0,220.0,339.0,STEAM 70 POR,4251604166821.0,nan,-1.0,1.0,INNE,DF,1,IP,-1.0,sprzedaz,0,steam 70 por,inne,0,false
50191,2025-12-12 00:00:00,-1,0.0,0.0,4.0,0.0,0.0,70.0,0.0,-1.0,brak,21.0,1.0,0.0,0.0,0.0,339.0,STEAM 70 POR,4251604166821.0,brak,-1.0,1.0,INNE,DF,0,IP,0.0,sprzedaz,0,steam 70 por,inne,0,false
50191,2025-12-13 00:00:00,-1,0.0,0.0,4.0,0.0,0.0,70.0,0.0,-1.0,brak,21.0,1.0,0.0,0.0,0.0,339.0,STEAM 70 POR,4251604166821.0,brak,-1.0,1.0,INNE,DF,0,IP,0.0,sprzedaz,0,steam 70 por,inne,0,false
50191,2025-12-14 00:00:00,-1,0.0,0.0,4.0,0.0,0.0,70.0,0.0,-1.0,brak,21.0,1.0,0.0,0.0,0.0,339.0,STEAM 70 POR,4251604166821.0,brak,-1.0,1.0,INNE,DF,0,IP,0.0,sprzedaz,0,steam 70 por,inne,0,false
50191,2025-12-15 00:00:00,-1,0.0,0.0,4.0,0.0,0.0,70.0,0.0,-1.0,brak,21.0,1.0,0.0,0.0,0.0,339.0,STEAM 70 POR,4251604166821.0,brak,-1.0,1.0,INNE,DF,0,IP,0.0,sprzedaz,0,steam 70 por,inne,0,false
50191,2025-12-16 00:00:00,-1,0.0,0.0,4.0,0.0,0.0,70.0,0.0,-1.0,brak,21.0,1.0,0.0,0.0,0.0,339.0,STEAM 70 POR,4251604166821.0,brak,-1.0,1.0,INNE,DF,0,IP,0.0,sprzedaz,0,steam 70 por,inne,0,false
50191,2025-12-17 00:00:00,-1,0.0,0.0,4.0,0.0,0.0,70.0,0.0,-1.0,brak,21.0,1.0,0.0,0.0,0.0,339.0,STEAM 70 POR,4251604166821.0,brak,-1.0,1.0,INNE,DF,0,IP,0.0,sprzedaz,0,steam 70 por,inne,0,false
50191,2025-12-18 00:00:00,-1,0.0,0.0,4.0,0.0,0.0,70.0,0.0,-1.0,brak,21.0,1.0,0.0,0.0,0.0,339.0,STEAM 70 POR,4251604166821.0,brak,-1.0,1.0,INNE,DF,0,IP,0.0,sprzedaz,0,steam 70 por,inne,0,false
50191,2025-12-19 00:00:00,-1,0.0,0.0,4.0,0.0,0.0,70.0,0.0,-1.0,brak,21.0,1.0,0.0,0.0,0.0,339.0,STEAM 70 POR,4251604166821.0,brak,-1.0,1.0,INNE,DF,0,IP,0.0,sprzedaz,0,steam 70 por,inne,0,false
50191,2025-12-20 00:00:00,-1,0.0,0.0,4.0,0.0,0.0,70.0,0.0,-1.0,brak,21.0,1.0,0.0,0.0,0.0,339.0,STEAM 70 POR,4251604166821.0,brak,-1.0,1.0,INNE,DF,0,IP,0.0,sprzedaz,0,steam 70 por,inne,0,false
50191,2025-12-21 00:00:00,-1,0.0,0.0,4.0,0.0,0.0,70.0,0.0,-1.0,brak,21.0,1.0,0.0,0.0,0.0,339.0,STEAM 70 POR,4251604166821.0,brak,-1.0,1.0,INNE,DF,0,IP,0.0,sprzedaz,0,steam 70 por,inne,0,false
50191,2025-12-22 00:00:00,-1,0.0,0.0,4.0,0.0,0.0,70.0,0.0,-1.0,brak,21.0,1.0,0.0,0.0,0.0,339.0,STEAM 70 POR,4251604166821.0,brak,-1.0,1.0,INNE,DF,0,IP,0.0,sprzedaz,0,steam 70 por,inne,0,false
50191,2025-12-23 00:00:00,-1,0.0,0.0,4.0,0.0,0.0,70.0,0.0,-1.0,brak,21.0,1.0,0.0,0.0,0.0,339.0,STEAM 70 POR,4251604166821.0,brak,-1.0,1.0,INNE,DF,0,IP,0.0,sprzedaz,0,steam 70 por,inne,0,false
50191,2025-12-24 00:00:00,-1,0.0,0.0,4.0,0.0,0.0,70.0,0.0,-1.0,brak,21.0,1.0,0.0,0.0,0.0,339.0,STEAM 70 POR,4251604166821.0,brak,-1.0,1.0,INNE,DF,0,IP,0.0,sprzedaz,0,steam 70 por,inne,0,false
50191,2025-12-25 00:00:00,-1,0.0,0.0,4.0,0.0,0.0,70.0,0.0,-1.0,brak,21.0,1.0,0.0,0.0,0.0,339.0,STEAM 70 POR,4251604166821.0,brak,-1.0,1.0,INNE,DF,0,IP,0.0,sprzedaz,0,steam 70 por,inne,0,false
78,2025-12-11 00:00:00,2194492,1.0,1.0,4.0,1.0,0.0,7.6095,7.6095,151.0,DF/PAR/251211/6381/2,21.0,1.0,26.56,26.56,26.56,117.0,"MIKOŁAJ, CHOINKA 100G MAREL",115.0,PIECZYWO,-1.0,1.0,PIECZYWO,DF,1,IP,-1.0,sprzedaz,0,mikolaj choinka 100g marel,pieczywo,0,false
78,2025-12-12 00:00:00,-1,0.0,0.0,4.0,0.0,0.0,7.6095,0.0,-1.0,brak,21.0,1.0,0.0,0.0,0.0,117.0,"MIKOŁAJ, CHOINKA 100G MAREL",115.0,brak,-1.0,1.0,PIECZYWO,DF,0,IP,0.0,sprzedaz,0,mikolaj choinka 100g marel,pieczywo,0,false
78,2025-12-13 00:00:00,-1,0.0,0.0,4.0,0.0,0.0,7.6095,0.0,-1.0,brak,21.0,1.0,0.0,0.0,0.0,117.0,"MIKOŁAJ, CHOINKA 100G MAREL",115.0,brak,-1.0,1.0,PIECZYWO,DF,0,IP,0.0,sprzedaz,0,mikolaj choinka 100g marel,pieczywo,0,false
78,2025-12-14 00:00:00,-1,0.0,0.0,4.0,0.0,0.0,7.6095,0.0,-1.0,brak,21.0,1.0,0.0,0.0,0.0,117.0,"MIKOŁAJ, CHOINKA 100G MAREL",115.0,brak,-1.0,1.0,PIECZYWO,DF,0,IP,0.0,sprzedaz,0,mikolaj choinka 100g marel,pieczywo,0,false
78,2025-12-15 00:00:00,-1,0.0,0.0,4.0,0.0,0.0,7.6095,0.0,-1.0,brak,21.0,1.0,0.0,0.0,0.0,117.0,"MIKOŁAJ, CHOINKA 100G MAREL",115.0,brak,-1.0,1.0,PIECZYWO,DF,0,IP,0.0,sprzedaz,0,mikolaj choinka 100g marel,pieczywo,0,false
78,2025-12-16 00:00:00,-1,0.0,0.0,4.0,0.0,0.0,7.6095,0.0,-1.0,brak,21.0,1.0,0.0,0.0,0.0,117.0,"MIKOŁAJ, CHOINKA 100G MAREL",115.0,brak,-1.0,1.0,PIECZYWO,DF,0,IP,0.0,sprzedaz,0,mikolaj choinka 100g marel,pieczywo,0,false
78,2025-12-17 00:00:00,-1,0.0,0.0,4.0,0.0,0.0,7.6095,0.0,-1.0,brak,21.0,1.0,0.0,0.0,0.0,117.0,"MIKOŁAJ, CHOINKA 100G MAREL",115.0,brak,-1.0,1.0,PIECZYWO,DF,0,IP,0.0,sprzedaz,0,mikolaj choinka 100g marel,pieczywo,0,false
78,2025-12-18 00:00:00,-1,0.0,0.0,4.0,0.0,0.0,7.6095,0.0,-1.0,brak,21.0,1.0,0.0,0.0,0.0,117.0,"MIKOŁAJ, CHOINKA 100G MAREL",115.0,brak,-1.0,1.0,PIECZYWO,DF,0,IP,0.0,sprzedaz,0,mikolaj choinka 100g marel,pieczywo,0,false
78,2025-12-19 00:00:00,-1,0.0,0.0,4.0,0.0,0.0,7.6095,0.0,-1.0,brak,21.0,1.0,0.0,0.0,0.0,117.0,"MIKOŁAJ, CHOINKA 100G MAREL",115.0,brak,-1.0,1.0,PIECZYWO,DF,0,IP,0.0,sprzedaz,0,mikolaj choinka 100g marel,pieczywo,0,false
78,2025-12-20 00:00:00,-1,0.0,0.0,4.0,0.0,0.0,7.6095,0.0,-1.0,brak,21.0,1.0,0.0,0.0,0.0,117.0,"MIKOŁAJ, CHOINKA 100G MAREL",115.0,brak,-1.0,1.0,PIECZYWO,DF,0,IP,0.0,sprzedaz,0,mikolaj choinka 100g marel,pieczywo,0,false
78,2025-12-21 00:00:00,-1,0.0,0.0,4.0,0.0,0.0,7.6095,0.0,-1.0,brak,21.0,1.0,0.0,0.0,0.0,117.0,"MIKOŁAJ, CHOINKA 100G MAREL",115.0,brak,-1.0,1.0,PIECZYWO,DF,0,IP,0.0,sprzedaz,0,mikolaj choinka 100g marel,pieczywo,0,false
78,2025-12-22 00:00:00,-1,0.0,0.0,4.0,0.0,0.0,7.6095,0.0,-1.0,brak,21.0,1.0,0.0,0.0,0.0,117.0,"MIKOŁAJ, CHOINKA 100G MAREL",115.0,brak,-1.0,1.0,PIECZYWO,DF,0,IP,0.0,sprzedaz,0,mikolaj choinka 100g marel,pieczywo,0,false
78,2025-12-23 00:00:00,-1,0.0,0.0,4.0,0.0,0.0,7.6095,0.0,-1.0,brak,21.0,1.0,0.0,0.0,0.0,117.0,"MIKOŁAJ, CHOINKA 100G MAREL",115.0,brak,-1.0,1.0,PIECZYWO,DF,0,IP,0.0,sprzedaz,0,mikolaj choinka 100g marel,pieczywo,0,false
78,2025-12-24 00:00:00,-1,0.0,0.0,4.0,0.0,0.0,7.6095,0.0,-1.0,brak,21.0,1.0,0.0,0.0,0.0,117.0,"MIKOŁAJ, CHOINKA 100G MAREL",115.0,brak,-1.0,1.0,PIECZYWO,DF,0,IP,0.0,sprzedaz,0,mikolaj choinka 100g marel,pieczywo,0,false
78,2025-12-25 00:00:00,-1,0.0,0.0,4.0,0.0,0.0,7.6095,0.0,-1.0,brak,21.0,1.0,0.0,0.0,0.0,117.0,"MIKOŁAJ, CHOINKA 100G MAREL",115.0,brak,-1.0,1.0,PIECZYWO,DF,0,IP,0.0,sprzedaz,0,mikolaj choinka 100g marel,pieczywo,0,false
81317,2025-12-12 00:00:00,2195877,11.0,11.0,4.0,1.0,0.0,28.4472,28.4472,530.0,DF/PAR/251212/7284/2,21.0,1.0,101.37,101.37,101.37,8.0,"NAPÓJ ALK BIAŁY BOCIAN CYT-MIĘTA 28% 0,5L",5900398063234.0,nan,-1.0,1.0,3 WÓDKI I NAP.ALK POWYŻEJ 18%,DF,1,IP,-1.0,sprzedaz,0,napoj alk bialy bocian cyt mieta 28 0 5l,3 wodki i nap alk powyzej 18,0,false
81317,2025-12-13 00:00:00,-1,0.0,0.0,4.0,0.0,0.0,28.4472,0.0,-1.0,brak,21.0,1.0,0.0,0.0,0.0,8.0,"NAPÓJ ALK BIAŁY BOCIAN CYT-MIĘTA 28% 0,5L",5900398063234.0,brak,-1.0,1.0,3 WÓDKI I NAP.ALK POWYŻEJ 18%,DF,0,IP,0.0,sprzedaz,0,napoj alk bialy bocian cyt mieta 28 0 5l,3 wodki i nap alk powyzej 18,0,false
81317,2025-12-14 00:00:00,-1,0.0,0.0,4.0,0.0,0.0,28.4472,0.0,-1.0,brak,21.0,1.0,0.0,0.0,0.0,8.0,"NAPÓJ ALK BIAŁY BOCIAN CYT-MIĘTA 28% 0,5L",5900398063234.0,brak,-1.0,1.0,3 WÓDKI I NAP.ALK POWYŻEJ 18%,DF,0,IP,0.0,sprzedaz,0,napoj alk bialy bocian cyt mieta 28 0 5l,3 wodki i nap alk powyzej 18,0,false
81317,2025-12-15 00:00:00,-1,0.0,0.0,4.0,0.0,0.0,28.4472,0.0,-1.0,brak,21.0,1.0,0.0,0.0,0.0,8.0,"NAPÓJ ALK BIAŁY BOCIAN CYT-MIĘTA 28% 0,5L",5900398063234.0,brak,-1.0,1.0,3 WÓDKI I NAP.ALK POWYŻEJ 18%,DF,0,IP,0.0,sprzedaz,0,napoj alk bialy bocian cyt mieta 28 0 5l,3 wodki i nap alk powyzej 18,0,false
81317,2025-12-16 00:00:00,2199191,4.0,4.0,4.0,1.0,0.0,28.4472,28.4472,271.0,DF/PAR/251216/9336/2,21.0,1.0,136.62,136.62,136.62,8.0,"NAPÓJ ALK BIAŁY BOCIAN CYT-MIĘTA 28% 0,5L",5900398063234.0,nan,-1.0,1.0,3 WÓDKI I NAP.ALK POWYŻEJ 18%,DF,1,IP,-1.0,sprzedaz,0,napoj alk bialy bocian cyt mieta 28 0 5l,3 wodki i nap alk powyzej 18,0,false
81317,2025-12-17 00:00:00,-1,0.0,0.0,4.0,0.0,0.0,28.4472,0.0,-1.0,brak,21.0,1.0,0.0,0.0,0.0,8.0,"NAPÓJ ALK BIAŁY BOCIAN CYT-MIĘTA 28% 0,5L",5900398063234.0,brak,-1.0,1.0,3 WÓDKI I NAP.ALK POWYŻEJ 18%,DF,0,IP,0.0,sprzedaz,0,napoj alk bialy bocian cyt mieta 28 0 5l,3 wodki i nap alk powyzej 18,0,false
81317,2025-12-18 00:00:00,-1,0.0,0.0,4.0,0.0,0.0,28.4472,0.0,-1.0,brak,21.0,1.0,0.0,0.0,0.0,8.0,"NAPÓJ ALK BIAŁY BOCIAN CYT-MIĘTA 28% 0,5L",5900398063234.0,brak,-1.0,1.0,3 WÓDKI I NAP.ALK POWYŻEJ 18%,DF,0,IP,0.0,sprzedaz,0,napoj alk bialy bocian cyt mieta 28 0 5l,3 wodki i nap alk powyzej 18,0,false
81317,2025-12-19 00:00:00,-1,0.0,0.0,4.0,0.0,0.0,28.4472,0.0,-1.0,brak,21.0,1.0,0.0,0.0,0.0,8.0,"NAPÓJ ALK BIAŁY BOCIAN CYT-MIĘTA 28% 0,5L",5900398063234.0,brak,-1.0,1.0,3 WÓDKI I NAP.ALK POWYŻEJ 18%,DF,0,IP,0.0,sprzedaz,0,napoj alk bialy bocian cyt mieta 28 0 5l,3 wodki i nap alk powyzej 18,0,false
81317,2025-12-20 00:00:00,-1,0.0,0.0,4.0,0.0,0.0,28.4472,0.0,-1.0,brak,21.0,1.0,0.0,0.0,0.0,8.0,"NAPÓJ ALK BIAŁY BOCIAN CYT-MIĘTA 28% 0,5L",5900398063234.0,brak,-1.0,1.0,3 WÓDKI I NAP.ALK POWYŻEJ 18%,DF,0,IP,0.0,sprzedaz,0,napoj alk bialy bocian cyt mieta 28 0 5l,3 wodki i nap alk powyzej 18,0,false
81317,2025-12-21 00:00:00,-1,0.0,0.0,4.0,0.0,0.0,28.4472,0.0,-1.0,brak,21.0,1.0,0.0,0.0,0.0,8.0,"NAPÓJ ALK BIAŁY BOCIAN CYT-MIĘTA 28% 0,5L",5900398063234.0,brak,-1.0,1.0,3 WÓDKI I NAP.ALK POWYŻEJ 18%,DF,0,IP,0.0,sprzedaz,0,napoj alk bialy bocian cyt mieta 28 0 5l,3 wodki i nap alk powyzej 18,0,false
81317,2025-12-22 00:00:00,-1,0.0,0.0,4.0,0.0,0.0,28.4472,0.0,-1.0,brak,21.0,1.0,0.0,0.0,0.0,8.0,"NAPÓJ ALK BIAŁY BOCIAN CYT-MIĘTA 28% 0,5L",5900398063234.0,brak,-1.0,1.0,3 WÓDKI I NAP.ALK POWYŻEJ 18%,DF,0,IP,0.0,sprzedaz,0,napoj alk bialy bocian cyt mieta 28 0 5l,3 wodki i nap alk powyzej 18,0,false
81317,2025-12-23 00:00:00,-1,0.0,0.0,4.0,0.0,0.0,28.4472,0.0,-1.0,brak,21.0,1.0,0.0,0.0,0.0,8.0,"NAPÓJ ALK BIAŁY BOCIAN CYT-MIĘTA 28% 0,5L",5900398063234.0,brak,-1.0,1.0,3 WÓDKI I NAP.ALK POWYŻEJ 18%,DF,0,IP,0.0,sprzedaz,0,napoj alk bialy bocian cyt mieta 28 0 5l,3 wodki i nap alk powyzej 18,0,false
81317,2025-12-24 00:00:00,-1,0.0,0.0,4.0,0.0,0.0,28.4472,0.0,-1.0,brak,21.0,1.0,0.0,0.0,0.0,8.0,"NAPÓJ ALK BIAŁY BOCIAN CYT-MIĘTA 28% 0,5L",5900398063234.0,brak,-1.0,1.0,3 WÓDKI I NAP.ALK POWYŻEJ 18%,DF,0,IP,0.0,sprzedaz,0,napoj alk bialy bocian cyt mieta 28 0 5l,3 wodki i nap alk powyzej 18,0,false
81317,2025-12-25 00:00:00,-1,0.0,0.0,4.0,0.0,0.0,28.4472,0.0,-1.0,brak,21.0,1.0,0.0,0.0,0.0,8.0,"NAPÓJ ALK BIAŁY BOCIAN CYT-MIĘTA 28% 0,5L",5900398063234.0,brak,-1.0,1.0,3 WÓDKI I NAP.ALK POWYŻEJ 18%,DF,0,IP,0.0,sprzedaz,0,napoj alk bialy bocian cyt mieta 28 0 5l,3 wodki i nap alk powyzej 18,0,false
81317,2025-12-26 00:00:00,-1,0.0,0.0,4.0,0.0,0.0,28.4472,0.0,-1.0,brak,21.0,1.0,0.0,0.0,0.0,8.0,"NAPÓJ ALK BIAŁY BOCIAN CYT-MIĘTA 28% 0,5L",5900398063234.0,brak,-1.0,1.0,3 WÓDKI I NAP.ALK POWYŻEJ 18%,DF,0,IP,0.0,sprzedaz,0,napoj alk bialy bocian cyt mieta 28 0 5l,3 wodki i nap alk powyzej 18,0,false
81317,2025-12-27 00:00:00,-1,0.0,0.0,4.0,0.0,0.0,28.4472,0.0,-1.0,brak,21.0,1.0,0.0,0.0,0.0,8.0,"NAPÓJ ALK BIAŁY BOCIAN CYT-MIĘTA 28% 0,5L",5900398063234.0,brak,-1.0,1.0,3 WÓDKI I NAP.ALK POWYŻEJ 18%,DF,0,IP,0.0,sprzedaz,0,napoj alk bialy bocian cyt mieta 28 0 5l,3 wodki i nap alk powyzej 18,0,false
81317,2025-12-28 00:00:00,-1,0.0,0.0,4.0,0.0,0.0,28.4472,0.0,-1.0,brak,21.0,1.0,0.0,0.0,0.0,8.0,"NAPÓJ ALK BIAŁY BOCIAN CYT-MIĘTA 28% 0,5L",5900398063234.0,brak,-1.0,1.0,3 WÓDKI I NAP.ALK POWYŻEJ 18%,DF,0,IP,0.0,sprzedaz,0,napoj alk bialy bocian cyt mieta 28 0 5l,3 wodki i nap alk powyzej 18,0,false
81317,2025-12-29 00:00:00,-1,0.0,0.0,4.0,0.0,0.0,28.4472,0.0,-1.0,brak,21.0,1.0,0.0,0.0,0.0,8.0,"NAPÓJ ALK BIAŁY BOCIAN CYT-MIĘTA 28% 0,5L",5900398063234.0,brak,-1.0,1.0,3 WÓDKI I NAP.ALK POWYŻEJ 18%,DF,0,IP,0.0,sprzedaz,0,napoj alk bialy bocian cyt mieta 28 0 5l,3 wodki i nap alk powyzej 18,0,false
81317,2025-12-30 00:00:00,-1,0.0,0.0,4.0,0.0,0.0,28.4472,0.0,-1.0,brak,21.0,1.0,0.0,0.0,0.0,8.0,"NAPÓJ ALK BIAŁY BOCIAN CYT-MIĘTA 28% 0,5L",5900398063234.0,brak,-1.0,1.0,3 WÓDKI I NAP.ALK POWYŻEJ 18%,DF,0,IP,0.0,sprzedaz,0,napoj alk bialy bocian cyt mieta 28 0 5l,3 wodki i nap alk powyzej 18,0,false
49428,2025-12-12 00:00:00,2195895,1.0,1.0,4.0,1.0,0.0,8.5619,8.5619,548.0,DF/PAR/251212/7294/2,21.0,1.0,64.88,64.88,64.88,257.0,PIEROGI LENIWE 400G KUCHNIA POLKI,5901289461023.0,nan,-1.0,1.0,PIEROGI KOPYTKA KROKIETY INNE,DF,1,IP,-1.0,sprzedaz,0,pierogi leniwe 400g kuchnia polki,pierogi kopytka krokiety inne,0,false
49428,2025-12-13 00:00:00,-1,0.0,0.0,4.0,0.0,0.0,8.5619,0.0,-1.0,brak,21.0,1.0,0.0,0.0,0.0,257.0,PIEROGI LENIWE 400G KUCHNIA POLKI,5901289461023.0,brak,-1.0,1.0,PIEROGI KOPYTKA KROKIETY INNE,DF,0,IP,0.0,sprzedaz,0,pierogi leniwe 400g kuchnia polki,pierogi kopytka krokiety inne,0,false
49428,2025-12-14 00:00:00,-1,0.0,0.0,4.0,0.0,0.0,8.5619,0.0,-1.0,brak,21.0,1.0,0.0,0.0,0.0,257.0,PIEROGI LENIWE 400G KUCHNIA POLKI,5901289461023.0,brak,-1.0,1.0,PIEROGI KOPYTKA KROKIETY INNE,DF,0,IP,0.0,sprzedaz,0,pierogi leniwe 400g kuchnia polki,pierogi kopytka krokiety inne,0,false
49428,2025-12-15 00:00:00,2198721,9.0,9.0,4.0,1.0,0.0,8.5619,8.5619,868.0,DF/PAR/251215/9016/2,21.0,1.0,54.51,54.51,54.51,257.0,PIEROGI LENIWE 400G KUCHNIA POLKI,5901289461023.0,nan,-1.0,1.0,PIEROGI KOPYTKA KROKIETY INNE,DF,1,IP,-1.0,sprzedaz,0,pierogi leniwe 400g kuchnia polki,pierogi kopytka krokiety inne,0,false
49428,2025-12-16 00:00:00,2199701,1.0,1.0,4.0,1.0,0.0,8.5619,8.5619,774.0,DF/PAR/251216/9652/2,21.0,1.0,11.49,11.49,11.49,257.0,PIEROGI LENIWE 400G KUCHNIA POLKI,5901289461023.0,nan,-1.0,1.0,PIEROGI KOPYTKA KROKIETY INNE,DF,1,IP,-1.0,sprzedaz,0,pierogi leniwe 400g kuchnia polki,pierogi kopytka krokiety inne,0,false
49428,2025-12-16 00:00:00,2199794,3.0,3.0,4.0,1.0,0.0,8.5619,8.5619,867.0,DF/PAR/251216/9737/2,21.0,1.0,34.96,34.96,34.96,257.0,PIEROGI LENIWE 400G KUCHNIA POLKI,5901289461023.0,nan,-1.0,1.0,PIEROGI KOPYTKA KROKIETY INNE,DF,1,IP,-1.0,sprzedaz,0,pierogi leniwe 400g kuchnia polki,pierogi kopytka krokiety inne,0,false
49428,2025-12-17 00:00:00,2200215,6.0,6.0,4.0,1.0,0.0,8.5619,8.5619,251.0,DF/PAR/251217/10025/2,21.0,1.0,40.23,40.23,40.23,257.0,PIEROGI LENIWE 400G KUCHNIA POLKI,5901289461023.0,nan,-1.0,1.0,PIEROGI KOPYTKA KROKIETY INNE,DF,1,IP,-1.0,sprzedaz,0,pierogi leniwe 400g kuchnia polki,pierogi kopytka krokiety inne,0,false
49428,2025-12-18 00:00:00,-1,0.0,0.0,4.0,0.0,0.0,8.5619,0.0,-1.0,brak,21.0,1.0,0.0,0.0,0.0,257.0,PIEROGI LENIWE 400G KUCHNIA POLKI,5901289461023.0,brak,-1.0,1.0,PIEROGI KOPYTKA KROKIETY INNE,DF,0,IP,0.0,sprzedaz,0,pierogi leniwe 400g kuchnia polki,pierogi kopytka krokiety inne,0,false
49428,2025-12-19 00:00:00,2203126,3.0,3.0,4.0,1.0,0.0,8.5619,8.5619,925.0,DF/PAR/251219/3378/1,21.0,1.0,58.14,58.14,58.14,257.0,PIEROGI LENIWE 400G KUCHNIA POLKI,5901289461023.0,nan,-1.0,1.0,PIEROGI KOPYTKA KROKIETY INNE,DF,1,IP,-1.0,sprzedaz,0,pierogi leniwe 400g kuchnia polki,pierogi kopytka krokiety inne,0,false
49428,2025-12-20 00:00:00,-1,0.0,0.0,4.0,0.0,0.0,8.5619,0.0,-1.0,brak,21.0,1.0,0.0,0.0,0.0,257.0,PIEROGI LENIWE 400G KUCHNIA POLKI,5901289461023.0,brak,-1.0,1.0,PIEROGI KOPYTKA KROKIETY INNE,DF,0,IP,0.0,sprzedaz,0,pierogi leniwe 400g kuchnia polki,pierogi kopytka krokiety inne,0,false
49428,2025-12-21 00:00:00,-1,0.0,0.0,4.0,0.0,0.0,8.5619,0.0,-1.0,brak,21.0,1.0,0.0,0.0,0.0,257.0,PIEROGI LENIWE 400G KUCHNIA POLKI,5901289461023.0,brak,-1.0,1.0,PIEROGI KOPYTKA KROKIETY INNE,DF,0,IP,0.0,sprzedaz,0,pierogi leniwe 400g kuchnia polki,pierogi kopytka krokiety inne,0,false
49428,2025-12-22 00:00:00,2205568,11.0,11.0,4.0,1.0,0.0,8.5619,8.5619,644.0,DF/PAR/251222/13293/2,21.0,1.0,107.21,107.21,107.21,257.0,PIEROGI LENIWE 400G KUCHNIA POLKI,5901289461023.0,nan,-1.0,1.0,PIEROGI KOPYTKA KROKIETY INNE,DF,1,IP,-1.0,sprzedaz,0,pierogi leniwe 400g kuchnia polki,pierogi kopytka krokiety inne,0,false
49428,2025-12-22 00:00:00,2205568,12.0,12.0,4.0,1.0,0.0,8.5619,8.5619,644.0,DF/PAR/251222/13293/2,21.0,1.0,107.21,107.21,107.21,257.0,PIEROGI LENIWE 400G KUCHNIA POLKI,5901289461023.0,nan,-1.0,1.0,PIEROGI KOPYTKA KROKIETY INNE,DF,1,IP,-1.0,sprzedaz,0,pierogi leniwe 400g kuchnia polki,pierogi kopytka krokiety inne,0,false
49428,2025-12-23 00:00:00,2206621,3.0,3.0,4.0,1.0,0.0,8.5619,8.5619,285.0,DF/PAR/251223/13730/2,21.0,1.0,20.27,20.27,20.27,257.0,PIEROGI LENIWE 400G KUCHNIA POLKI,5901289461023.0,nan,-1.0,1.0,PIEROGI KOPYTKA KROKIETY INNE,DF,1,IP,-1.0,sprzedaz,0,pierogi leniwe 400g kuchnia polki,pierogi kopytka krokiety inne,0,false
49428,2025-12-24 00:00:00,-1,0.0,0.0,4.0,0.0,0.0,8.5619,0.0,-1.0,brak,21.0,1.0,0.0,0.0,0.0,257.0,PIEROGI LENIWE 400G KUCHNIA POLKI,5901289461023.0,brak,-1.0,1.0,PIEROGI KOPYTKA KROKIETY INNE,DF,0,IP,0.0,sprzedaz,0,pierogi leniwe 400g kuchnia polki,pierogi kopytka krokiety inne,0,false
49428,2025-12-25 00:00:00,-1,0.0,0.0,4.0,0.0,0.0,8.5619,0.0,-1.0,brak,21.0,1.0,0.0,0.0,0.0,257.0,PIEROGI LENIWE 400G KUCHNIA POLKI,5901289461023.0,brak,-1.0,1.0,PIEROGI KOPYTKA KROKIETY INNE,DF,0,IP,0.0,sprzedaz,0,pierogi leniwe 400g kuchnia polki,pierogi kopytka krokiety inne,0,false
49428,2025-12-26 00:00:00,-1,0.0,0.0,4.0,0.0,0.0,8.5619,0.0,-1.0,brak,21.0,1.0,0.0,0.0,0.0,257.0,PIEROGI LENIWE 400G KUCHNIA POLKI,5901289461023.0,brak,-1.0,1.0,PIEROGI KOPYTKA KROKIETY INNE,DF,0,IP,0.0,sprzedaz,0,pierogi leniwe 400g kuchnia polki,pierogi kopytka krokiety inne,0,false
49428,2025-12-27 00:00:00,-1,0.0,0.0,4.0,0.0,0.0,8.5619,0.0,-1.0,brak,21.0,1.0,0.0,0.0,0.0,257.0,PIEROGI LENIWE 400G KUCHNIA POLKI,5901289461023.0,brak,-1.0,1.0,PIEROGI KOPYTKA KROKIETY INNE,DF,0,IP,0.0,sprzedaz,0,pierogi leniwe 400g kuchnia polki,pierogi kopytka krokiety inne,0,false
49428,2025-12-28 00:00:00,-1,0.0,0.0,4.0,0.0,0.0,8.5619,0.0,-1.0,brak,21.0,1.0,0.0,0.0,0.0,257.0,PIEROGI LENIWE 400G KUCHNIA POLKI,5901289461023.0,brak,-1.0,1.0,PIEROGI KOPYTKA KROKIETY INNE,DF,0,IP,0.0,sprzedaz,0,pierogi leniwe 400g kuchnia polki,pierogi kopytka krokiety inne,0,false
49428,2025-12-29 00:00:00,2208575,1.0,1.0,4.0,1.0,0.0,6.6571,6.6571,28.0,DF/PAR/251229/14477/2,21.0,1.0,55.88,55.88,55.88,257.0,PIEROGI LENIWE 400G KUCHNIA POLKI,5901289461023.0,nan,-1.0,1.0,PIEROGI KOPYTKA KROKIETY INNE,DF,1,IP,-1.0,sprzedaz,0,pierogi leniwe 400g kuchnia polki,pierogi kopytka krokiety inne,0,false
49428,2025-12-30 00:00:00,2210423,15.0,14.0,4.0,1.0,0.0,6.6571,6.6571,844.0,DF/PAR/251230/15389/2,21.0,1.0,80.99,80.99,80.99,257.0,PIEROGI LENIWE 400G KUCHNIA POLKI,5901289461023.0,nan,-1.0,1.0,PIEROGI KOPYTKA KROKIETY INNE,DF,1,IP,-1.0,sprzedaz,0,pierogi leniwe 400g kuchnia polki,pierogi kopytka krokiety inne,0,false
49428,2025-12-30 00:00:00,2210423,16.0,15.0,4.0,1.0,0.0,6.6571,6.6571,844.0,DF/PAR/251230/15389/2,21.0,1.0,80.99,80.99,80.99,257.0,PIEROGI LENIWE 400G KUCHNIA POLKI,5901289461023.0,nan,-1.0,1.0,PIEROGI KOPYTKA KROKIETY INNE,DF,1,IP,-1.0,sprzedaz,0,pierogi leniwe 400g kuchnia polki,pierogi kopytka krokiety inne,0,false
49428,2025-12-31 00:00:00,-1,0.0,0.0,4.0,0.0,0.0,6.6571,0.0,-1.0,brak,21.0,1.0,0.0,0.0,0.0,257.0,PIEROGI LENIWE 400G KUCHNIA POLKI,5901289461023.0,brak,-1.0,1.0,PIEROGI KOPYTKA KROKIETY INNE,DF,0,IP,0.0,sprzedaz,0,pierogi leniwe 400g kuchnia polki,pierogi kopytka krokiety inne,0,false
49428,2026-01-01 00:00:00,-1,0.0,0.0,4.0,0.0,0.0,6.6571,0.0,-1.0,brak,21.0,1.0,0.0,0.0,0.0,257.0,PIEROGI LENIWE 400G KUCHNIA POLKI,5901289461023.0,brak,-1.0,1.0,PIEROGI KOPYTKA KROKIETY INNE,DF,0,IP,0.0,sprzedaz,0,pierogi leniwe 400g kuchnia polki,pierogi kopytka krokiety inne,0,false
49428,2026-01-02 00:00:00,-1,0.0,0.0,4.0,0.0,0.0,6.6571,0.0,-1.0,brak,21.0,1.0,0.0,0.0,0.0,257.0,PIEROGI LENIWE 400G KUCHNIA POLKI,5901289461023.0,brak,-1.0,1.0,PIEROGI KOPYTKA KROKIETY INNE,DF,0,IP,0.0,sprzedaz,0,pierogi leniwe 400g kuchnia polki,pierogi kopytka krokiety inne,0,false
49428,2026-01-03 00:00:00,-1,0.0,0.0,4.0,0.0,0.0,6.6571,0.0,-1.0,brak,21.0,1.0,0.0,0.0,0.0,257.0,PIEROGI LENIWE 400G KUCHNIA POLKI,5901289461023.0,brak,-1.0,1.0,PIEROGI KOPYTKA KROKIETY INNE,DF,0,IP,0.0,sprzedaz,0,pierogi leniwe 400g kuchnia polki,pierogi kopytka krokiety inne,0,false
49428,2026-01-04 00:00:00,-1,0.0,0.0,4.0,0.0,0.0,6.6571,0.0,-1.0,brak,21.0,1.0,0.0,0.0,0.0,257.0,PIEROGI LENIWE 400G KUCHNIA POLKI,5901289461023.0,brak,-1.0,1.0,PIEROGI KOPYTKA KROKIETY INNE,DF,0,IP,0.0,sprzedaz,0,pierogi leniwe 400g kuchnia polki,pierogi kopytka krokiety inne,0,false
49428,2026-01-05 00:00:00,-1,0.0,0.0,4.0,0.0,0.0,6.6571,0.0,-1.0,brak,21.0,1.0,0.0,0.0,0.0,257.0,PIEROGI LENIWE 400G KUCHNIA POLKI,5901289461023.0,brak,-1.0,1.0,PIEROGI KOPYTKA KROKIETY INNE,DF,0,IP,0.0,sprzedaz,0,pierogi leniwe 400g kuchnia polki,pierogi kopytka krokiety inne,0,false
49428,2026-01-06 00:00:00,-1,0.0,0.0,4.0,0.0,0.0,6.6571,0.0,-1.0,brak,21.0,1.0,0.0,0.0,0.0,257.0,PIEROGI LENIWE 400G KUCHNIA POLKI,5901289461023.0,brak,-1.0,1.0,PIEROGI KOPYTKA KROKIETY INNE,DF,0,IP,0.0,sprzedaz,0,pierogi leniwe 400g kuchnia polki,pierogi kopytka krokiety inne,0,false
49428,2026-01-07 00:00:00,-1,0.0,0.0,4.0,0.0,0.0,6.6571,0.0,-1.0,brak,21.0,1.0,0.0,0.0,0.0,257.0,PIEROGI LENIWE 400G KUCHNIA POLKI,5901289461023.0,brak,-1.0,1.0,PIEROGI KOPYTKA KROKIETY INNE,DF,0,IP,0.0,sprzedaz,0,pierogi leniwe 400g kuchnia polki,pierogi kopytka krokiety inne,0,false
49428,2026-01-08 00:00:00,-1,0.0,0.0,4.0,0.0,0.0,6.6571,0.0,-1.0,brak,21.0,1.0,0.0,0.0,0.0,257.0,PIEROGI LENIWE 400G KUCHNIA POLKI,5901289461023.0,brak,-1.0,1.0,PIEROGI KOPYTKA KROKIETY INNE,DF,0,IP,0.0,sprzedaz,0,pierogi leniwe 400g kuchnia polki,pierogi kopytka krokiety inne,0,false
49428,2026-01-09 00:00:00,-1,0.0,0.0,4.0,0.0,0.0,6.6571,0.0,-1.0,brak,21.0,1.0,0.0,0.0,0.0,257.0,PIEROGI LENIWE 400G KUCHNIA POLKI,5901289461023.0,brak,-1.0,1.0,PIEROGI KOPYTKA KROKIETY INNE,DF,0,IP,0.0,sprzedaz,0,pierogi leniwe 400g kuchnia polki,pierogi kopytka krokiety inne,0,false
49428,2026-01-10 00:00:00,-1,0.0,0.0,4.0,0.0,0.0,6.6571,0.0,-1.0,brak,21.0,1.0,0.0,0.0,0.0,257.0,PIEROGI LENIWE 400G KUCHNIA POLKI,5901289461023.0,brak,-1.0,1.0,PIEROGI KOPYTKA KROKIETY INNE,DF,0,IP,0.0,sprzedaz,0,pierogi leniwe 400g kuchnia polki,pierogi kopytka krokiety inne,0,false
49428,2026-01-11 00:00:00,-1,0.0,0.0,4.0,0.0,0.0,6.6571,0.0,-1.0,brak,21.0,1.0,0.0,0.0,0.0,257.0,PIEROGI LENIWE 400G KUCHNIA POLKI,5901289461023.0,brak,-1.0,1.0,PIEROGI KOPYTKA KROKIETY INNE,DF,0,IP,0.0,sprzedaz,0,pierogi leniwe 400g kuchnia polki,pierogi kopytka krokiety inne,0,false
49428,2026-01-12 00:00:00,-1,0.0,0.0,4.0,0.0,0.0,6.6571,0.0,-1.0,brak,21.0,1.0,0.0,0.0,0.0,257.0,PIEROGI LENIWE 400G KUCHNIA POLKI,5901289461023.0,brak,-1.0,1.0,PIEROGI KOPYTKA KROKIETY INNE,DF,0,IP,0.0,sprzedaz,0,pierogi leniwe 400g kuchnia polki,pierogi kopytka krokiety inne,0,false
49428,2026-01-13 00:00:00,-1,0.0,0.0,4.0,0.0,0.0,6.6571,0.0,-1.0,brak,21.0,1.0,0.0,0.0,0.0,257.0,PIEROGI LENIWE 400G KUCHNIA POLKI,5901289461023.0,brak,-1.0,1.0,PIEROGI KOPYTKA KROKIETY INNE,DF,0,IP,0.0,sprzedaz,0,pierogi leniwe 400g kuchnia polki,pierogi kopytka krokiety inne,0,false
52914,2025-12-13 00:00:00,2196801,6.0,6.0,4.0,1.0,0.0,6.181,6.181,351.0,DF/PAR/251213/2141/1,21.0,1.0,58.23,58.23,58.23,319.0,PRZEC KLUSKI SZARE 400G KUCHNIA POLKI,331087.0,nan,-1.0,1.0,***PRZECENY,DF,1,IP,-1.0,sprzedaz,0,przec kluski szare 400g kuchnia polki,przeceny,0,false
52914,2025-12-13 00:00:00,2197034,1.0,1.0,4.0,1.0,0.0,6.181,6.181,584.0,DF/PAR/251213/2264/1,21.0,1.0,21.21,21.21,21.21,319.0,PRZEC KLUSKI SZARE 400G KUCHNIA POLKI,331087.0,nan,-1.0,1.0,***PRZECENY,DF,1,IP,-1.0,sprzedaz,0,przec kluski szare 400g kuchnia polki,przeceny,0,false
52914,2025-12-14 00:00:00,-1,0.0,0.0,4.0,0.0,0.0,6.181,0.0,-1.0,brak,21.0,1.0,0.0,0.0,0.0,319.0,PRZEC KLUSKI SZARE 400G KUCHNIA POLKI,331087.0,brak,-1.0,1.0,***PRZECENY,DF,0,IP,0.0,sprzedaz,0,przec kluski szare 400g kuchnia polki,przeceny,0,false
52914,2025-12-15 00:00:00,-1,0.0,0.0,4.0,0.0,0.0,6.181,0.0,-1.0,brak,21.0,1.0,0.0,0.0,0.0,319.0,PRZEC KLUSKI SZARE 400G KUCHNIA POLKI,331087.0,brak,-1.0,1.0,***PRZECENY,DF,0,IP,0.0,sprzedaz,0,przec kluski szare 400g kuchnia polki,przeceny,0,false
52914,2025-12-16 00:00:00,-1,0.0,0.0,4.0,0.0,0.0,6.181,0.0,-1.0,brak,21.0,1.0,0.0,0.0,0.0,319.0,PRZEC KLUSKI SZARE 400G KUCHNIA POLKI,331087.0,brak,-1.0,1.0,***PRZECENY,DF,0,IP,0.0,sprzedaz,0,przec kluski szare 400g kuchnia polki,przeceny,0,false
52914,2025-12-17 00:00:00,-1,0.0,0.0,4.0,0.0,0.0,6.181,0.0,-1.0,brak,21.0,1.0,0.0,0.0,0.0,319.0,PRZEC KLUSKI SZARE 400G KUCHNIA POLKI,331087.0,brak,-1.0,1.0,***PRZECENY,DF,0,IP,0.0,sprzedaz,0,przec kluski szare 400g kuchnia polki,przeceny,0,false
52914,2025-12-18 00:00:00,-1,0.0,0.0,4.0,0.0,0.0,6.181,0.0,-1.0,brak,21.0,1.0,0.0,0.0,0.0,319.0,PRZEC KLUSKI SZARE 400G KUCHNIA POLKI,331087.0,brak,-1.0,1.0,***PRZECENY,DF,0,IP,0.0,sprzedaz,0,przec kluski szare 400g kuchnia polki,przeceny,0,false
52914,2025-12-19 00:00:00,-1,0.0,0.0,4.0,0.0,0.0,6.181,0.0,-1.0,brak,21.0,1.0,0.0,0.0,0.0,319.0,PRZEC KLUSKI SZARE 400G KUCHNIA POLKI,331087.0,brak,-1.0,1.0,***PRZECENY,DF,0,IP,0.0,sprzedaz,0,przec kluski szare 400g kuchnia polki,przeceny,0,false
52914,2025-12-20 00:00:00,2204354,12.0,12.0,4.0,2.0,0.0,6.5238,13.0476,970.0,DF/PAR/251220/12578/2,21.0,1.0,206.42,206.42,206.42,319.0,PRZEC KLUSKI SZARE 400G KUCHNIA POLKI,331087.0,nan,-1.0,1.0,***PRZECENY,DF,1,IP,-1.0,sprzedaz,0,przec kluski szare 400g kuchnia polki,przeceny,0,false
52914,2025-12-21 00:00:00,-1,0.0,0.0,4.0,0.0,0.0,6.5238,0.0,-1.0,brak,21.0,1.0,0.0,0.0,0.0,319.0,PRZEC KLUSKI SZARE 400G KUCHNIA POLKI,331087.0,brak,-1.0,1.0,***PRZECENY,DF,0,IP,0.0,sprzedaz,0,przec kluski szare 400g kuchnia polki,przeceny,0,false
52914,2025-12-22 00:00:00,-1,0.0,0.0,4.0,0.0,0.0,6.5238,0.0,-1.0,brak,21.0,1.0,0.0,0.0,0.0,319.0,PRZEC KLUSKI SZARE 400G KUCHNIA POLKI,331087.0,brak,-1.0,1.0,***PRZECENY,DF,0,IP,0.0,sprzedaz,0,przec kluski szare 400g kuchnia polki,przeceny,0,false
52914,2025-12-23 00:00:00,-1,0.0,0.0,4.0,0.0,0.0,6.5238,0.0,-1.0,brak,21.0,1.0,0.0,0.0,0.0,319.0,PRZEC KLUSKI SZARE 400G KUCHNIA POLKI,331087.0,brak,-1.0,1.0,***PRZECENY,DF,0,IP,0.0,sprzedaz,0,przec kluski szare 400g kuchnia polki,przeceny,0,false
52914,2025-12-24 00:00:00,-1,0.0,0.0,4.0,0.0,0.0,6.5238,0.0,-1.0,brak,21.0,1.0,0.0,0.0,0.0,319.0,PRZEC KLUSKI SZARE 400G KUCHNIA POLKI,331087.0,brak,-1.0,1.0,***PRZECENY,DF,0,IP,0.0,sprzedaz,0,przec kluski szare 400g kuchnia polki,przeceny,0,false
52914,2025-12-25 00:00:00,-1,0.0,0.0,4.0,0.0,0.0,6.5238,0.0,-1.0,brak,21.0,1.0,0.0,0.0,0.0,319.0,PRZEC KLUSKI SZARE 400G KUCHNIA POLKI,331087.0,brak,-1.0,1.0,***PRZECENY,DF,0,IP,0.0,sprzedaz,0,przec kluski szare 400g kuchnia polki,przeceny,0,false
52914,2025-12-26 00:00:00,-1,0.0,0.0,4.0,0.0,0.0,6.5238,0.0,-1.0,brak,21.0,1.0,0.0,0.0,0.0,319.0,PRZEC KLUSKI SZARE 400G KUCHNIA POLKI,331087.0,brak,-1.0,1.0,***PRZECENY,DF,0,IP,0.0,sprzedaz,0,przec kluski szare 400g kuchnia polki,przeceny,0,false
52914,2025-12-27 00:00:00,-1,0.0,0.0,4.0,0.0,0.0,6.5238,0.0,-1.0,brak,21.0,1.0,0.0,0.0,0.0,319.0,PRZEC KLUSKI SZARE 400G KUCHNIA POLKI,331087.0,brak,-1.0,1.0,***PRZECENY,DF,0,IP,0.0,sprzedaz,0,przec kluski szare 400g kuchnia polki,przeceny,0,false
52914,2025-12-28 00:00:00,-1,0.0,0.0,4.0,0.0,0.0,6.5238,0.0,-1.0,brak,21.0,1.0,0.0,0.0,0.0,319.0,PRZEC KLUSKI SZARE 400G KUCHNIA POLKI,331087.0,brak,-1.0,1.0,***PRZECENY,DF,0,IP,0.0,sprzedaz,0,przec kluski szare 400g kuchnia polki,przeceny,0,false
52914,2025-12-29 00:00:00,-1,0.0,0.0,4.0,0.0,0.0,6.5238,0.0,-1.0,brak,21.0,1.0,0.0,0.0,0.0,319.0,PRZEC KLUSKI SZARE 400G KUCHNIA POLKI,331087.0,brak,-1.0,1.0,***PRZECENY,DF,0,IP,0.0,sprzedaz,0,przec kluski szare 400g kuchnia polki,przeceny,0,false
52914,2025-12-30 00:00:00,-1,0.0,0.0,4.0,0.0,0.0,6.5238,0.0,-1.0,brak,21.0,1.0,0.0,0.0,0.0,319.0,PRZEC KLUSKI SZARE 400G KUCHNIA POLKI,331087.0,brak,-1.0,1.0,***PRZECENY,DF,0,IP,0.0,sprzedaz,0,przec kluski szare 400g kuchnia polki,przeceny,0,false
52914,2025-12-31 00:00:00,-1,0.0,0.0,4.0,0.0,0.0,6.5238,0.0,-1.0,brak,21.0,1.0,0.0,0.0,0.0,319.0,PRZEC KLUSKI SZARE 400G KUCHNIA POLKI,331087.0,brak,-1.0,1.0,***PRZECENY,DF,0,IP,0.0,sprzedaz,0,przec kluski szare 400g kuchnia polki,przeceny,0,false
52914,2026-01-01 00:00:00,-1,0.0,0.0,4.0,0.0,0.0,6.5238,0.0,-1.0,brak,21.0,1.0,0.0,0.0,0.0,319.0,PRZEC KLUSKI SZARE 400G KUCHNIA POLKI,331087.0,brak,-1.0,1.0,***PRZECENY,DF,0,IP,0.0,sprzedaz,0,przec kluski szare 400g kuchnia polki,przeceny,0,false
52914,2026-01-02 00:00:00,-1,0.0,0.0,4.0,0.0,0.0,6.5238,0.0,-1.0,brak,21.0,1.0,0.0,0.0,0.0,319.0,PRZEC KLUSKI SZARE 400G KUCHNIA POLKI,331087.0,brak,-1.0,1.0,***PRZECENY,DF,0,IP,0.0,sprzedaz,0,przec kluski szare 400g kuchnia polki,przeceny,0,false
52914,2026-01-03 00:00:00,-1,0.0,0.0,4.0,0.0,0.0,6.5238,0.0,-1.0,brak,21.0,1.0,0.0,0.0,0.0,319.0,PRZEC KLUSKI SZARE 400G KUCHNIA POLKI,331087.0,brak,-1.0,1.0,***PRZECENY,DF,0,IP,0.0,sprzedaz,0,przec kluski szare 400g kuchnia polki,przeceny,0,false
67437,2025-12-15 00:00:00,2198456,4.0,4.0,4.0,1.0,0.0,8.5619,8.5619,605.0,DF/PAR/251215/2517/1,21.0,1.0,40.85,40.85,40.85,257.0,KLUSKI Z MAKIEM 500G KUCHNIA POLKI,5901289465090.0,nan,-1.0,1.0,PIEROGI KOPYTKA KROKIETY INNE,DF,1,IP,-1.0,sprzedaz,0,kluski z makiem 500g kuchnia polki,pierogi kopytka krokiety inne,0,false
67437,2025-12-15 00:00:00,2198626,4.0,4.0,4.0,1.0,0.0,8.5619,8.5619,773.0,DF/PAR/251215/2544/1,21.0,1.0,56.72,56.72,56.72,257.0,KLUSKI Z MAKIEM 500G KUCHNIA POLKI,5901289465090.0,nan,-1.0,1.0,PIEROGI KOPYTKA KROKIETY INNE,DF,1,IP,-1.0,sprzedaz,0,kluski z makiem 500g kuchnia polki,pierogi kopytka krokiety inne,0,false
67437,2025-12-16 00:00:00,2199879,5.0,5.0,4.0,1.0,0.0,8.5619,8.5619,952.0,DF/PAR/251216/2715/1,21.0,1.0,27.85,27.85,27.85,257.0,KLUSKI Z MAKIEM 500G KUCHNIA POLKI,5901289465090.0,nan,-1.0,1.0,PIEROGI KOPYTKA KROKIETY INNE,DF,1,IP,-1.0,sprzedaz,0,kluski z makiem 500g kuchnia polki,pierogi kopytka krokiety inne,0,false
67437,2025-12-17 00:00:00,2200083,5.0,5.0,4.0,1.0,0.0,8.5619,8.5619,119.0,DF/PAR/251217/2727/1,21.0,1.0,44.95,44.95,44.95,257.0,KLUSKI Z MAKIEM 500G KUCHNIA POLKI,5901289465090.0,nan,-1.0,1.0,PIEROGI KOPYTKA KROKIETY INNE,DF,1,IP,-1.0,sprzedaz,0,kluski z makiem 500g kuchnia polki,pierogi kopytka krokiety inne,0,false
67437,2025-12-17 00:00:00,2200491,2.0,2.0,4.0,1.0,0.0,8.5619,8.5619,527.0,DF/PAR/251217/10206/2,21.0,1.0,14.18,14.18,14.18,257.0,KLUSKI Z MAKIEM 500G KUCHNIA POLKI,5901289465090.0,nan,-1.0,1.0,PIEROGI KOPYTKA KROKIETY INNE,DF,1,IP,-1.0,sprzedaz,0,kluski z makiem 500g kuchnia polki,pierogi kopytka krokiety inne,0,false
67437,2025-12-18 00:00:00,-1,0.0,0.0,4.0,0.0,0.0,8.5619,0.0,-1.0,brak,21.0,1.0,0.0,0.0,0.0,257.0,KLUSKI Z MAKIEM 500G KUCHNIA POLKI,5901289465090.0,brak,-1.0,1.0,PIEROGI KOPYTKA KROKIETY INNE,DF,0,IP,0.0,sprzedaz,0,kluski z makiem 500g kuchnia polki,pierogi kopytka krokiety inne,0,false
67437,2025-12-19 00:00:00,-1,0.0,0.0,4.0,0.0,0.0,8.5619,0.0,-1.0,brak,21.0,1.0,0.0,0.0,0.0,257.0,KLUSKI Z MAKIEM 500G KUCHNIA POLKI,5901289465090.0,brak,-1.0,1.0,PIEROGI KOPYTKA KROKIETY INNE,DF,0,IP,0.0,sprzedaz,0,kluski z makiem 500g kuchnia polki,pierogi kopytka krokiety inne,0,false
67437,2025-12-20 00:00:00,-1,0.0,0.0,4.0,0.0,0.0,8.5619,0.0,-1.0,brak,21.0,1.0,0.0,0.0,0.0,257.0,KLUSKI Z MAKIEM 500G KUCHNIA POLKI,5901289465090.0,brak,-1.0,1.0,PIEROGI KOPYTKA KROKIETY INNE,DF,0,IP,0.0,sprzedaz,0,kluski z makiem 500g kuchnia polki,pierogi kopytka krokiety inne,0,false
67437,2025-12-21 00:00:00,-1,0.0,0.0,4.0,0.0,0.0,8.5619,0.0,-1.0,brak,21.0,1.0,0.0,0.0,0.0,257.0,KLUSKI Z MAKIEM 500G KUCHNIA POLKI,5901289465090.0,brak,-1.0,1.0,PIEROGI KOPYTKA KROKIETY INNE,DF,0,IP,0.0,sprzedaz,0,kluski z makiem 500g kuchnia polki,pierogi kopytka krokiety inne,0,false
67437,2025-12-22 00:00:00,-1,0.0,0.0,4.0,0.0,0.0,8.5619,0.0,-1.0,brak,21.0,1.0,0.0,0.0,0.0,257.0,KLUSKI Z MAKIEM 500G KUCHNIA POLKI,5901289465090.0,brak,-1.0,1.0,PIEROGI KOPYTKA KROKIETY INNE,DF,0,IP,0.0,sprzedaz,0,kluski z makiem 500g kuchnia polki,pierogi kopytka krokiety inne,0,false
67437,2025-12-23 00:00:00,-1,0.0,0.0,4.0,0.0,0.0,8.5619,0.0,-1.0,brak,21.0,1.0,0.0,0.0,0.0,257.0,KLUSKI Z MAKIEM 500G KUCHNIA POLKI,5901289465090.0,brak,-1.0,1.0,PIEROGI KOPYTKA KROKIETY INNE,DF,0,IP,0.0,sprzedaz,0,kluski z makiem 500g kuchnia polki,pierogi kopytka krokiety inne,0,false
67437,2025-12-24 00:00:00,-1,0.0,0.0,4.0,0.0,0.0,8.5619,0.0,-1.0,brak,21.0,1.0,0.0,0.0,0.0,257.0,KLUSKI Z MAKIEM 500G KUCHNIA POLKI,5901289465090.0,brak,-1.0,1.0,PIEROGI KOPYTKA KROKIETY INNE,DF,0,IP,0.0,sprzedaz,0,kluski z makiem 500g kuchnia polki,pierogi kopytka krokiety inne,0,false
67437,2025-12-25 00:00:00,-1,0.0,0.0,4.0,0.0,0.0,8.5619,0.0,-1.0,brak,21.0,1.0,0.0,0.0,0.0,257.0,KLUSKI Z MAKIEM 500G KUCHNIA POLKI,5901289465090.0,brak,-1.0,1.0,PIEROGI KOPYTKA KROKIETY INNE,DF,0,IP,0.0,sprzedaz,0,kluski z makiem 500g kuchnia polki,pierogi kopytka krokiety inne,0,false
67437,2025-12-26 00:00:00,-1,0.0,0.0,4.0,0.0,0.0,8.5619,0.0,-1.0,brak,21.0,1.0,0.0,0.0,0.0,257.0,KLUSKI Z MAKIEM 500G KUCHNIA POLKI,5901289465090.0,brak,-1.0,1.0,PIEROGI KOPYTKA KROKIETY INNE,DF,0,IP,0.0,sprzedaz,0,kluski z makiem 500g kuchnia polki,pierogi kopytka krokiety inne,0,false
67437,2025-12-27 00:00:00,-1,0.0,0.0,4.0,0.0,0.0,8.5619,0.0,-1.0,brak,21.0,1.0,0.0,0.0,0.0,257.0,KLUSKI Z MAKIEM 500G KUCHNIA POLKI,5901289465090.0,brak,-1.0,1.0,PIEROGI KOPYTKA KROKIETY INNE,DF,0,IP,0.0,sprzedaz,0,kluski z makiem 500g kuchnia polki,pierogi kopytka krokiety inne,0,false
67437,2025-12-28 00:00:00,-1,0.0,0.0,4.0,0.0,0.0,8.5619,0.0,-1.0,brak,21.0,1.0,0.0,0.0,0.0,257.0,KLUSKI Z MAKIEM 500G KUCHNIA POLKI,5901289465090.0,brak,-1.0,1.0,PIEROGI KOPYTKA KROKIETY INNE,DF,0,IP,0.0,sprzedaz,0,kluski z makiem 500g kuchnia polki,pierogi kopytka krokiety inne,0,false
67437,2025-12-29 00:00:00,-1,0.0,0.0,4.0,0.0,0.0,8.5619,0.0,-1.0,brak,21.0,1.0,0.0,0.0,0.0,257.0,KLUSKI Z MAKIEM 500G KUCHNIA POLKI,5901289465090.0,brak,-1.0,1.0,PIEROGI KOPYTKA KROKIETY INNE,DF,0,IP,0.0,sprzedaz,0,kluski z makiem 500g kuchnia polki,pierogi kopytka krokiety inne,0,false
67437,2025-12-30 00:00:00,-1,0.0,0.0,4.0,0.0,0.0,8.5619,0.0,-1.0,brak,21.0,1.0,0.0,0.0,0.0,257.0,KLUSKI Z MAKIEM 500G KUCHNIA POLKI,5901289465090.0,brak,-1.0,1.0,PIEROGI KOPYTKA KROKIETY INNE,DF,0,IP,0.0,sprzedaz,0,kluski z makiem 500g kuchnia polki,pierogi kopytka krokiety inne,0,false
67437,2025-12-31 00:00:00,-1,0.0,0.0,4.0,0.0,0.0,8.5619,0.0,-1.0,brak,21.0,1.0,0.0,0.0,0.0,257.0,KLUSKI Z MAKIEM 500G KUCHNIA POLKI,5901289465090.0,brak,-1.0,1.0,PIEROGI KOPYTKA KROKIETY INNE,DF,0,IP,0.0,sprzedaz,0,kluski z makiem 500g kuchnia polki,pierogi kopytka krokiety inne,0,false
80850,2025-12-15 00:00:00,2198628,6.0,6.0,4.0,1.0,0.0,40.6423,40.6423,775.0,DF/PAR/251215/8950/2,21.0,1.0,143.37,143.37,143.37,8.0,"WÓDKA CZARNA OLCHA ORGANIC 40% 0,5L PC",5900718332392.0,nan,-1.0,1.0,3 WÓDKI I NAP.ALK POWYŻEJ 18%,DF,1,IP,-1.0,sprzedaz,0,wodka czarna olcha organic 40 0 5l pc,3 wodki i nap alk powyzej 18,0,false
80850,2025-12-15 00:00:00,2198628,7.0,7.0,4.0,1.0,0.0,40.6423,40.6423,775.0,DF/PAR/251215/8950/2,21.0,1.0,143.37,143.37,143.37,8.0,"WÓDKA CZARNA OLCHA ORGANIC 40% 0,5L PC",5900718332392.0,nan,-1.0,1.0,3 WÓDKI I NAP.ALK POWYŻEJ 18%,DF,1,IP,-1.0,sprzedaz,0,wodka czarna olcha organic 40 0 5l pc,3 wodki i nap alk powyzej 18,0,false
80850,2025-12-16 00:00:00,-1,0.0,0.0,4.0,0.0,0.0,40.6423,0.0,-1.0,brak,21.0,1.0,0.0,0.0,0.0,8.0,"WÓDKA CZARNA OLCHA ORGANIC 40% 0,5L PC",5900718332392.0,brak,-1.0,1.0,3 WÓDKI I NAP.ALK POWYŻEJ 18%,DF,0,IP,0.0,sprzedaz,0,wodka czarna olcha organic 40 0 5l pc,3 wodki i nap alk powyzej 18,0,false
80850,2025-12-17 00:00:00,-1,0.0,0.0,4.0,0.0,0.0,40.6423,0.0,-1.0,brak,21.0,1.0,0.0,0.0,0.0,8.0,"WÓDKA CZARNA OLCHA ORGANIC 40% 0,5L PC",5900718332392.0,brak,-1.0,1.0,3 WÓDKI I NAP.ALK POWYŻEJ 18%,DF,0,IP,0.0,sprzedaz,0,wodka czarna olcha organic 40 0 5l pc,3 wodki i nap alk powyzej 18,0,false
80850,2025-12-18 00:00:00,-1,0.0,0.0,4.0,0.0,0.0,40.6423,0.0,-1.0,brak,21.0,1.0,0.0,0.0,0.0,8.0,"WÓDKA CZARNA OLCHA ORGANIC 40% 0,5L PC",5900718332392.0,brak,-1.0,1.0,3 WÓDKI I NAP.ALK POWYŻEJ 18%,DF,0,IP,0.0,sprzedaz,0,wodka czarna olcha organic 40 0 5l pc,3 wodki i nap alk powyzej 18,0,false
80850,2025-12-19 00:00:00,-1,0.0,0.0,4.0,0.0,0.0,40.6423,0.0,-1.0,brak,21.0,1.0,0.0,0.0,0.0,8.0,"WÓDKA CZARNA OLCHA ORGANIC 40% 0,5L PC",5900718332392.0,brak,-1.0,1.0,3 WÓDKI I NAP.ALK POWYŻEJ 18%,DF,0,IP,0.0,sprzedaz,0,wodka czarna olcha organic 40 0 5l pc,3 wodki i nap alk powyzej 18,0,false
80850,2025-12-20 00:00:00,-1,0.0,0.0,4.0,0.0,0.0,40.6423,0.0,-1.0,brak,21.0,1.0,0.0,0.0,0.0,8.0,"WÓDKA CZARNA OLCHA ORGANIC 40% 0,5L PC",5900718332392.0,brak,-1.0,1.0,3 WÓDKI I NAP.ALK POWYŻEJ 18%,DF,0,IP,0.0,sprzedaz,0,wodka czarna olcha organic 40 0 5l pc,3 wodki i nap alk powyzej 18,0,false
80850,2025-12-21 00:00:00,-1,0.0,0.0,4.0,0.0,0.0,40.6423,0.0,-1.0,brak,21.0,1.0,0.0,0.0,0.0,8.0,"WÓDKA CZARNA OLCHA ORGANIC 40% 0,5L PC",5900718332392.0,brak,-1.0,1.0,3 WÓDKI I NAP.ALK POWYŻEJ 18%,DF,0,IP,0.0,sprzedaz,0,wodka czarna olcha organic 40 0 5l pc,3 wodki i nap alk powyzej 18,0,false
80850,2025-12-22 00:00:00,-1,0.0,0.0,4.0,0.0,0.0,40.6423,0.0,-1.0,brak,21.0,1.0,0.0,0.0,0.0,8.0,"WÓDKA CZARNA OLCHA ORGANIC 40% 0,5L PC",5900718332392.0,brak,-1.0,1.0,3 WÓDKI I NAP.ALK POWYŻEJ 18%,DF,0,IP,0.0,sprzedaz,0,wodka czarna olcha organic 40 0 5l pc,3 wodki i nap alk powyzej 18,0,false
80850,2025-12-23 00:00:00,-1,0.0,0.0,4.0,0.0,0.0,40.6423,0.0,-1.0,brak,21.0,1.0,0.0,0.0,0.0,8.0,"WÓDKA CZARNA OLCHA ORGANIC 40% 0,5L PC",5900718332392.0,brak,-1.0,1.0,3 WÓDKI I NAP.ALK POWYŻEJ 18%,DF,0,IP,0.0,sprzedaz,0,wodka czarna olcha organic 40 0 5l pc,3 wodki i nap alk powyzej 18,0,false
80850,2025-12-24 00:00:00,-1,0.0,0.0,4.0,0.0,0.0,40.6423,0.0,-1.0,brak,21.0,1.0,0.0,0.0,0.0,8.0,"WÓDKA CZARNA OLCHA ORGANIC 40% 0,5L PC",5900718332392.0,brak,-1.0,1.0,3 WÓDKI I NAP.ALK POWYŻEJ 18%,DF,0,IP,0.0,sprzedaz,0,wodka czarna olcha organic 40 0 5l pc,3 wodki i nap alk powyzej 18,0,false
80850,2025-12-25 00:00:00,-1,0.0,0.0,4.0,0.0,0.0,40.6423,0.0,-1.0,brak,21.0,1.0,0.0,0.0,0.0,8.0,"WÓDKA CZARNA OLCHA ORGANIC 40% 0,5L PC",5900718332392.0,brak,-1.0,1.0,3 WÓDKI I NAP.ALK POWYŻEJ 18%,DF,0,IP,0.0,sprzedaz,0,wodka czarna olcha organic 40 0 5l pc,3 wodki i nap alk powyzej 18,0,false
80850,2025-12-26 00:00:00,-1,0.0,0.0,4.0,0.0,0.0,40.6423,0.0,-1.0,brak,21.0,1.0,0.0,0.0,0.0,8.0,"WÓDKA CZARNA OLCHA ORGANIC 40% 0,5L PC",5900718332392.0,brak,-1.0,1.0,3 WÓDKI I NAP.ALK POWYŻEJ 18%,DF,0,IP,0.0,sprzedaz,0,wodka czarna olcha organic 40 0 5l pc,3 wodki i nap alk powyzej 18,0,false
80850,2025-12-27 00:00:00,-1,0.0,0.0,4.0,0.0,0.0,40.6423,0.0,-1.0,brak,21.0,1.0,0.0,0.0,0.0,8.0,"WÓDKA CZARNA OLCHA ORGANIC 40% 0,5L PC",5900718332392.0,brak,-1.0,1.0,3 WÓDKI I NAP.ALK POWYŻEJ 18%,DF,0,IP,0.0,sprzedaz,0,wodka czarna olcha organic 40 0 5l pc,3 wodki i nap alk powyzej 18,0,false
80850,2025-12-28 00:00:00,-1,0.0,0.0,4.0,0.0,0.0,40.6423,0.0,-1.0,brak,21.0,1.0,0.0,0.0,0.0,8.0,"WÓDKA CZARNA OLCHA ORGANIC 40% 0,5L PC",5900718332392.0,brak,-1.0,1.0,3 WÓDKI I NAP.ALK POWYŻEJ 18%,DF,0,IP,0.0,sprzedaz,0,wodka czarna olcha organic 40 0 5l pc,3 wodki i nap alk powyzej 18,0,false
80850,2025-12-29 00:00:00,-1,0.0,0.0,4.0,0.0,0.0,40.6423,0.0,-1.0,brak,21.0,1.0,0.0,0.0,0.0,8.0,"WÓDKA CZARNA OLCHA ORGANIC 40% 0,5L PC",5900718332392.0,brak,-1.0,1.0,3 WÓDKI I NAP.ALK POWYŻEJ 18%,DF,0,IP,0.0,sprzedaz,0,wodka czarna olcha organic 40 0 5l pc,3 wodki i nap alk powyzej 18,0,false
10374,2025-12-16 00:00:00,2198931,2.0,2.0,4.0,1.0,0.0,13.0,13.0,11.0,DF/PAR/251216/9131/2,21.0,1.0,26.47,26.47,26.47,105.0,KAKAO CIEMNE Z GHANY 180G WEDEL,5901588078496.0,WYPIEKI I DESERY,281.0,1.0,KAKAO I ZABIELACZE DO KAWY,DF,1,IP,-1.0,sprzedaz,0,kakao ciemne z ghany 180g wedel,kakao i zabielacze do kawy,0,false
10374,2025-12-17 00:00:00,-1,0.0,0.0,4.0,0.0,0.0,13.0,0.0,-1.0,brak,21.0,1.0,0.0,0.0,0.0,105.0,KAKAO CIEMNE Z GHANY 180G WEDEL,5901588078496.0,brak,281.0,1.0,KAKAO I ZABIELACZE DO KAWY,DF,0,IP,0.0,sprzedaz,0,kakao ciemne z ghany 180g wedel,kakao i zabielacze do kawy,0,false
10374,2025-12-18 00:00:00,-1,0.0,0.0,4.0,0.0,0.0,13.0,0.0,-1.0,brak,21.0,1.0,0.0,0.0,0.0,105.0,KAKAO CIEMNE Z GHANY 180G WEDEL,5901588078496.0,brak,281.0,1.0,KAKAO I ZABIELACZE DO KAWY,DF,0,IP,0.0,sprzedaz,0,kakao ciemne z ghany 180g wedel,kakao i zabielacze do kawy,0,false
10374,2025-12-19 00:00:00,-1,0.0,0.0,4.0,0.0,0.0,13.0,0.0,-1.0,brak,21.0,1.0,0.0,0.0,0.0,105.0,KAKAO CIEMNE Z GHANY 180G WEDEL,5901588078496.0,brak,281.0,1.0,KAKAO I ZABIELACZE DO KAWY,DF,0,IP,0.0,sprzedaz,0,kakao ciemne z ghany 180g wedel,kakao i zabielacze do kawy,0,false
10374,2025-12-20 00:00:00,2203435,1.0,1.0,4.0,1.0,0.0,13.0,13.0,52.0,DF/PAR/251220/12009/2,21.0,1.0,15.99,15.99,15.99,105.0,KAKAO CIEMNE Z GHANY 180G WEDEL,5901588078496.0,WYPIEKI I DESERY,281.0,1.0,KAKAO I ZABIELACZE DO KAWY,DF,1,IP,-1.0,sprzedaz,0,kakao ciemne z ghany 180g wedel,kakao i zabielacze do kawy,0,false
10374,2025-12-21 00:00:00,-1,0.0,0.0,4.0,0.0,0.0,13.0,0.0,-1.0,brak,21.0,1.0,0.0,0.0,0.0,105.0,KAKAO CIEMNE Z GHANY 180G WEDEL,5901588078496.0,brak,281.0,1.0,KAKAO I ZABIELACZE DO KAWY,DF,0,IP,0.0,sprzedaz,0,kakao ciemne z ghany 180g wedel,kakao i zabielacze do kawy,0,false
10374,2025-12-22 00:00:00,2205582,9.0,9.0,4.0,1.0,0.0,13.0,13.0,656.0,DF/PAR/251222/13301/2,21.0,1.0,59.95,59.95,59.95,105.0,KAKAO CIEMNE Z GHANY 180G WEDEL,5901588078496.0,WYPIEKI I DESERY,281.0,1.0,KAKAO I ZABIELACZE DO KAWY,DF,1,IP,-1.0,sprzedaz,0,kakao ciemne z ghany 180g wedel,kakao i zabielacze do kawy,0,false
10374,2025-12-23 00:00:00,-1,0.0,0.0,4.0,0.0,0.0,13.0,0.0,-1.0,brak,21.0,1.0,0.0,0.0,0.0,105.0,KAKAO CIEMNE Z GHANY 180G WEDEL,5901588078496.0,brak,281.0,1.0,KAKAO I ZABIELACZE DO KAWY,DF,0,IP,0.0,sprzedaz,0,kakao ciemne z ghany 180g wedel,kakao i zabielacze do kawy,0,false
10374,2025-12-24 00:00:00,-1,0.0,0.0,4.0,0.0,0.0,13.0,0.0,-1.0,brak,21.0,1.0,0.0,0.0,0.0,105.0,KAKAO CIEMNE Z GHANY 180G WEDEL,5901588078496.0,brak,281.0,1.0,KAKAO I ZABIELACZE DO KAWY,DF,0,IP,0.0,sprzedaz,0,kakao ciemne z ghany 180g wedel,kakao i zabielacze do kawy,0,false
10374,2025-12-25 00:00:00,-1,0.0,0.0,4.0,0.0,0.0,13.0,0.0,-1.0,brak,21.0,1.0,0.0,0.0,0.0,105.0,KAKAO CIEMNE Z GHANY 180G WEDEL,5901588078496.0,brak,281.0,1.0,KAKAO I ZABIELACZE DO KAWY,DF,0,IP,0.0,sprzedaz,0,kakao ciemne z ghany 180g wedel,kakao i zabielacze do kawy,0,false
10374,2025-12-26 00:00:00,-1,0.0,0.0,4.0,0.0,0.0,13.0,0.0,-1.0,brak,21.0,1.0,0.0,0.0,0.0,105.0,KAKAO CIEMNE Z GHANY 180G WEDEL,5901588078496.0,brak,281.0,1.0,KAKAO I ZABIELACZE DO KAWY,DF,0,IP,0.0,sprzedaz,0,kakao ciemne z ghany 180g wedel,kakao i zabielacze do kawy,0,false
10374,2025-12-27 00:00:00,-1,0.0,0.0,4.0,0.0,0.0,13.0,0.0,-1.0,brak,21.0,1.0,0.0,0.0,0.0,105.0,KAKAO CIEMNE Z GHANY 180G WEDEL,5901588078496.0,brak,281.0,1.0,KAKAO I ZABIELACZE DO KAWY,DF,0,IP,0.0,sprzedaz,0,kakao ciemne z ghany 180g wedel,kakao i zabielacze do kawy,0,false
10374,2025-12-28 00:00:00,-1,0.0,0.0,4.0,0.0,0.0,13.0,0.0,-1.0,brak,21.0,1.0,0.0,0.0,0.0,105.0,KAKAO CIEMNE Z GHANY 180G WEDEL,5901588078496.0,brak,281.0,1.0,KAKAO I ZABIELACZE DO KAWY,DF,0,IP,0.0,sprzedaz,0,kakao ciemne z ghany 180g wedel,kakao i zabielacze do kawy,0,false
10374,2025-12-29 00:00:00,-1,0.0,0.0,4.0,0.0,0.0,13.0,0.0,-1.0,brak,21.0,1.0,0.0,0.0,0.0,105.0,KAKAO CIEMNE Z GHANY 180G WEDEL,5901588078496.0,brak,281.0,1.0,KAKAO I ZABIELACZE DO KAWY,DF,0,IP,0.0,sprzedaz,0,kakao ciemne z ghany 180g wedel,kakao i zabielacze do kawy,0,false
10374,2025-12-30 00:00:00,-1,0.0,0.0,4.0,0.0,0.0,13.0,0.0,-1.0,brak,21.0,1.0,0.0,0.0,0.0,105.0,KAKAO CIEMNE Z GHANY 180G WEDEL,5901588078496.0,brak,281.0,1.0,KAKAO I ZABIELACZE DO KAWY,DF,0,IP,0.0,sprzedaz,0,kakao ciemne z ghany 180g wedel,kakao i zabielacze do kawy,0,false
10374,2025-12-31 00:00:00,-1,0.0,0.0,4.0,0.0,0.0,13.0,0.0,-1.0,brak,21.0,1.0,0.0,0.0,0.0,105.0,KAKAO CIEMNE Z GHANY 180G WEDEL,5901588078496.0,brak,281.0,1.0,KAKAO I ZABIELACZE DO KAWY,DF,0,IP,0.0,sprzedaz,0,kakao ciemne z ghany 180g wedel,kakao i zabielacze do kawy,0,false
10374,2026-01-01 00:00:00,-1,0.0,0.0,4.0,0.0,0.0,13.0,0.0,-1.0,brak,21.0,1.0,0.0,0.0,0.0,105.0,KAKAO CIEMNE Z GHANY 180G WEDEL,5901588078496.0,brak,281.0,1.0,KAKAO I ZABIELACZE DO KAWY,DF,0,IP,0.0,sprzedaz,0,kakao ciemne z ghany 180g wedel,kakao i zabielacze do kawy,0,false
10374,2026-01-02 00:00:00,-1,0.0,0.0,4.0,0.0,0.0,13.0,0.0,-1.0,brak,21.0,1.0,0.0,0.0,0.0,105.0,KAKAO CIEMNE Z GHANY 180G WEDEL,5901588078496.0,brak,281.0,1.0,KAKAO I ZABIELACZE DO KAWY,DF,0,IP,0.0,sprzedaz,0,kakao ciemne z ghany 180g wedel,kakao i zabielacze do kawy,0,false
10374,2026-01-03 00:00:00,-1,0.0,0.0,4.0,0.0,0.0,13.0,0.0,-1.0,brak,21.0,1.0,0.0,0.0,0.0,105.0,KAKAO CIEMNE Z GHANY 180G WEDEL,5901588078496.0,brak,281.0,1.0,KAKAO I ZABIELACZE DO KAWY,DF,0,IP,0.0,sprzedaz,0,kakao ciemne z ghany 180g wedel,kakao i zabielacze do kawy,0,false
10374,2026-01-04 00:00:00,-1,0.0,0.0,4.0,0.0,0.0,13.0,0.0,-1.0,brak,21.0,1.0,0.0,0.0,0.0,105.0,KAKAO CIEMNE Z GHANY 180G WEDEL,5901588078496.0,brak,281.0,1.0,KAKAO I ZABIELACZE DO KAWY,DF,0,IP,0.0,sprzedaz,0,kakao ciemne z ghany 180g wedel,kakao i zabielacze do kawy,0,false
10374,2026-01-05 00:00:00,2214763,3.0,3.0,4.0,1.0,0.0,13.0,13.0,951.0,DF/PAR/260105/690/1,21.0,1.0,24.96,24.96,24.96,105.0,KAKAO CIEMNE Z GHANY 180G WEDEL,5901588078496.0,WYPIEKI I DESERY,281.0,1.0,KAKAO I ZABIELACZE DO KAWY,DF,1,IP,-1.0,sprzedaz,0,kakao ciemne z ghany 180g wedel,kakao i zabielacze do kawy,0,false
10374,2026-01-06 00:00:00,-1,0.0,0.0,4.0,0.0,0.0,13.0,0.0,-1.0,brak,21.0,1.0,0.0,0.0,0.0,105.0,KAKAO CIEMNE Z GHANY 180G WEDEL,5901588078496.0,brak,281.0,1.0,KAKAO I ZABIELACZE DO KAWY,DF,0,IP,0.0,sprzedaz,0,kakao ciemne z ghany 180g wedel,kakao i zabielacze do kawy,0,false
10374,2026-01-07 00:00:00,2215105,1.0,1.0,4.0,1.0,0.0,13.0,13.0,41.0,DF/PAR/260107/1915/2,21.0,1.0,25.99,25.99,25.99,105.0,KAKAO CIEMNE Z GHANY 180G WEDEL,5901588078496.0,WYPIEKI I DESERY,281.0,1.0,KAKAO I ZABIELACZE DO KAWY,DF,1,IP,-1.0,sprzedaz,0,kakao ciemne z ghany 180g wedel,kakao i zabielacze do kawy,0,false
10374,2026-01-08 00:00:00,-1,0.0,0.0,4.0,0.0,0.0,13.0,0.0,-1.0,brak,21.0,1.0,0.0,0.0,0.0,105.0,KAKAO CIEMNE Z GHANY 180G WEDEL,5901588078496.0,brak,281.0,1.0,KAKAO I ZABIELACZE DO KAWY,DF,0,IP,0.0,sprzedaz,0,kakao ciemne z ghany 180g wedel,kakao i zabielacze do kawy,0,false
10374,2026-01-09 00:00:00,-1,0.0,0.0,4.0,0.0,0.0,13.0,0.0,-1.0,brak,21.0,1.0,0.0,0.0,0.0,105.0,KAKAO CIEMNE Z GHANY 180G WEDEL,5901588078496.0,brak,281.0,1.0,KAKAO I ZABIELACZE DO KAWY,DF,0,IP,0.0,sprzedaz,0,kakao ciemne z ghany 180g wedel,kakao i zabielacze do kawy,0,false
10374,2026-01-10 00:00:00,-1,0.0,0.0,4.0,0.0,0.0,13.0,0.0,-1.0,brak,21.0,1.0,0.0,0.0,0.0,105.0,KAKAO CIEMNE Z GHANY 180G WEDEL,5901588078496.0,brak,281.0,1.0,KAKAO I ZABIELACZE DO KAWY,DF,0,IP,0.0,sprzedaz,0,kakao ciemne z ghany 180g wedel,kakao i zabielacze do kawy,0,false
10374,2026-01-11 00:00:00,-1,0.0,0.0,4.0,0.0,0.0,13.0,0.0,-1.0,brak,21.0,1.0,0.0,0.0,0.0,105.0,KAKAO CIEMNE Z GHANY 180G WEDEL,5901588078496.0,brak,281.0,1.0,KAKAO I ZABIELACZE DO KAWY,DF,0,IP,0.0,sprzedaz,0,kakao ciemne z ghany 180g wedel,kakao i zabielacze do kawy,0,false
10374,2026-01-12 00:00:00,2219428,10.0,10.0,4.0,1.0,0.0,13.0,13.0,146.0,DF/PAR/260112/4646/2,21.0,1.0,59.19,59.19,59.19,105.0,KAKAO CIEMNE Z GHANY 180G WEDEL,5901588078496.0,WYPIEKI I DESERY,281.0,1.0,KAKAO I ZABIELACZE DO KAWY,DF,1,IP,-1.0,sprzedaz,0,kakao ciemne z ghany 180g wedel,kakao i zabielacze do kawy,0,false
10374,2026-01-13 00:00:00,-1,0.0,0.0,4.0,0.0,0.0,13.0,0.0,-1.0,brak,21.0,1.0,0.0,0.0,0.0,105.0,KAKAO CIEMNE Z GHANY 180G WEDEL,5901588078496.0,brak,281.0,1.0,KAKAO I ZABIELACZE DO KAWY,DF,0,IP,0.0,sprzedaz,0,kakao ciemne z ghany 180g wedel,kakao i zabielacze do kawy,0,false
10374,2026-01-14 00:00:00,-1,0.0,0.0,4.0,0.0,0.0,13.0,0.0,-1.0,brak,21.0,1.0,0.0,0.0,0.0,105.0,KAKAO CIEMNE Z GHANY 180G WEDEL,5901588078496.0,brak,281.0,1.0,KAKAO I ZABIELACZE DO KAWY,DF,0,IP,0.0,sprzedaz,0,kakao ciemne z ghany 180g wedel,kakao i zabielacze do kawy,0,false
10374,2026-01-15 00:00:00,-1,0.0,0.0,4.0,0.0,0.0,13.0,0.0,-1.0,brak,21.0,1.0,0.0,0.0,0.0,105.0,KAKAO CIEMNE Z GHANY 180G WEDEL,5901588078496.0,brak,281.0,1.0,KAKAO I ZABIELACZE DO KAWY,DF,0,IP,0.0,sprzedaz,0,kakao ciemne z ghany 180g wedel,kakao i zabielacze do kawy,0,false
10374,2026-01-16 00:00:00,2224134,4.0,4.0,4.0,1.0,0.0,13.0,13.0,912.0,DF/PAR/260116/3163/1,21.0,1.0,82.58,82.58,82.58,105.0,KAKAO CIEMNE Z GHANY 180G WEDEL,5901588078496.0,WYPIEKI I DESERY,281.0,1.0,KAKAO I ZABIELACZE DO KAWY,DF,1,IP,-1.0,sprzedaz,0,kakao ciemne z ghany 180g wedel,kakao i zabielacze do kawy,0,false
10374,2026-01-17 00:00:00,-1,0.0,0.0,4.0,0.0,0.0,13.0,0.0,-1.0,brak,21.0,1.0,0.0,0.0,0.0,105.0,KAKAO CIEMNE Z GHANY 180G WEDEL,5901588078496.0,brak,281.0,1.0,KAKAO I ZABIELACZE DO KAWY,DF,0,IP,0.0,sprzedaz,0,kakao ciemne z ghany 180g wedel,kakao i zabielacze do kawy,0,false
10374,2026-01-18 00:00:00,-1,0.0,0.0,4.0,0.0,0.0,13.0,0.0,-1.0,brak,21.0,1.0,0.0,0.0,0.0,105.0,KAKAO CIEMNE Z GHANY 180G WEDEL,5901588078496.0,brak,281.0,1.0,KAKAO I ZABIELACZE DO KAWY,DF,0,IP,0.0,sprzedaz,0,kakao ciemne z ghany 180g wedel,kakao i zabielacze do kawy,0,false
10374,2026-01-19 00:00:00,-1,0.0,0.0,4.0,0.0,0.0,13.0,0.0,-1.0,brak,21.0,1.0,0.0,0.0,0.0,105.0,KAKAO CIEMNE Z GHANY 180G WEDEL,5901588078496.0,brak,281.0,1.0,KAKAO I ZABIELACZE DO KAWY,DF,0,IP,0.0,sprzedaz,0,kakao ciemne z ghany 180g wedel,kakao i zabielacze do kawy,0,false
10374,2026-01-20 00:00:00,-1,0.0,0.0,4.0,0.0,0.0,13.0,0.0,-1.0,brak,21.0,1.0,0.0,0.0,0.0,105.0,KAKAO CIEMNE Z GHANY 180G WEDEL,5901588078496.0,brak,281.0,1.0,KAKAO I ZABIELACZE DO KAWY,DF,0,IP,0.0,sprzedaz,0,kakao ciemne z ghany 180g wedel,kakao i zabielacze do kawy,0,false
10374,2026-01-21 00:00:00,-1,0.0,0.0,4.0,0.0,0.0,13.0,0.0,-1.0,brak,21.0,1.0,0.0,0.0,0.0,105.0,KAKAO CIEMNE Z GHANY 180G WEDEL,5901588078496.0,brak,281.0,1.0,KAKAO I ZABIELACZE DO KAWY,DF,0,IP,0.0,sprzedaz,0,kakao ciemne z ghany 180g wedel,kakao i zabielacze do kawy,0,false
10374,2026-01-22 00:00:00,2229077,5.0,4.0,4.0,1.0,0.0,13.0,13.0,660.0,DF/PAR/260122/8645/2,21.0,1.0,37.13,37.13,37.13,105.0,KAKAO CIEMNE Z GHANY 180G WEDEL,5901588078496.0,WYPIEKI I DESERY,281.0,1.0,KAKAO I ZABIELACZE DO KAWY,DF,1,IP,-1.0,sprzedaz,0,kakao ciemne z ghany 180g wedel,kakao i zabielacze do kawy,0,false
10374,2026-01-22 00:00:00,2229321,2.0,2.0,4.0,1.0,0.0,13.0,13.0,904.0,DF/PAR/260122/8839/2,21.0,1.0,37.76,37.76,37.76,105.0,KAKAO CIEMNE Z GHANY 180G WEDEL,5901588078496.0,WYPIEKI I DESERY,281.0,1.0,KAKAO I ZABIELACZE DO KAWY,DF,1,IP,-1.0,sprzedaz,0,kakao ciemne z ghany 180g wedel,kakao i zabielacze do kawy,0,false
10374,2026-01-23 00:00:00,-1,0.0,0.0,4.0,0.0,0.0,13.0,0.0,-1.0,brak,21.0,1.0,0.0,0.0,0.0,105.0,KAKAO CIEMNE Z GHANY 180G WEDEL,5901588078496.0,brak,281.0,1.0,KAKAO I ZABIELACZE DO KAWY,DF,0,IP,0.0,sprzedaz,0,kakao ciemne z ghany 180g wedel,kakao i zabielacze do kawy,0,false
10374,2026-01-24 00:00:00,2231244,13.0,13.0,4.0,1.0,0.0,13.0,13.0,733.0,DF/PAR/260124/9650/2,21.0,1.0,119.51,119.51,119.51,105.0,KAKAO CIEMNE Z GHANY 180G WEDEL,5901588078496.0,WYPIEKI I DESERY,281.0,1.0,KAKAO I ZABIELACZE DO KAWY,DF,1,IP,-1.0,sprzedaz,0,kakao ciemne z ghany 180g wedel,kakao i zabielacze do kawy,0,false
10374,2026-01-25 00:00:00,-1,0.0,0.0,4.0,0.0,0.0,13.0,0.0,-1.0,brak,21.0,1.0,0.0,0.0,0.0,105.0,KAKAO CIEMNE Z GHANY 180G WEDEL,5901588078496.0,brak,281.0,1.0,KAKAO I ZABIELACZE DO KAWY,DF,0,IP,0.0,sprzedaz,0,kakao ciemne z ghany 180g wedel,kakao i zabielacze do kawy,0,false
10374,2026-01-26 00:00:00,-1,0.0,0.0,4.0,0.0,0.0,13.0,0.0,-1.0,brak,21.0,1.0,0.0,0.0,0.0,105.0,KAKAO CIEMNE Z GHANY 180G WEDEL,5901588078496.0,brak,281.0,1.0,KAKAO I ZABIELACZE DO KAWY,DF,0,IP,0.0,sprzedaz,0,kakao ciemne z ghany 180g wedel,kakao i zabielacze do kawy,0,false
10374,2026-01-27 00:00:00,-1,0.0,0.0,4.0,0.0,0.0,13.0,0.0,-1.0,brak,21.0,1.0,0.0,0.0,0.0,105.0,KAKAO CIEMNE Z GHANY 180G WEDEL,5901588078496.0,brak,281.0,1.0,KAKAO I ZABIELACZE DO KAWY,DF,0,IP,0.0,sprzedaz,0,kakao ciemne z ghany 180g wedel,kakao i zabielacze do kawy,0,false
10374,2026-01-28 00:00:00,-1,0.0,0.0,4.0,0.0,0.0,13.0,0.0,-1.0,brak,21.0,1.0,0.0,0.0,0.0,105.0,KAKAO CIEMNE Z GHANY 180G WEDEL,5901588078496.0,brak,281.0,1.0,KAKAO I ZABIELACZE DO KAWY,DF,0,IP,0.0,sprzedaz,0,kakao ciemne z ghany 180g wedel,kakao i zabielacze do kawy,0,false
10374,2026-01-29 00:00:00,-1,0.0,0.0,4.0,0.0,0.0,13.0,0.0,-1.0,brak,21.0,1.0,0.0,0.0,0.0,105.0,KAKAO CIEMNE Z GHANY 180G WEDEL,5901588078496.0,brak,281.0,1.0,KAKAO I ZABIELACZE DO KAWY,DF,0,IP,0.0,sprzedaz,0,kakao ciemne z ghany 180g wedel,kakao i zabielacze do kawy,0,false
10374,2026-01-30 00:00:00,-1,0.0,0.0,4.0,0.0,0.0,13.0,0.0,-1.0,brak,21.0,1.0,0.0,0.0,0.0,105.0,KAKAO CIEMNE Z GHANY 180G WEDEL,5901588078496.0,brak,281.0,1.0,KAKAO I ZABIELACZE DO KAWY,DF,0,IP,0.0,sprzedaz,0,kakao ciemne z ghany 180g wedel,kakao i zabielacze do kawy,0,false
10374,2026-01-31 00:00:00,-1,0.0,0.0,4.0,0.0,0.0,13.0,0.0,-1.0,brak,21.0,1.0,0.0,0.0,0.0,105.0,KAKAO CIEMNE Z GHANY 180G WEDEL,5901588078496.0,brak,281.0,1.0,KAKAO I ZABIELACZE DO KAWY,DF,0,IP,0.0,sprzedaz,0,kakao ciemne z ghany 180g wedel,kakao i zabielacze do kawy,0,false
280,2025-12-17 00:00:00,2200003,3.0,3.0,4.0,1.0,0.0,3.3238,3.3238,39.0,DF/PAR/251217/9877/2,21.0,1.0,21.95,21.95,21.95,207.0,KUKURYDZA KONS BONDUELKA ZŁOCISTA 212ML BONDUELLE,3083680068543.0,PRZETWORY OWOCOWE I WARZYWNE,60.0,0.0,WARZYWNE /przetwory owocowe,DF,1,IP,-1.0,sprzedaz,0,kukurydza kons bonduelka zlocista 212ml bonduelle,warzywne przetwory owocowe,0,false
280,2025-12-18 00:00:00,-1,0.0,0.0,4.0,0.0,0.0,3.3238,0.0,-1.0,brak,21.0,1.0,0.0,0.0,0.0,207.0,KUKURYDZA KONS BONDUELKA ZŁOCISTA 212ML BONDUELLE,3083680068543.0,brak,60.0,1.0,WARZYWNE /przetwory owocowe,DF,0,IP,0.0,sprzedaz,0,kukurydza kons bonduelka zlocista 212ml bonduelle,warzywne przetwory owocowe,0,false
280,2025-12-19 00:00:00,-1,0.0,0.0,4.0,0.0,0.0,3.3238,0.0,-1.0,brak,21.0,1.0,0.0,0.0,0.0,207.0,KUKURYDZA KONS BONDUELKA ZŁOCISTA 212ML BONDUELLE,3083680068543.0,brak,60.0,1.0,WARZYWNE /przetwory owocowe,DF,0,IP,0.0,sprzedaz,0,kukurydza kons bonduelka zlocista 212ml bonduelle,warzywne przetwory owocowe,0,false
280,2025-12-20 00:00:00,2203502,2.0,2.0,4.0,1.0,0.0,3.3238,3.3238,119.0,DF/PAR/251220/3444/1,21.0,1.0,30.44,30.44,30.44,207.0,KUKURYDZA KONS BONDUELKA ZŁOCISTA 212ML BONDUELLE,3083680068543.0,PRZETWORY OWOCOWE I WARZYWNE,60.0,0.0,WARZYWNE /przetwory owocowe,DF,1,IP,-1.0,sprzedaz,0,kukurydza kons bonduelka zlocista 212ml bonduelle,warzywne przetwory owocowe,0,false
280,2025-12-20 00:00:00,2203502,3.0,3.0,4.0,1.0,0.0,3.3238,3.3238,119.0,DF/PAR/251220/3444/1,21.0,1.0,30.44,30.44,30.44,207.0,KUKURYDZA KONS BONDUELKA ZŁOCISTA 212ML BONDUELLE,3083680068543.0,PRZETWORY OWOCOWE I WARZYWNE,60.0,0.0,WARZYWNE /przetwory owocowe,DF,1,IP,-1.0,sprzedaz,0,kukurydza kons bonduelka zlocista 212ml bonduelle,warzywne przetwory owocowe,0,false
280,2025-12-21 00:00:00,-1,0.0,0.0,4.0,0.0,0.0,3.3238,0.0,-1.0,brak,21.0,1.0,0.0,0.0,0.0,207.0,KUKURYDZA KONS BONDUELKA ZŁOCISTA 212ML BONDUELLE,3083680068543.0,brak,60.0,1.0,WARZYWNE /przetwory owocowe,DF,0,IP,0.0,sprzedaz,0,kukurydza kons bonduelka zlocista 212ml bonduelle,warzywne przetwory owocowe,0,false
280,2025-12-22 00:00:00,2206035,7.0,7.0,4.0,1.0,0.0,3.3238,3.3238,1107.0,DF/PAR/251222/13488/2,21.0,1.0,32.52,32.52,32.52,207.0,KUKURYDZA KONS BONDUELKA ZŁOCISTA 212ML BONDUELLE,3083680068543.0,PRZETWORY OWOCOWE I WARZYWNE,60.0,0.0,WARZYWNE /przetwory owocowe,DF,1,IP,-1.0,sprzedaz,0,kukurydza kons bonduelka zlocista 212ml bonduelle,warzywne przetwory owocowe,0,false
280,2025-12-22 00:00:00,2206035,8.0,8.0,4.0,1.0,0.0,3.3238,3.3238,1107.0,DF/PAR/251222/13488/2,21.0,1.0,32.52,32.52,32.52,207.0,KUKURYDZA KONS BONDUELKA ZŁOCISTA 212ML BONDUELLE,3083680068543.0,PRZETWORY OWOCOWE I WARZYWNE,60.0,0.0,WARZYWNE /przetwory owocowe,DF,1,IP,-1.0,sprzedaz,0,kukurydza kons bonduelka zlocista 212ml bonduelle,warzywne przetwory owocowe,0,false
280,2025-12-23 00:00:00,-1,0.0,0.0,4.0,0.0,0.0,3.3238,0.0,-1.0,brak,21.0,1.0,0.0,0.0,0.0,207.0,KUKURYDZA KONS BONDUELKA ZŁOCISTA 212ML BONDUELLE,3083680068543.0,brak,60.0,1.0,WARZYWNE /przetwory owocowe,DF,0,IP,0.0,sprzedaz,0,kukurydza kons bonduelka zlocista 212ml bonduelle,warzywne przetwory owocowe,0,false
280,2025-12-24 00:00:00,-1,0.0,0.0,4.0,0.0,0.0,3.3238,0.0,-1.0,brak,21.0,1.0,0.0,0.0,0.0,207.0,KUKURYDZA KONS BONDUELKA ZŁOCISTA 212ML BONDUELLE,3083680068543.0,brak,60.0,1.0,WARZYWNE /przetwory owocowe,DF,0,IP,0.0,sprzedaz,0,kukurydza kons bonduelka zlocista 212ml bonduelle,warzywne przetwory owocowe,0,false
280,2025-12-25 00:00:00,-1,0.0,0.0,4.0,0.0,0.0,3.3238,0.0,-1.0,brak,21.0,1.0,0.0,0.0,0.0,207.0,KUKURYDZA KONS BONDUELKA ZŁOCISTA 212ML BONDUELLE,3083680068543.0,brak,60.0,1.0,WARZYWNE /przetwory owocowe,DF,0,IP,0.0,sprzedaz,0,kukurydza kons bonduelka zlocista 212ml bonduelle,warzywne przetwory owocowe,0,false
280,2025-12-26 00:00:00,-1,0.0,0.0,4.0,0.0,0.0,3.3238,0.0,-1.0,brak,21.0,1.0,0.0,0.0,0.0,207.0,KUKURYDZA KONS BONDUELKA ZŁOCISTA 212ML BONDUELLE,3083680068543.0,brak,60.0,1.0,WARZYWNE /przetwory owocowe,DF,0,IP,0.0,sprzedaz,0,kukurydza kons bonduelka zlocista 212ml bonduelle,warzywne przetwory owocowe,0,false
280,2025-12-27 00:00:00,-1,0.0,0.0,4.0,0.0,0.0,3.3238,0.0,-1.0,brak,21.0,1.0,0.0,0.0,0.0,207.0,KUKURYDZA KONS BONDUELKA ZŁOCISTA 212ML BONDUELLE,3083680068543.0,brak,60.0,1.0,WARZYWNE /przetwory owocowe,DF,0,IP,0.0,sprzedaz,0,kukurydza kons bonduelka zlocista 212ml bonduelle,warzywne przetwory owocowe,0,false
280,2025-12-28 00:00:00,-1,0.0,0.0,4.0,0.0,0.0,3.3238,0.0,-1.0,brak,21.0,1.0,0.0,0.0,0.0,207.0,KUKURYDZA KONS BONDUELKA ZŁOCISTA 212ML BONDUELLE,3083680068543.0,brak,60.0,1.0,WARZYWNE /przetwory owocowe,DF,0,IP,0.0,sprzedaz,0,kukurydza kons bonduelka zlocista 212ml bonduelle,warzywne przetwory owocowe,0,false
280,2025-12-29 00:00:00,2208746,1.0,1.0,4.0,1.0,0.0,3.3238,3.3238,199.0,DF/PAR/251229/14597/2,21.0,1.0,31.38,31.38,31.38,207.0,KUKURYDZA KONS BONDUELKA ZŁOCISTA 212ML BONDUELLE,3083680068543.0,PRZETWORY OWOCOWE I WARZYWNE,60.0,0.0,WARZYWNE /przetwory owocowe,DF,1,IP,-1.0,sprzedaz,0,kukurydza kons bonduelka zlocista 212ml bonduelle,warzywne przetwory owocowe,0,false
280,2025-12-30 00:00:00,-1,0.0,0.0,4.0,0.0,0.0,3.3238,0.0,-1.0,brak,21.0,1.0,0.0,0.0,0.0,207.0,KUKURYDZA KONS BONDUELKA ZŁOCISTA 212ML BONDUELLE,3083680068543.0,brak,60.0,1.0,WARZYWNE /przetwory owocowe,DF,0,IP,0.0,sprzedaz,0,kukurydza kons bonduelka zlocista 212ml bonduelle,warzywne przetwory owocowe,0,false
280,2025-12-31 00:00:00,2210862,2.0,2.0,4.0,1.0,0.0,3.3238,3.3238,63.0,DF/PAR/251231/15680/2,21.0,1.0,10.97,10.97,10.97,207.0,KUKURYDZA KONS BONDUELKA ZŁOCISTA 212ML BONDUELLE,3083680068543.0,PRZETWORY OWOCOWE I WARZYWNE,60.0,0.0,WARZYWNE /przetwory owocowe,DF,1,IP,-1.0,sprzedaz,0,kukurydza kons bonduelka zlocista 212ml bonduelle,warzywne przetwory owocowe,0,false
280,2025-12-31 00:00:00,2210862,3.0,3.0,4.0,1.0,0.0,3.3238,3.3238,63.0,DF/PAR/251231/15680/2,21.0,1.0,10.97,10.97,10.97,207.0,KUKURYDZA KONS BONDUELKA ZŁOCISTA 212ML BONDUELLE,3083680068543.0,PRZETWORY OWOCOWE I WARZYWNE,60.0,0.0,WARZYWNE /przetwory owocowe,DF,1,IP,-1.0,sprzedaz,0,kukurydza kons bonduelka zlocista 212ml bonduelle,warzywne przetwory owocowe,0,false
280,2026-01-01 00:00:00,-1,0.0,0.0,4.0,0.0,0.0,3.3238,0.0,-1.0,brak,21.0,1.0,0.0,0.0,0.0,207.0,KUKURYDZA KONS BONDUELKA ZŁOCISTA 212ML BONDUELLE,3083680068543.0,brak,60.0,1.0,WARZYWNE /przetwory owocowe,DF,0,IP,0.0,sprzedaz,0,kukurydza kons bonduelka zlocista 212ml bonduelle,warzywne przetwory owocowe,0,false
280,2026-01-02 00:00:00,2212424,1.0,1.0,4.0,1.0,0.0,3.3238,3.3238,486.0,DF/PAR/260102/126/1,21.0,1.0,6.98,6.98,6.98,207.0,KUKURYDZA KONS BONDUELKA ZŁOCISTA 212ML BONDUELLE,3083680068543.0,PRZETWORY OWOCOWE I WARZYWNE,60.0,0.0,WARZYWNE /przetwory owocowe,DF,1,IP,-1.0,sprzedaz,0,kukurydza kons bonduelka zlocista 212ml bonduelle,warzywne przetwory owocowe,0,false
280,2026-01-02 00:00:00,2212424,2.0,2.0,4.0,1.0,0.0,3.3238,3.3238,486.0,DF/PAR/260102/126/1,21.0,1.0,6.98,6.98,6.98,207.0,KUKURYDZA KONS BONDUELKA ZŁOCISTA 212ML BONDUELLE,3083680068543.0,PRZETWORY OWOCOWE I WARZYWNE,60.0,0.0,WARZYWNE /przetwory owocowe,DF,1,IP,-1.0,sprzedaz,0,kukurydza kons bonduelka zlocista 212ml bonduelle,warzywne przetwory owocowe,0,false
280,2026-01-03 00:00:00,-1,0.0,0.0,4.0,0.0,0.0,3.3238,0.0,-1.0,brak,21.0,1.0,0.0,0.0,0.0,207.0,KUKURYDZA KONS BONDUELKA ZŁOCISTA 212ML BONDUELLE,3083680068543.0,brak,60.0,1.0,WARZYWNE /przetwory owocowe,DF,0,IP,0.0,sprzedaz,0,kukurydza kons bonduelka zlocista 212ml bonduelle,warzywne przetwory owocowe,0,false
280,2026-01-04 00:00:00,-1,0.0,0.0,4.0,0.0,0.0,3.3238,0.0,-1.0,brak,21.0,1.0,0.0,0.0,0.0,207.0,KUKURYDZA KONS BONDUELKA ZŁOCISTA 212ML BONDUELLE,3083680068543.0,brak,60.0,1.0,WARZYWNE /przetwory owocowe,DF,0,IP,0.0,sprzedaz,0,kukurydza kons bonduelka zlocista 212ml bonduelle,warzywne przetwory owocowe,0,false
280,2026-01-05 00:00:00,2214438,7.0,7.0,4.0,1.0,0.0,3.3238,3.3238,629.0,DF/PAR/260105/618/1,21.0,1.0,48.5,48.5,48.5,207.0,KUKURYDZA KONS BONDUELKA ZŁOCISTA 212ML BONDUELLE,3083680068543.0,PRZETWORY OWOCOWE I WARZYWNE,60.0,0.0,WARZYWNE /przetwory owocowe,DF,1,IP,-1.0,sprzedaz,0,kukurydza kons bonduelka zlocista 212ml bonduelle,warzywne przetwory owocowe,0,false
280,2026-01-06 00:00:00,-1,0.0,0.0,4.0,0.0,0.0,3.3238,0.0,-1.0,brak,21.0,1.0,0.0,0.0,0.0,207.0,KUKURYDZA KONS BONDUELKA ZŁOCISTA 212ML BONDUELLE,3083680068543.0,brak,60.0,1.0,WARZYWNE /przetwory owocowe,DF,0,IP,0.0,sprzedaz,0,kukurydza kons bonduelka zlocista 212ml bonduelle,warzywne przetwory owocowe,0,false
280,2026-01-07 00:00:00,2215087,2.0,2.0,4.0,1.0,0.0,3.3238,3.3238,23.0,DF/PAR/260107/1897/2,21.0,1.0,6.98,6.98,6.98,207.0,KUKURYDZA KONS BONDUELKA ZŁOCISTA 212ML BONDUELLE,3083680068543.0,PRZETWORY OWOCOWE I WARZYWNE,60.0,0.0,WARZYWNE /przetwory owocowe,DF,1,IP,-1.0,sprzedaz,0,kukurydza kons bonduelka zlocista 212ml bonduelle,warzywne przetwory owocowe,0,false
280,2026-01-08 00:00:00,2216774,3.0,2.0,4.0,1.0,0.0,3.3238,3.3238,675.0,DF/PAR/260108/2955/2,21.0,1.0,35.87,35.87,35.87,207.0,KUKURYDZA KONS BONDUELKA ZŁOCISTA 212ML BONDUELLE,3083680068543.0,PRZETWORY OWOCOWE I WARZYWNE,60.0,0.0,WARZYWNE /przetwory owocowe,DF,1,IP,-1.0,sprzedaz,0,kukurydza kons bonduelka zlocista 212ml bonduelle,warzywne przetwory owocowe,0,false
280,2026-01-08 00:00:00,2216774,4.0,3.0,4.0,1.0,0.0,3.3238,3.3238,675.0,DF/PAR/260108/2955/2,21.0,1.0,35.87,35.87,35.87,207.0,KUKURYDZA KONS BONDUELKA ZŁOCISTA 212ML BONDUELLE,3083680068543.0,PRZETWORY OWOCOWE I WARZYWNE,60.0,0.0,WARZYWNE /przetwory owocowe,DF,1,IP,-1.0,sprzedaz,0,kukurydza kons bonduelka zlocista 212ml bonduelle,warzywne przetwory owocowe,0,false
280,2026-01-09 00:00:00,-1,0.0,0.0,4.0,0.0,0.0,3.3238,0.0,-1.0,brak,21.0,1.0,0.0,0.0,0.0,207.0,KUKURYDZA KONS BONDUELKA ZŁOCISTA 212ML BONDUELLE,3083680068543.0,brak,60.0,1.0,WARZYWNE /przetwory owocowe,DF,0,IP,0.0,sprzedaz,0,kukurydza kons bonduelka zlocista 212ml bonduelle,warzywne przetwory owocowe,0,false
280,2026-01-10 00:00:00,-1,0.0,0.0,4.0,0.0,0.0,3.3238,0.0,-1.0,brak,21.0,1.0,0.0,0.0,0.0,207.0,KUKURYDZA KONS BONDUELKA ZŁOCISTA 212ML BONDUELLE,3083680068543.0,brak,60.0,1.0,WARZYWNE /przetwory owocowe,DF,0,IP,0.0,sprzedaz,0,kukurydza kons bonduelka zlocista 212ml bonduelle,warzywne przetwory owocowe,0,false
280,2026-01-11 00:00:00,-1,0.0,0.0,4.0,0.0,0.0,3.3238,0.0,-1.0,brak,21.0,1.0,0.0,0.0,0.0,207.0,KUKURYDZA KONS BONDUELKA ZŁOCISTA 212ML BONDUELLE,3083680068543.0,brak,60.0,1.0,WARZYWNE /przetwory owocowe,DF,0,IP,0.0,sprzedaz,0,kukurydza kons bonduelka zlocista 212ml bonduelle,warzywne przetwory owocowe,0,false
280,2026-01-12 00:00:00,-1,0.0,0.0,4.0,0.0,0.0,3.3238,0.0,-1.0,brak,21.0,1.0,0.0,0.0,0.0,207.0,KUKURYDZA KONS BONDUELKA ZŁOCISTA 212ML BONDUELLE,3083680068543.0,brak,60.0,1.0,WARZYWNE /przetwory owocowe,DF,0,IP,0.0,sprzedaz,0,kukurydza kons bonduelka zlocista 212ml bonduelle,warzywne przetwory owocowe,0,false
280,2026-01-13 00:00:00,-1,0.0,0.0,4.0,0.0,0.0,3.3238,0.0,-1.0,brak,21.0,1.0,0.0,0.0,0.0,207.0,KUKURYDZA KONS BONDUELKA ZŁOCISTA 212ML BONDUELLE,3083680068543.0,brak,60.0,1.0,WARZYWNE /przetwory owocowe,DF,0,IP,0.0,sprzedaz,0,kukurydza kons bonduelka zlocista 212ml bonduelle,warzywne przetwory owocowe,0,false
280,2026-01-14 00:00:00,2221257,2.0,2.0,4.0,1.0,0.0,3.3238,3.3238,58.0,DF/PAR/260114/5680/2,21.0,1.0,13.68,13.68,13.68,207.0,KUKURYDZA KONS BONDUELKA ZŁOCISTA 212ML BONDUELLE,3083680068543.0,PRZETWORY OWOCOWE I WARZYWNE,60.0,0.0,WARZYWNE /przetwory owocowe,DF,1,IP,-1.0,sprzedaz,0,kukurydza kons bonduelka zlocista 212ml bonduelle,warzywne przetwory owocowe,0,false
280,2026-01-15 00:00:00,-1,0.0,0.0,4.0,0.0,0.0,3.3238,0.0,-1.0,brak,21.0,1.0,0.0,0.0,0.0,207.0,KUKURYDZA KONS BONDUELKA ZŁOCISTA 212ML BONDUELLE,3083680068543.0,brak,60.0,1.0,WARZYWNE /przetwory owocowe,DF,0,IP,0.0,sprzedaz,0,kukurydza kons bonduelka zlocista 212ml bonduelle,warzywne przetwory owocowe,0,false
280,2026-01-16 00:00:00,-1,0.0,0.0,4.0,0.0,0.0,3.3238,0.0,-1.0,brak,21.0,1.0,0.0,0.0,0.0,207.0,KUKURYDZA KONS BONDUELKA ZŁOCISTA 212ML BONDUELLE,3083680068543.0,brak,60.0,1.0,WARZYWNE /przetwory owocowe,DF,0,IP,0.0,sprzedaz,0,kukurydza kons bonduelka zlocista 212ml bonduelle,warzywne przetwory owocowe,0,false
280,2026-01-17 00:00:00,-1,0.0,0.0,4.0,0.0,0.0,3.3238,0.0,-1.0,brak,21.0,1.0,0.0,0.0,0.0,207.0,KUKURYDZA KONS BONDUELKA ZŁOCISTA 212ML BONDUELLE,3083680068543.0,brak,60.0,1.0,WARZYWNE /przetwory owocowe,DF,0,IP,0.0,sprzedaz,0,kukurydza kons bonduelka zlocista 212ml bonduelle,warzywne przetwory owocowe,0,false
280,2026-01-18 00:00:00,-1,0.0,0.0,4.0,0.0,0.0,3.3238,0.0,-1.0,brak,21.0,1.0,0.0,0.0,0.0,207.0,KUKURYDZA KONS BONDUELKA ZŁOCISTA 212ML BONDUELLE,3083680068543.0,brak,60.0,1.0,WARZYWNE /przetwory owocowe,DF,0,IP,0.0,sprzedaz,0,kukurydza kons bonduelka zlocista 212ml bonduelle,warzywne przetwory owocowe,0,false
280,2026-01-19 00:00:00,-1,0.0,0.0,4.0,0.0,0.0,3.3238,0.0,-1.0,brak,21.0,1.0,0.0,0.0,0.0,207.0,KUKURYDZA KONS BONDUELKA ZŁOCISTA 212ML BONDUELLE,3083680068543.0,brak,60.0,1.0,WARZYWNE /przetwory owocowe,DF,0,IP,0.0,sprzedaz,0,kukurydza kons bonduelka zlocista 212ml bonduelle,warzywne przetwory owocowe,0,false
280,2026-01-20 00:00:00,2227076,1.0,1.0,4.0,1.0,0.0,3.3238,3.3238,710.0,DF/PAR/260120/7979/2,21.0,1.0,49.5,49.5,49.5,207.0,KUKURYDZA KONS BONDUELKA ZŁOCISTA 212ML BONDUELLE,3083680068543.0,PRZETWORY OWOCOWE I WARZYWNE,60.0,0.0,WARZYWNE /przetwory owocowe,DF,1,IP,-1.0,sprzedaz,0,kukurydza kons bonduelka zlocista 212ml bonduelle,warzywne przetwory owocowe,0,false
280,2026-01-21 00:00:00,-1,0.0,0.0,4.0,0.0,0.0,3.3238,0.0,-1.0,brak,21.0,1.0,0.0,0.0,0.0,207.0,KUKURYDZA KONS BONDUELKA ZŁOCISTA 212ML BONDUELLE,3083680068543.0,brak,60.0,1.0,WARZYWNE /przetwory owocowe,DF,0,IP,0.0,sprzedaz,0,kukurydza kons bonduelka zlocista 212ml bonduelle,warzywne przetwory owocowe,0,false
280,2026-01-22 00:00:00,-1,0.0,0.0,4.0,0.0,0.0,3.3238,0.0,-1.0,brak,21.0,1.0,0.0,0.0,0.0,207.0,KUKURYDZA KONS BONDUELKA ZŁOCISTA 212ML BONDUELLE,3083680068543.0,brak,60.0,1.0,WARZYWNE /przetwory owocowe,DF,0,IP,0.0,sprzedaz,0,kukurydza kons bonduelka zlocista 212ml bonduelle,warzywne przetwory owocowe,0,false
280,2026-01-23 00:00:00,-1,0.0,0.0,4.0,0.0,0.0,3.3238,0.0,-1.0,brak,21.0,1.0,0.0,0.0,0.0,207.0,KUKURYDZA KONS BONDUELKA ZŁOCISTA 212ML BONDUELLE,3083680068543.0,brak,60.0,1.0,WARZYWNE /przetwory owocowe,DF,0,IP,0.0,sprzedaz,0,kukurydza kons bonduelka zlocista 212ml bonduelle,warzywne przetwory owocowe,0,false
280,2026-01-24 00:00:00,2230695,9.0,9.0,4.0,1.0,0.0,3.3238,3.3238,184.0,DF/PAR/260124/9417/2,21.0,1.0,67.87,67.87,67.87,207.0,KUKURYDZA KONS BONDUELKA ZŁOCISTA 212ML BONDUELLE,3083680068543.0,PRZETWORY OWOCOWE I WARZYWNE,60.0,0.0,WARZYWNE /przetwory owocowe,DF,1,IP,-1.0,sprzedaz,0,kukurydza kons bonduelka zlocista 212ml bonduelle,warzywne przetwory owocowe,0,false
280,2026-01-24 00:00:00,2230695,10.0,10.0,4.0,1.0,0.0,3.3238,3.3238,184.0,DF/PAR/260124/9417/2,21.0,1.0,67.87,67.87,67.87,207.0,KUKURYDZA KONS BONDUELKA ZŁOCISTA 212ML BONDUELLE,3083680068543.0,PRZETWORY OWOCOWE I WARZYWNE,60.0,0.0,WARZYWNE /przetwory owocowe,DF,1,IP,-1.0,sprzedaz,0,kukurydza kons bonduelka zlocista 212ml bonduelle,warzywne przetwory owocowe,0,false
280,2026-01-25 00:00:00,-1,0.0,0.0,4.0,0.0,0.0,3.3238,0.0,-1.0,brak,21.0,1.0,0.0,0.0,0.0,207.0,KUKURYDZA KONS BONDUELKA ZŁOCISTA 212ML BONDUELLE,3083680068543.0,brak,60.0,1.0,WARZYWNE /przetwory owocowe,DF,0,IP,0.0,sprzedaz,0,kukurydza kons bonduelka zlocista 212ml bonduelle,warzywne przetwory owocowe,0,false
280,2026-01-26 00:00:00,-1,0.0,0.0,4.0,0.0,0.0,3.3238,0.0,-1.0,brak,21.0,1.0,0.0,0.0,0.0,207.0,KUKURYDZA KONS BONDUELKA ZŁOCISTA 212ML BONDUELLE,3083680068543.0,brak,60.0,1.0,WARZYWNE /przetwory owocowe,DF,0,IP,0.0,sprzedaz,0,kukurydza kons bonduelka zlocista 212ml bonduelle,warzywne przetwory owocowe,0,false
280,2026-01-27 00:00:00,-1,0.0,0.0,4.0,0.0,0.0,3.3238,0.0,-1.0,brak,21.0,1.0,0.0,0.0,0.0,207.0,KUKURYDZA KONS BONDUELKA ZŁOCISTA 212ML BONDUELLE,3083680068543.0,brak,60.0,1.0,WARZYWNE /przetwory owocowe,DF,0,IP,0.0,sprzedaz,0,kukurydza kons bonduelka zlocista 212ml bonduelle,warzywne przetwory owocowe,0,false
280,2026-01-28 00:00:00,-1,0.0,0.0,4.0,0.0,0.0,3.3238,0.0,-1.0,brak,21.0,1.0,0.0,0.0,0.0,207.0,KUKURYDZA KONS BONDUELKA ZŁOCISTA 212ML BONDUELLE,3083680068543.0,brak,60.0,1.0,WARZYWNE /przetwory owocowe,DF,0,IP,0.0,sprzedaz,0,kukurydza kons bonduelka zlocista 212ml bonduelle,warzywne przetwory owocowe,0,false
280,2026-01-29 00:00:00,-1,0.0,0.0,4.0,0.0,0.0,3.3238,0.0,-1.0,brak,21.0,1.0,0.0,0.0,0.0,207.0,KUKURYDZA KONS BONDUELKA ZŁOCISTA 212ML BONDUELLE,3083680068543.0,brak,60.0,1.0,WARZYWNE /przetwory owocowe,DF,0,IP,0.0,sprzedaz,0,kukurydza kons bonduelka zlocista 212ml bonduelle,warzywne przetwory owocowe,0,false
280,2026-01-30 00:00:00,-1,0.0,0.0,4.0,0.0,0.0,3.3238,0.0,-1.0,brak,21.0,1.0,0.0,0.0,0.0,207.0,KUKURYDZA KONS BONDUELKA ZŁOCISTA 212ML BONDUELLE,3083680068543.0,brak,60.0,1.0,WARZYWNE /przetwory owocowe,DF,0,IP,0.0,sprzedaz,0,kukurydza kons bonduelka zlocista 212ml bonduelle,warzywne przetwory owocowe,0,false
280,2026-01-31 00:00:00,-1,0.0,0.0,4.0,0.0,0.0,3.3238,0.0,-1.0,brak,21.0,1.0,0.0,0.0,0.0,207.0,KUKURYDZA KONS BONDUELKA ZŁOCISTA 212ML BONDUELLE,3083680068543.0,brak,60.0,1.0,WARZYWNE /przetwory owocowe,DF,0,IP,0.0,sprzedaz,0,kukurydza kons bonduelka zlocista 212ml bonduelle,warzywne przetwory owocowe,0,false
51871,2025-12-17 00:00:00,2200598,6.0,6.0,4.0,1.0,0.0,3.4878,3.4878,634.0,DF/PAR/251217/10232/2,21.0,1.0,24.54,24.54,24.54,217.0,BATON PAWEŁEK DUO KOKOS 45G WEDEL,59085928.0,nan,-1.0,0.0,BATONY I WAFELKI,DF,1,IP,-1.0,sprzedaz,0,baton pawelek duo kokos 45g wedel,batony i wafelki,0,false
51871,2025-12-18 00:00:00,2201762,8.0,8.0,4.0,1.0,0.0,3.4878,3.4878,692.0,DF/PAR/251218/10945/2,21.0,1.0,36.71,36.71,36.71,217.0,BATON PAWEŁEK DUO KOKOS 45G WEDEL,59085928.0,nan,-1.0,0.0,BATONY I WAFELKI,DF,1,IP,-1.0,sprzedaz,0,baton pawelek duo kokos 45g wedel,batony i wafelki,0,false
51871,2025-12-18 00:00:00,2201762,9.0,9.0,4.0,1.0,0.0,3.4878,3.4878,692.0,DF/PAR/251218/10945/2,21.0,1.0,36.71,36.71,36.71,217.0,BATON PAWEŁEK DUO KOKOS 45G WEDEL,59085928.0,nan,-1.0,0.0,BATONY I WAFELKI,DF,1,IP,-1.0,sprzedaz,0,baton pawelek duo kokos 45g wedel,batony i wafelki,0,false
51871,2025-12-19 00:00:00,-1,0.0,0.0,4.0,0.0,0.0,3.4878,0.0,-1.0,brak,21.0,1.0,0.0,0.0,0.0,217.0,BATON PAWEŁEK DUO KOKOS 45G WEDEL,59085928.0,brak,-1.0,1.0,BATONY I WAFELKI,DF,0,IP,0.0,sprzedaz,0,baton pawelek duo kokos 45g wedel,batony i wafelki,0,false
51871,2025-12-20 00:00:00,-1,0.0,0.0,4.0,0.0,0.0,3.4878,0.0,-1.0,brak,21.0,1.0,0.0,0.0,0.0,217.0,BATON PAWEŁEK DUO KOKOS 45G WEDEL,59085928.0,brak,-1.0,1.0,BATONY I WAFELKI,DF,0,IP,0.0,sprzedaz,0,baton pawelek duo kokos 45g wedel,batony i wafelki,0,false
51871,2025-12-21 00:00:00,-1,0.0,0.0,4.0,0.0,0.0,3.4878,0.0,-1.0,brak,21.0,1.0,0.0,0.0,0.0,217.0,BATON PAWEŁEK DUO KOKOS 45G WEDEL,59085928.0,brak,-1.0,1.0,BATONY I WAFELKI,DF,0,IP,0.0,sprzedaz,0,baton pawelek duo kokos 45g wedel,batony i wafelki,0,false
51871,2025-12-22 00:00:00,-1,0.0,0.0,4.0,0.0,0.0,3.4878,0.0,-1.0,brak,21.0,1.0,0.0,0.0,0.0,217.0,BATON PAWEŁEK DUO KOKOS 45G WEDEL,59085928.0,brak,-1.0,1.0,BATONY I WAFELKI,DF,0,IP,0.0,sprzedaz,0,baton pawelek duo kokos 45g wedel,batony i wafelki,0,false
51871,2025-12-23 00:00:00,-1,0.0,0.0,4.0,0.0,0.0,3.4878,0.0,-1.0,brak,21.0,1.0,0.0,0.0,0.0,217.0,BATON PAWEŁEK DUO KOKOS 45G WEDEL,59085928.0,brak,-1.0,1.0,BATONY I WAFELKI,DF,0,IP,0.0,sprzedaz,0,baton pawelek duo kokos 45g wedel,batony i wafelki,0,false
51871,2025-12-24 00:00:00,-1,0.0,0.0,4.0,0.0,0.0,3.4878,0.0,-1.0,brak,21.0,1.0,0.0,0.0,0.0,217.0,BATON PAWEŁEK DUO KOKOS 45G WEDEL,59085928.0,brak,-1.0,1.0,BATONY I WAFELKI,DF,0,IP,0.0,sprzedaz,0,baton pawelek duo kokos 45g wedel,batony i wafelki,0,false
51871,2025-12-25 00:00:00,-1,0.0,0.0,4.0,0.0,0.0,3.4878,0.0,-1.0,brak,21.0,1.0,0.0,0.0,0.0,217.0,BATON PAWEŁEK DUO KOKOS 45G WEDEL,59085928.0,brak,-1.0,1.0,BATONY I WAFELKI,DF,0,IP,0.0,sprzedaz,0,baton pawelek duo kokos 45g wedel,batony i wafelki,0,false
51871,2025-12-26 00:00:00,-1,0.0,0.0,4.0,0.0,0.0,3.4878,0.0,-1.0,brak,21.0,1.0,0.0,0.0,0.0,217.0,BATON PAWEŁEK DUO KOKOS 45G WEDEL,59085928.0,brak,-1.0,1.0,BATONY I WAFELKI,DF,0,IP,0.0,sprzedaz,0,baton pawelek duo kokos 45g wedel,batony i wafelki,0,false
51871,2025-12-27 00:00:00,-1,0.0,0.0,4.0,0.0,0.0,3.4878,0.0,-1.0,brak,21.0,1.0,0.0,0.0,0.0,217.0,BATON PAWEŁEK DUO KOKOS 45G WEDEL,59085928.0,brak,-1.0,1.0,BATONY I WAFELKI,DF,0,IP,0.0,sprzedaz,0,baton pawelek duo kokos 45g wedel,batony i wafelki,0,false
51871,2025-12-28 00:00:00,-1,0.0,0.0,4.0,0.0,0.0,3.4878,0.0,-1.0,brak,21.0,1.0,0.0,0.0,0.0,217.0,BATON PAWEŁEK DUO KOKOS 45G WEDEL,59085928.0,brak,-1.0,1.0,BATONY I WAFELKI,DF,0,IP,0.0,sprzedaz,0,baton pawelek duo kokos 45g wedel,batony i wafelki,0,false
51871,2025-12-29 00:00:00,-1,0.0,0.0,4.0,0.0,0.0,3.4878,0.0,-1.0,brak,21.0,1.0,0.0,0.0,0.0,217.0,BATON PAWEŁEK DUO KOKOS 45G WEDEL,59085928.0,brak,-1.0,1.0,BATONY I WAFELKI,DF,0,IP,0.0,sprzedaz,0,baton pawelek duo kokos 45g wedel,batony i wafelki,0,false
51871,2025-12-30 00:00:00,-1,0.0,0.0,4.0,0.0,0.0,3.4878,0.0,-1.0,brak,21.0,1.0,0.0,0.0,0.0,217.0,BATON PAWEŁEK DUO KOKOS 45G WEDEL,59085928.0,brak,-1.0,1.0,BATONY I WAFELKI,DF,0,IP,0.0,sprzedaz,0,baton pawelek duo kokos 45g wedel,batony i wafelki,0,false
51871,2025-12-31 00:00:00,-1,0.0,0.0,4.0,0.0,0.0,3.4878,0.0,-1.0,brak,21.0,1.0,0.0,0.0,0.0,217.0,BATON PAWEŁEK DUO KOKOS 45G WEDEL,59085928.0,brak,-1.0,1.0,BATONY I WAFELKI,DF,0,IP,0.0,sprzedaz,0,baton pawelek duo kokos 45g wedel,batony i wafelki,0,false
51871,2026-01-01 00:00:00,-1,0.0,0.0,4.0,0.0,0.0,3.4878,0.0,-1.0,brak,21.0,1.0,0.0,0.0,0.0,217.0,BATON PAWEŁEK DUO KOKOS 45G WEDEL,59085928.0,brak,-1.0,1.0,BATONY I WAFELKI,DF,0,IP,0.0,sprzedaz,0,baton pawelek duo kokos 45g wedel,batony i wafelki,0,false
51871,2026-01-02 00:00:00,-1,0.0,0.0,4.0,0.0,0.0,3.4878,0.0,-1.0,brak,21.0,1.0,0.0,0.0,0.0,217.0,BATON PAWEŁEK DUO KOKOS 45G WEDEL,59085928.0,brak,-1.0,1.0,BATONY I WAFELKI,DF,0,IP,0.0,sprzedaz,0,baton pawelek duo kokos 45g wedel,batony i wafelki,0,false
51871,2026-01-03 00:00:00,2213615,2.0,2.0,4.0,1.0,0.0,3.4878,3.4878,763.0,DF/PAR/260103/1021/2,21.0,1.0,44.19,44.19,44.19,217.0,BATON PAWEŁEK DUO KOKOS 45G WEDEL,59085928.0,nan,-1.0,0.0,BATONY I WAFELKI,DF,1,IP,-1.0,sprzedaz,0,baton pawelek duo kokos 45g wedel,batony i wafelki,0,false
51871,2026-01-04 00:00:00,-1,0.0,0.0,4.0,0.0,0.0,3.4878,0.0,-1.0,brak,21.0,1.0,0.0,0.0,0.0,217.0,BATON PAWEŁEK DUO KOKOS 45G WEDEL,59085928.0,brak,-1.0,1.0,BATONY I WAFELKI,DF,0,IP,0.0,sprzedaz,0,baton pawelek duo kokos 45g wedel,batony i wafelki,0,false
51871,2026-01-05 00:00:00,2214402,9.0,9.0,4.0,1.0,0.0,3.4878,3.4878,594.0,DF/PAR/260105/1488/2,21.0,1.0,36.7,36.7,36.7,217.0,BATON PAWEŁEK DUO KOKOS 45G WEDEL,59085928.0,nan,-1.0,0.0,BATONY I WAFELKI,DF,1,IP,-1.0,sprzedaz,0,baton pawelek duo kokos 45g wedel,batony i wafelki,0,false
51871,2026-01-06 00:00:00,-1,0.0,0.0,4.0,0.0,0.0,3.4878,0.0,-1.0,brak,21.0,1.0,0.0,0.0,0.0,217.0,BATON PAWEŁEK DUO KOKOS 45G WEDEL,59085928.0,brak,-1.0,1.0,BATONY I WAFELKI,DF,0,IP,0.0,sprzedaz,0,baton pawelek duo kokos 45g wedel,batony i wafelki,0,false
51871,2026-01-07 00:00:00,-1,0.0,0.0,4.0,0.0,0.0,3.4878,0.0,-1.0,brak,21.0,1.0,0.0,0.0,0.0,217.0,BATON PAWEŁEK DUO KOKOS 45G WEDEL,59085928.0,brak,-1.0,1.0,BATONY I WAFELKI,DF,0,IP,0.0,sprzedaz,0,baton pawelek duo kokos 45g wedel,batony i wafelki,0,false
51871,2026-01-08 00:00:00,-1,0.0,0.0,4.0,0.0,0.0,3.4878,0.0,-1.0,brak,21.0,1.0,0.0,0.0,0.0,217.0,BATON PAWEŁEK DUO KOKOS 45G WEDEL,59085928.0,brak,-1.0,1.0,BATONY I WAFELKI,DF,0,IP,0.0,sprzedaz,0,baton pawelek duo kokos 45g wedel,batony i wafelki,0,false
51871,2026-01-09 00:00:00,2217940,6.0,6.0,4.0,1.0,0.0,3.4878,3.4878,792.0,DF/PAR/260109/1280/1,21.0,1.0,45.42,45.42,45.42,217.0,BATON PAWEŁEK DUO KOKOS 45G WEDEL,59085928.0,nan,-1.0,0.0,BATONY I WAFELKI,DF,1,IP,-1.0,sprzedaz,0,baton pawelek duo kokos 45g wedel,batony i wafelki,0,false
51871,2026-01-09 00:00:00,2217940,7.0,7.0,4.0,1.0,0.0,3.4878,3.4878,792.0,DF/PAR/260109/1280/1,21.0,1.0,45.42,45.42,45.42,217.0,BATON PAWEŁEK DUO KOKOS 45G WEDEL,59085928.0,nan,-1.0,0.0,BATONY I WAFELKI,DF,1,IP,-1.0,sprzedaz,0,baton pawelek duo kokos 45g wedel,batony i wafelki,0,false
51871,2026-01-10 00:00:00,2218888,14.0,14.0,4.0,1.0,0.0,3.4878,3.4878,648.0,DF/PAR/260110/4275/2,21.0,1.0,85.14,85.14,85.14,217.0,BATON PAWEŁEK DUO KOKOS 45G WEDEL,59085928.0,nan,-1.0,0.0,BATONY I WAFELKI,DF,1,IP,-1.0,sprzedaz,0,baton pawelek duo kokos 45g wedel,batony i wafelki,0,false
51871,2026-01-11 00:00:00,-1,0.0,0.0,4.0,0.0,0.0,3.4878,0.0,-1.0,brak,21.0,1.0,0.0,0.0,0.0,217.0,BATON PAWEŁEK DUO KOKOS 45G WEDEL,59085928.0,brak,-1.0,1.0,BATONY I WAFELKI,DF,0,IP,0.0,sprzedaz,0,baton pawelek duo kokos 45g wedel,batony i wafelki,0,false
51871,2026-01-12 00:00:00,-1,0.0,0.0,4.0,0.0,0.0,3.4878,0.0,-1.0,brak,21.0,1.0,0.0,0.0,0.0,217.0,BATON PAWEŁEK DUO KOKOS 45G WEDEL,59085928.0,brak,-1.0,1.0,BATONY I WAFELKI,DF,0,IP,0.0,sprzedaz,0,baton pawelek duo kokos 45g wedel,batony i wafelki,0,false
51871,2026-01-13 00:00:00,-1,0.0,0.0,4.0,0.0,0.0,3.4878,0.0,-1.0,brak,21.0,1.0,0.0,0.0,0.0,217.0,BATON PAWEŁEK DUO KOKOS 45G WEDEL,59085928.0,brak,-1.0,1.0,BATONY I WAFELKI,DF,0,IP,0.0,sprzedaz,0,baton pawelek duo kokos 45g wedel,batony i wafelki,0,false
51871,2026-01-14 00:00:00,2222051,2.0,2.0,4.0,1.0,0.0,3.4878,3.4878,838.0,DF/PAR/260114/2314/1,21.0,1.0,13.76,13.76,13.76,217.0,BATON PAWEŁEK DUO KOKOS 45G WEDEL,59085928.0,nan,-1.0,0.0,BATONY I WAFELKI,DF,1,IP,-1.0,sprzedaz,0,baton pawelek duo kokos 45g wedel,batony i wafelki,0,false
51871,2026-01-15 00:00:00,-1,0.0,0.0,4.0,0.0,0.0,3.4878,0.0,-1.0,brak,21.0,1.0,0.0,0.0,0.0,217.0,BATON PAWEŁEK DUO KOKOS 45G WEDEL,59085928.0,brak,-1.0,1.0,BATONY I WAFELKI,DF,0,IP,0.0,sprzedaz,0,baton pawelek duo kokos 45g wedel,batony i wafelki,0,false
51871,2026-01-16 00:00:00,-1,0.0,0.0,4.0,0.0,0.0,3.4878,0.0,-1.0,brak,21.0,1.0,0.0,0.0,0.0,217.0,BATON PAWEŁEK DUO KOKOS 45G WEDEL,59085928.0,brak,-1.0,1.0,BATONY I WAFELKI,DF,0,IP,0.0,sprzedaz,0,baton pawelek duo kokos 45g wedel,batony i wafelki,0,false
51871,2026-01-17 00:00:00,-1,0.0,0.0,4.0,0.0,0.0,3.4878,0.0,-1.0,brak,21.0,1.0,0.0,0.0,0.0,217.0,BATON PAWEŁEK DUO KOKOS 45G WEDEL,59085928.0,brak,-1.0,1.0,BATONY I WAFELKI,DF,0,IP,0.0,sprzedaz,0,baton pawelek duo kokos 45g wedel,batony i wafelki,0,false
51871,2026-01-18 00:00:00,-1,0.0,0.0,4.0,0.0,0.0,3.4878,0.0,-1.0,brak,21.0,1.0,0.0,0.0,0.0,217.0,BATON PAWEŁEK DUO KOKOS 45G WEDEL,59085928.0,brak,-1.0,1.0,BATONY I WAFELKI,DF,0,IP,0.0,sprzedaz,0,baton pawelek duo kokos 45g wedel,batony i wafelki,0,false
51871,2026-01-19 00:00:00,2225679,13.0,13.0,4.0,1.0,0.0,2.6748,2.6748,284.0,DF/PAR/260119/3916/1,21.0,1.0,36.26,36.26,36.26,217.0,BATON PAWEŁEK DUO KOKOS 45G WEDEL,59085928.0,nan,-1.0,0.0,BATONY I WAFELKI,DF,1,IP,-1.0,sprzedaz,0,baton pawelek duo kokos 45g wedel,batony i wafelki,0,false
51871,2026-01-20 00:00:00,2226589,3.0,3.0,4.0,1.0,0.0,2.6748,2.6748,225.0,DF/PAR/260120/4294/1,21.0,1.0,15.94,15.94,15.94,217.0,BATON PAWEŁEK DUO KOKOS 45G WEDEL,59085928.0,nan,-1.0,0.0,BATONY I WAFELKI,DF,1,IP,-1.0,sprzedaz,0,baton pawelek duo kokos 45g wedel,batony i wafelki,0,false
51871,2026-01-20 00:00:00,2226988,1.0,1.0,4.0,1.0,0.0,2.6748,2.6748,624.0,DF/PAR/260120/4498/1,21.0,1.0,40.86,40.86,40.86,217.0,BATON PAWEŁEK DUO KOKOS 45G WEDEL,59085928.0,nan,-1.0,0.0,BATONY I WAFELKI,DF,1,IP,-1.0,sprzedaz,0,baton pawelek duo kokos 45g wedel,batony i wafelki,0,false
51871,2026-01-21 00:00:00,2228182,1.0,1.0,4.0,1.0,0.0,2.6748,2.6748,770.0,DF/PAR/260121/8360/2,21.0,1.0,3.29,3.29,3.29,217.0,BATON PAWEŁEK DUO KOKOS 45G WEDEL,59085928.0,nan,-1.0,0.0,BATONY I WAFELKI,DF,1,IP,-1.0,sprzedaz,0,baton pawelek duo kokos 45g wedel,batony i wafelki,0,false
51871,2026-01-22 00:00:00,-1,0.0,0.0,4.0,0.0,0.0,2.6748,0.0,-1.0,brak,21.0,1.0,0.0,0.0,0.0,217.0,BATON PAWEŁEK DUO KOKOS 45G WEDEL,59085928.0,brak,-1.0,1.0,BATONY I WAFELKI,DF,0,IP,0.0,sprzedaz,0,baton pawelek duo kokos 45g wedel,batony i wafelki,0,false
51871,2026-01-23 00:00:00,2229612,17.0,17.0,4.0,1.0,0.0,2.6748,2.6748,205.0,DF/PAR/260123/5709/1,21.0,1.0,129.51,129.51,129.51,217.0,BATON PAWEŁEK DUO KOKOS 45G WEDEL,59085928.0,nan,-1.0,0.0,BATONY I WAFELKI,DF,1,IP,-1.0,sprzedaz,0,baton pawelek duo kokos 45g wedel,batony i wafelki,0,false
51871,2026-01-23 00:00:00,2229703,5.0,5.0,4.0,1.0,0.0,2.6748,2.6748,296.0,DF/PAR/260123/5755/1,21.0,1.0,22.41,22.41,22.41,217.0,BATON PAWEŁEK DUO KOKOS 45G WEDEL,59085928.0,nan,-1.0,0.0,BATONY I WAFELKI,DF,1,IP,-1.0,sprzedaz,0,baton pawelek duo kokos 45g wedel,batony i wafelki,0,false
51871,2026-01-23 00:00:00,2229703,6.0,6.0,4.0,1.0,0.0,2.6748,2.6748,296.0,DF/PAR/260123/5755/1,21.0,1.0,22.41,22.41,22.41,217.0,BATON PAWEŁEK DUO KOKOS 45G WEDEL,59085928.0,nan,-1.0,0.0,BATONY I WAFELKI,DF,1,IP,-1.0,sprzedaz,0,baton pawelek duo kokos 45g wedel,batony i wafelki,0,false
51871,2026-01-24 00:00:00,-1,0.0,0.0,4.0,0.0,0.0,2.6748,0.0,-1.0,brak,21.0,1.0,0.0,0.0,0.0,217.0,BATON PAWEŁEK DUO KOKOS 45G WEDEL,59085928.0,brak,-1.0,1.0,BATONY I WAFELKI,DF,0,IP,0.0,sprzedaz,0,baton pawelek duo kokos 45g wedel,batony i wafelki,0,false
51871,2026-01-25 00:00:00,2231569,6.0,6.0,4.0,1.0,0.0,2.6748,2.6748,4.0,DF/PAR/260125/6330/1,21.0,1.0,20.23,20.23,20.23,217.0,BATON PAWEŁEK DUO KOKOS 45G WEDEL,59085928.0,nan,-1.0,0.0,BATONY I WAFELKI,DF,1,IP,-1.0,sprzedaz,0,baton pawelek duo kokos 45g wedel,batony i wafelki,0,false
51871,2026-01-25 00:00:00,2231569,7.0,7.0,4.0,1.0,0.0,2.6748,2.6748,4.0,DF/PAR/260125/6330/1,21.0,1.0,20.23,20.23,20.23,217.0,BATON PAWEŁEK DUO KOKOS 45G WEDEL,59085928.0,nan,-1.0,0.0,BATONY I WAFELKI,DF,1,IP,-1.0,sprzedaz,0,baton pawelek duo kokos 45g wedel,batony i wafelki,0,false
51871,2026-01-26 00:00:00,-1,0.0,0.0,4.0,0.0,0.0,2.6748,0.0,-1.0,brak,21.0,1.0,0.0,0.0,0.0,217.0,BATON PAWEŁEK DUO KOKOS 45G WEDEL,59085928.0,brak,-1.0,1.0,BATONY I WAFELKI,DF,0,IP,0.0,sprzedaz,0,baton pawelek duo kokos 45g wedel,batony i wafelki,0,false
51871,2026-01-27 00:00:00,-1,0.0,0.0,4.0,0.0,0.0,2.6748,0.0,-1.0,brak,21.0,1.0,0.0,0.0,0.0,217.0,BATON PAWEŁEK DUO KOKOS 45G WEDEL,59085928.0,brak,-1.0,1.0,BATONY I WAFELKI,DF,0,IP,0.0,sprzedaz,0,baton pawelek duo kokos 45g wedel,batony i wafelki,0,false
51871,2026-01-28 00:00:00,2234077,5.0,5.0,4.0,1.0,0.0,2.6748,2.6748,443.0,DF/PAR/260128/11035/2,21.0,1.0,44.92,44.92,44.92,217.0,BATON PAWEŁEK DUO KOKOS 45G WEDEL,59085928.0,nan,-1.0,0.0,BATONY I WAFELKI,DF,1,IP,-1.0,sprzedaz,0,baton pawelek duo kokos 45g wedel,batony i wafelki,0,false
51871,2026-01-28 00:00:00,2234200,6.0,6.0,4.0,1.0,0.0,2.6748,2.6748,563.0,DF/PAR/260128/11107/2,21.0,1.0,26.52,26.52,26.52,217.0,BATON PAWEŁEK DUO KOKOS 45G WEDEL,59085928.0,nan,-1.0,0.0,BATONY I WAFELKI,DF,1,IP,-1.0,sprzedaz,0,baton pawelek duo kokos 45g wedel,batony i wafelki,0,false
51871,2026-01-29 00:00:00,-1,0.0,0.0,4.0,0.0,0.0,2.6748,0.0,-1.0,brak,21.0,1.0,0.0,0.0,0.0,217.0,BATON PAWEŁEK DUO KOKOS 45G WEDEL,59085928.0,brak,-1.0,1.0,BATONY I WAFELKI,DF,0,IP,0.0,sprzedaz,0,baton pawelek duo kokos 45g wedel,batony i wafelki,0,false
51871,2026-01-30 00:00:00,-1,0.0,0.0,4.0,0.0,0.0,2.6748,0.0,-1.0,brak,21.0,1.0,0.0,0.0,0.0,217.0,BATON PAWEŁEK DUO KOKOS 45G WEDEL,59085928.0,brak,-1.0,1.0,BATONY I WAFELKI,DF,0,IP,0.0,sprzedaz,0,baton pawelek duo kokos 45g wedel,batony i wafelki,0,false
51871,2026-01-31 00:00:00,2236814,1.0,1.0,4.0,1.0,0.0,2.6748,2.6748,103.0,DF/PAR/260131/8456/1,21.0,1.0,37.1,37.1,37.1,217.0,BATON PAWEŁEK DUO KOKOS 45G WEDEL,59085928.0,nan,-1.0,0.0,BATONY I WAFELKI,DF,1,IP,-1.0,sprzedaz,0,baton pawelek duo kokos 45g wedel,batony i wafelki,0,false
16841,2025-12-17 00:00:00,2200856,8.0,8.0,4.0,1.0,0.0,5.6829,5.6829,886.0,DF/PAR/251217/10417/2,21.0,1.0,55.76,55.76,55.76,223.0,"CZEKOLADA MLECZNA MILKA MILKINIS 87,5G MONDELEZ",7622200003938.0,SLODYCZE,328.0,1.0,CZEKOLADY,DF,1,IP,-1.0,sprzedaz,0,czekolada mleczna milka milkinis 87 5g mondelez,czekolady,0,false
16841,2025-12-18 00:00:00,2201247,3.0,3.0,4.0,1.0,0.0,5.6829,5.6829,179.0,DF/PAR/251218/10649/2,21.0,1.0,16.76,16.76,16.76,223.0,"CZEKOLADA MLECZNA MILKA MILKINIS 87,5G MONDELEZ",7622200003938.0,SLODYCZE,328.0,1.0,CZEKOLADY,DF,1,IP,-1.0,sprzedaz,0,czekolada mleczna milka milkinis 87 5g mondelez,czekolady,0,false
16841,2025-12-18 00:00:00,2201413,9.0,9.0,4.0,1.0,0.0,5.6829,5.6829,345.0,DF/PAR/251218/10764/2,21.0,1.0,111.35,111.35,111.35,223.0,"CZEKOLADA MLECZNA MILKA MILKINIS 87,5G MONDELEZ",7622200003938.0,SLODYCZE,328.0,1.0,CZEKOLADY,DF,1,IP,-1.0,sprzedaz,0,czekolada mleczna milka milkinis 87 5g mondelez,czekolady,0,false
16841,2025-12-18 00:00:00,2201897,2.0,2.0,4.0,1.0,0.0,5.6829,5.6829,822.0,DF/PAR/251218/11065/2,21.0,1.0,23.84,23.84,23.84,223.0,"CZEKOLADA MLECZNA MILKA MILKINIS 87,5G MONDELEZ",7622200003938.0,SLODYCZE,328.0,1.0,CZEKOLADY,DF,1,IP,-1.0,sprzedaz,0,czekolada mleczna milka milkinis 87 5g mondelez,czekolady,0,false
16841,2025-12-19 00:00:00,-1,0.0,0.0,4.0,0.0,0.0,5.6829,0.0,-1.0,brak,21.0,1.0,0.0,0.0,0.0,223.0,"CZEKOLADA MLECZNA MILKA MILKINIS 87,5G MONDELEZ",7622200003938.0,brak,328.0,1.0,CZEKOLADY,DF,0,IP,0.0,sprzedaz,0,czekolada mleczna milka milkinis 87 5g mondelez,czekolady,0,false
16841,2025-12-20 00:00:00,-1,0.0,0.0,4.0,0.0,0.0,5.6829,0.0,-1.0,brak,21.0,1.0,0.0,0.0,0.0,223.0,"CZEKOLADA MLECZNA MILKA MILKINIS 87,5G MONDELEZ",7622200003938.0,brak,328.0,1.0,CZEKOLADY,DF,0,IP,0.0,sprzedaz,0,czekolada mleczna milka milkinis 87 5g mondelez,czekolady,0,false
16841,2025-12-21 00:00:00,-1,0.0,0.0,4.0,0.0,0.0,5.6829,0.0,-1.0,brak,21.0,1.0,0.0,0.0,0.0,223.0,"CZEKOLADA MLECZNA MILKA MILKINIS 87,5G MONDELEZ",7622200003938.0,brak,328.0,1.0,CZEKOLADY,DF,0,IP,0.0,sprzedaz,0,czekolada mleczna milka milkinis 87 5g mondelez,czekolady,0,false
16841,2025-12-22 00:00:00,2205135,1.0,1.0,4.0,1.0,0.0,5.6829,5.6829,211.0,DF/PAR/251222/3823/1,21.0,1.0,31.42,31.42,31.42,223.0,"CZEKOLADA MLECZNA MILKA MILKINIS 87,5G MONDELEZ",7622200003938.0,SLODYCZE,328.0,1.0,CZEKOLADY,DF,1,IP,-1.0,sprzedaz,0,czekolada mleczna milka milkinis 87 5g mondelez,czekolady,0,false
16841,2025-12-22 00:00:00,2205135,2.0,2.0,4.0,1.0,0.0,5.6829,5.6829,211.0,DF/PAR/251222/3823/1,21.0,1.0,31.42,31.42,31.42,223.0,"CZEKOLADA MLECZNA MILKA MILKINIS 87,5G MONDELEZ",7622200003938.0,SLODYCZE,328.0,1.0,CZEKOLADY,DF,1,IP,-1.0,sprzedaz,0,czekolada mleczna milka milkinis 87 5g mondelez,czekolady,0,false
16841,2025-12-22 00:00:00,2205230,2.0,2.0,4.0,1.0,0.0,5.6829,5.6829,306.0,DF/PAR/251222/13135/2,21.0,1.0,21.97,21.97,21.97,223.0,"CZEKOLADA MLECZNA MILKA MILKINIS 87,5G MONDELEZ",7622200003938.0,SLODYCZE,328.0,1.0,CZEKOLADY,DF,1,IP,-1.0,sprzedaz,0,czekolada mleczna milka milkinis 87 5g mondelez,czekolady,0,false
16841,2025-12-22 00:00:00,2205230,3.0,3.0,4.0,1.0,0.0,5.6829,5.6829,306.0,DF/PAR/251222/13135/2,21.0,1.0,21.97,21.97,21.97,223.0,"CZEKOLADA MLECZNA MILKA MILKINIS 87,5G MONDELEZ",7622200003938.0,SLODYCZE,328.0,1.0,CZEKOLADY,DF,1,IP,-1.0,sprzedaz,0,czekolada mleczna milka milkinis 87 5g mondelez,czekolady,0,false
16841,2025-12-22 00:00:00,2205498,3.0,3.0,4.0,1.0,0.0,5.6829,5.6829,574.0,DF/PAR/251222/3995/1,21.0,1.0,92.62,92.62,92.62,223.0,"CZEKOLADA MLECZNA MILKA MILKINIS 87,5G MONDELEZ",7622200003938.0,SLODYCZE,328.0,1.0,CZEKOLADY,DF,1,IP,-1.0,sprzedaz,0,czekolada mleczna milka milkinis 87 5g mondelez,czekolady,0,false
16841,2025-12-22 00:00:00,2205498,4.0,4.0,4.0,1.0,0.0,5.6829,5.6829,574.0,DF/PAR/251222/3995/1,21.0,1.0,92.62,92.62,92.62,223.0,"CZEKOLADA MLECZNA MILKA MILKINIS 87,5G MONDELEZ",7622200003938.0,SLODYCZE,328.0,1.0,CZEKOLADY,DF,1,IP,-1.0,sprzedaz,0,czekolada mleczna milka milkinis 87 5g mondelez,czekolady,0,false
16841,2025-12-22 00:00:00,2205758,1.0,1.0,4.0,4.0,0.0,5.6829,22.7317,832.0,DF/PAR/251222/4090/1,21.0,1.0,68.22,68.22,68.22,223.0,"CZEKOLADA MLECZNA MILKA MILKINIS 87,5G MONDELEZ",7622200003938.0,SLODYCZE,328.0,1.0,CZEKOLADY,DF,1,IP,-1.0,sprzedaz,0,czekolada mleczna milka milkinis 87 5g mondelez,czekolady,0,false
16841,2025-12-23 00:00:00,-1,0.0,0.0,4.0,0.0,0.0,5.6829,0.0,-1.0,brak,21.0,1.0,0.0,0.0,0.0,223.0,"CZEKOLADA MLECZNA MILKA MILKINIS 87,5G MONDELEZ",7622200003938.0,brak,328.0,1.0,CZEKOLADY,DF,0,IP,0.0,sprzedaz,0,czekolada mleczna milka milkinis 87 5g mondelez,czekolady,0,false
16841,2025-12-24 00:00:00,-1,0.0,0.0,4.0,0.0,0.0,5.6829,0.0,-1.0,brak,21.0,1.0,0.0,0.0,0.0,223.0,"CZEKOLADA MLECZNA MILKA MILKINIS 87,5G MONDELEZ",7622200003938.0,brak,328.0,1.0,CZEKOLADY,DF,0,IP,0.0,sprzedaz,0,czekolada mleczna milka milkinis 87 5g mondelez,czekolady,0,false
16841,2025-12-25 00:00:00,-1,0.0,0.0,4.0,0.0,0.0,5.6829,0.0,-1.0,brak,21.0,1.0,0.0,0.0,0.0,223.0,"CZEKOLADA MLECZNA MILKA MILKINIS 87,5G MONDELEZ",7622200003938.0,brak,328.0,1.0,CZEKOLADY,DF,0,IP,0.0,sprzedaz,0,czekolada mleczna milka milkinis 87 5g mondelez,czekolady,0,false
16841,2025-12-26 00:00:00,-1,0.0,0.0,4.0,0.0,0.0,5.6829,0.0,-1.0,brak,21.0,1.0,0.0,0.0,0.0,223.0,"CZEKOLADA MLECZNA MILKA MILKINIS 87,5G MONDELEZ",7622200003938.0,brak,328.0,1.0,CZEKOLADY,DF,0,IP,0.0,sprzedaz,0,czekolada mleczna milka milkinis 87 5g mondelez,czekolady,0,false
16841,2025-12-27 00:00:00,-1,0.0,0.0,4.0,0.0,0.0,5.6829,0.0,-1.0,brak,21.0,1.0,0.0,0.0,0.0,223.0,"CZEKOLADA MLECZNA MILKA MILKINIS 87,5G MONDELEZ",7622200003938.0,brak,328.0,1.0,CZEKOLADY,DF,0,IP,0.0,sprzedaz,0,czekolada mleczna milka milkinis 87 5g mondelez,czekolady,0,false
16841,2025-12-28 00:00:00,-1,0.0,0.0,4.0,0.0,0.0,5.6829,0.0,-1.0,brak,21.0,1.0,0.0,0.0,0.0,223.0,"CZEKOLADA MLECZNA MILKA MILKINIS 87,5G MONDELEZ",7622200003938.0,brak,328.0,1.0,CZEKOLADY,DF,0,IP,0.0,sprzedaz,0,czekolada mleczna milka milkinis 87 5g mondelez,czekolady,0,false
16841,2025-12-29 00:00:00,2208727,1.0,1.0,4.0,1.0,0.0,5.6829,5.6829,180.0,DF/PAR/251229/5400/1,21.0,1.0,17.97,17.97,17.97,223.0,"CZEKOLADA MLECZNA MILKA MILKINIS 87,5G MONDELEZ",7622200003938.0,SLODYCZE,328.0,1.0,CZEKOLADY,DF,1,IP,-1.0,sprzedaz,0,czekolada mleczna milka milkinis 87 5g mondelez,czekolady,0,false
16841,2025-12-30 00:00:00,-1,0.0,0.0,4.0,0.0,0.0,5.6829,0.0,-1.0,brak,21.0,1.0,0.0,0.0,0.0,223.0,"CZEKOLADA MLECZNA MILKA MILKINIS 87,5G MONDELEZ",7622200003938.0,brak,328.0,1.0,CZEKOLADY,DF,0,IP,0.0,sprzedaz,0,czekolada mleczna milka milkinis 87 5g mondelez,czekolady,0,false
16841,2025-12-31 00:00:00,-1,0.0,0.0,4.0,0.0,0.0,5.6829,0.0,-1.0,brak,21.0,1.0,0.0,0.0,0.0,223.0,"CZEKOLADA MLECZNA MILKA MILKINIS 87,5G MONDELEZ",7622200003938.0,brak,328.0,1.0,CZEKOLADY,DF,0,IP,0.0,sprzedaz,0,czekolada mleczna milka milkinis 87 5g mondelez,czekolady,0,false
16841,2026-01-01 00:00:00,-1,0.0,0.0,4.0,0.0,0.0,5.6829,0.0,-1.0,brak,21.0,1.0,0.0,0.0,0.0,223.0,"CZEKOLADA MLECZNA MILKA MILKINIS 87,5G MONDELEZ",7622200003938.0,brak,328.0,1.0,CZEKOLADY,DF,0,IP,0.0,sprzedaz,0,czekolada mleczna milka milkinis 87 5g mondelez,czekolady,0,false
16841,2026-01-02 00:00:00,-1,0.0,0.0,4.0,0.0,0.0,5.6829,0.0,-1.0,brak,21.0,1.0,0.0,0.0,0.0,223.0,"CZEKOLADA MLECZNA MILKA MILKINIS 87,5G MONDELEZ",7622200003938.0,brak,328.0,1.0,CZEKOLADY,DF,0,IP,0.0,sprzedaz,0,czekolada mleczna milka milkinis 87 5g mondelez,czekolady,0,false
16841,2026-01-03 00:00:00,2213614,2.0,2.0,4.0,1.0,0.0,5.6829,5.6829,762.0,DF/PAR/260103/1020/2,21.0,1.0,33.57,33.57,33.57,223.0,"CZEKOLADA MLECZNA MILKA MILKINIS 87,5G MONDELEZ",7622200003938.0,SLODYCZE,328.0,1.0,CZEKOLADY,DF,1,IP,-1.0,sprzedaz,0,czekolada mleczna milka milkinis 87 5g mondelez,czekolady,0,false
16841,2026-01-04 00:00:00,-1,0.0,0.0,4.0,0.0,0.0,5.6829,0.0,-1.0,brak,21.0,1.0,0.0,0.0,0.0,223.0,"CZEKOLADA MLECZNA MILKA MILKINIS 87,5G MONDELEZ",7622200003938.0,brak,328.0,1.0,CZEKOLADY,DF,0,IP,0.0,sprzedaz,0,czekolada mleczna milka milkinis 87 5g mondelez,czekolady,0,false
16841,2026-01-05 00:00:00,2213970,1.0,1.0,4.0,1.0,0.0,5.6829,5.6829,162.0,DF/PAR/260105/1274/2,21.0,1.0,10.97,10.97,10.97,223.0,"CZEKOLADA MLECZNA MILKA MILKINIS 87,5G MONDELEZ",7622200003938.0,SLODYCZE,328.0,1.0,CZEKOLADY,DF,1,IP,-1.0,sprzedaz,0,czekolada mleczna milka milkinis 87 5g mondelez,czekolady,0,false
16841,2026-01-05 00:00:00,2214994,1.0,1.0,4.0,1.0,0.0,5.6829,5.6829,1182.0,DF/PAR/260105/724/1,21.0,1.0,6.99,6.99,6.99,223.0,"CZEKOLADA MLECZNA MILKA MILKINIS 87,5G MONDELEZ",7622200003938.0,SLODYCZE,328.0,1.0,CZEKOLADY,DF,1,IP,-1.0,sprzedaz,0,czekolada mleczna milka milkinis 87 5g mondelez,czekolady,0,false
16841,2026-01-06 00:00:00,-1,0.0,0.0,4.0,0.0,0.0,5.6829,0.0,-1.0,brak,21.0,1.0,0.0,0.0,0.0,223.0,"CZEKOLADA MLECZNA MILKA MILKINIS 87,5G MONDELEZ",7622200003938.0,brak,328.0,1.0,CZEKOLADY,DF,0,IP,0.0,sprzedaz,0,czekolada mleczna milka milkinis 87 5g mondelez,czekolady,0,false
16841,2026-01-07 00:00:00,-1,0.0,0.0,4.0,0.0,0.0,5.6829,0.0,-1.0,brak,21.0,1.0,0.0,0.0,0.0,223.0,"CZEKOLADA MLECZNA MILKA MILKINIS 87,5G MONDELEZ",7622200003938.0,brak,328.0,1.0,CZEKOLADY,DF,0,IP,0.0,sprzedaz,0,czekolada mleczna milka milkinis 87 5g mondelez,czekolady,0,false
16841,2026-01-08 00:00:00,2216613,1.0,1.0,4.0,1.0,0.0,5.6829,5.6829,518.0,DF/PAR/260108/2930/2,21.0,1.0,21.96,21.96,21.96,223.0,"CZEKOLADA MLECZNA MILKA MILKINIS 87,5G MONDELEZ",7622200003938.0,SLODYCZE,328.0,1.0,CZEKOLADY,DF,1,IP,-1.0,sprzedaz,0,czekolada mleczna milka milkinis 87 5g mondelez,czekolady,0,false
16841,2026-01-09 00:00:00,-1,0.0,0.0,4.0,0.0,0.0,5.6829,0.0,-1.0,brak,21.0,1.0,0.0,0.0,0.0,223.0,"CZEKOLADA MLECZNA MILKA MILKINIS 87,5G MONDELEZ",7622200003938.0,brak,328.0,1.0,CZEKOLADY,DF,0,IP,0.0,sprzedaz,0,czekolada mleczna milka milkinis 87 5g mondelez,czekolady,0,false
16841,2026-01-10 00:00:00,2218798,6.0,6.0,4.0,1.0,0.0,5.6829,5.6829,558.0,DF/PAR/260110/4228/2,21.0,1.0,26.09,26.09,26.09,223.0,"CZEKOLADA MLECZNA MILKA MILKINIS 87,5G MONDELEZ",7622200003938.0,SLODYCZE,328.0,1.0,CZEKOLADY,DF,1,IP,-1.0,sprzedaz,0,czekolada mleczna milka milkinis 87 5g mondelez,czekolady,0,false
16841,2026-01-11 00:00:00,-1,0.0,0.0,4.0,0.0,0.0,5.6829,0.0,-1.0,brak,21.0,1.0,0.0,0.0,0.0,223.0,"CZEKOLADA MLECZNA MILKA MILKINIS 87,5G MONDELEZ",7622200003938.0,brak,328.0,1.0,CZEKOLADY,DF,0,IP,0.0,sprzedaz,0,czekolada mleczna milka milkinis 87 5g mondelez,czekolady,0,false
16841,2026-01-12 00:00:00,2219654,1.0,1.0,4.0,1.0,0.0,5.6829,5.6829,363.0,DF/PAR/260112/4813/2,21.0,1.0,16.02,16.02,16.02,223.0,"CZEKOLADA MLECZNA MILKA MILKINIS 87,5G MONDELEZ",7622200003938.0,SLODYCZE,328.0,1.0,CZEKOLADY,DF,1,IP,-1.0,sprzedaz,0,czekolada mleczna milka milkinis 87 5g mondelez,czekolady,0,false
16841,2026-01-13 00:00:00,-1,0.0,0.0,4.0,0.0,0.0,5.6829,0.0,-1.0,brak,21.0,1.0,0.0,0.0,0.0,223.0,"CZEKOLADA MLECZNA MILKA MILKINIS 87,5G MONDELEZ",7622200003938.0,brak,328.0,1.0,CZEKOLADY,DF,0,IP,0.0,sprzedaz,0,czekolada mleczna milka milkinis 87 5g mondelez,czekolady,0,false
16841,2026-01-14 00:00:00,-1,0.0,0.0,4.0,0.0,0.0,5.6829,0.0,-1.0,brak,21.0,1.0,0.0,0.0,0.0,223.0,"CZEKOLADA MLECZNA MILKA MILKINIS 87,5G MONDELEZ",7622200003938.0,brak,328.0,1.0,CZEKOLADY,DF,0,IP,0.0,sprzedaz,0,czekolada mleczna milka milkinis 87 5g mondelez,czekolady,0,false
16841,2026-01-15 00:00:00,-1,0.0,0.0,4.0,0.0,0.0,5.6829,0.0,-1.0,brak,21.0,1.0,0.0,0.0,0.0,223.0,"CZEKOLADA MLECZNA MILKA MILKINIS 87,5G MONDELEZ",7622200003938.0,brak,328.0,1.0,CZEKOLADY,DF,0,IP,0.0,sprzedaz,0,czekolada mleczna milka milkinis 87 5g mondelez,czekolady,0,false
16841,2026-01-16 00:00:00,-1,0.0,0.0,4.0,0.0,0.0,5.6829,0.0,-1.0,brak,21.0,1.0,0.0,0.0,0.0,223.0,"CZEKOLADA MLECZNA MILKA MILKINIS 87,5G MONDELEZ",7622200003938.0,brak,328.0,1.0,CZEKOLADY,DF,0,IP,0.0,sprzedaz,0,czekolada mleczna milka milkinis 87 5g mondelez,czekolady,0,false
16841,2026-01-17 00:00:00,-1,0.0,0.0,4.0,0.0,0.0,5.6829,0.0,-1.0,brak,21.0,1.0,0.0,0.0,0.0,223.0,"CZEKOLADA MLECZNA MILKA MILKINIS 87,5G MONDELEZ",7622200003938.0,brak,328.0,1.0,CZEKOLADY,DF,0,IP,0.0,sprzedaz,0,czekolada mleczna milka milkinis 87 5g mondelez,czekolady,0,false
16841,2026-01-18 00:00:00,-1,0.0,0.0,4.0,0.0,0.0,5.6829,0.0,-1.0,brak,21.0,1.0,0.0,0.0,0.0,223.0,"CZEKOLADA MLECZNA MILKA MILKINIS 87,5G MONDELEZ",7622200003938.0,brak,328.0,1.0,CZEKOLADY,DF,0,IP,0.0,sprzedaz,0,czekolada mleczna milka milkinis 87 5g mondelez,czekolady,0,false
16841,2026-01-19 00:00:00,-1,0.0,0.0,4.0,0.0,0.0,5.6829,0.0,-1.0,brak,21.0,1.0,0.0,0.0,0.0,223.0,"CZEKOLADA MLECZNA MILKA MILKINIS 87,5G MONDELEZ",7622200003938.0,brak,328.0,1.0,CZEKOLADY,DF,0,IP,0.0,sprzedaz,0,czekolada mleczna milka milkinis 87 5g mondelez,czekolady,0,false
16841,2026-01-20 00:00:00,2227321,5.0,5.0,4.0,1.0,0.0,5.6829,5.6829,945.0,DF/PAR/260120/8146/2,21.0,1.0,15.25,15.25,15.25,223.0,"CZEKOLADA MLECZNA MILKA MILKINIS 87,5G MONDELEZ",7622200003938.0,SLODYCZE,328.0,1.0,CZEKOLADY,DF,1,IP,-1.0,sprzedaz,0,czekolada mleczna milka milkinis 87 5g mondelez,czekolady,0,false
16841,2026-01-21 00:00:00,-1,0.0,0.0,4.0,0.0,0.0,5.6829,0.0,-1.0,brak,21.0,1.0,0.0,0.0,0.0,223.0,"CZEKOLADA MLECZNA MILKA MILKINIS 87,5G MONDELEZ",7622200003938.0,brak,328.0,1.0,CZEKOLADY,DF,0,IP,0.0,sprzedaz,0,czekolada mleczna milka milkinis 87 5g mondelez,czekolady,0,false
16841,2026-01-22 00:00:00,-1,0.0,0.0,4.0,0.0,0.0,5.6829,0.0,-1.0,brak,21.0,1.0,0.0,0.0,0.0,223.0,"CZEKOLADA MLECZNA MILKA MILKINIS 87,5G MONDELEZ",7622200003938.0,brak,328.0,1.0,CZEKOLADY,DF,0,IP,0.0,sprzedaz,0,czekolada mleczna milka milkinis 87 5g mondelez,czekolady,0,false
16841,2026-01-23 00:00:00,-1,0.0,0.0,4.0,0.0,0.0,5.6829,0.0,-1.0,brak,21.0,1.0,0.0,0.0,0.0,223.0,"CZEKOLADA MLECZNA MILKA MILKINIS 87,5G MONDELEZ",7622200003938.0,brak,328.0,1.0,CZEKOLADY,DF,0,IP,0.0,sprzedaz,0,czekolada mleczna milka milkinis 87 5g mondelez,czekolady,0,false
16841,2026-01-24 00:00:00,-1,0.0,0.0,4.0,0.0,0.0,5.6829,0.0,-1.0,brak,21.0,1.0,0.0,0.0,0.0,223.0,"CZEKOLADA MLECZNA MILKA MILKINIS 87,5G MONDELEZ",7622200003938.0,brak,328.0,1.0,CZEKOLADY,DF,0,IP,0.0,sprzedaz,0,czekolada mleczna milka milkinis 87 5g mondelez,czekolady,0,false
16841,2026-01-25 00:00:00,-1,0.0,0.0,4.0,0.0,0.0,5.6829,0.0,-1.0,brak,21.0,1.0,0.0,0.0,0.0,223.0,"CZEKOLADA MLECZNA MILKA MILKINIS 87,5G MONDELEZ",7622200003938.0,brak,328.0,1.0,CZEKOLADY,DF,0,IP,0.0,sprzedaz,0,czekolada mleczna milka milkinis 87 5g mondelez,czekolady,0,false
16841,2026-01-26 00:00:00,-1,0.0,0.0,4.0,0.0,0.0,5.6829,0.0,-1.0,brak,21.0,1.0,0.0,0.0,0.0,223.0,"CZEKOLADA MLECZNA MILKA MILKINIS 87,5G MONDELEZ",7622200003938.0,brak,328.0,1.0,CZEKOLADY,DF,0,IP,0.0,sprzedaz,0,czekolada mleczna milka milkinis 87 5g mondelez,czekolady,0,false
16841,2026-01-27 00:00:00,-1,0.0,0.0,4.0,0.0,0.0,5.6829,0.0,-1.0,brak,21.0,1.0,0.0,0.0,0.0,223.0,"CZEKOLADA MLECZNA MILKA MILKINIS 87,5G MONDELEZ",7622200003938.0,brak,328.0,1.0,CZEKOLADY,DF,0,IP,0.0,sprzedaz,0,czekolada mleczna milka milkinis 87 5g mondelez,czekolady,0,false
16841,2026-01-28 00:00:00,-1,0.0,0.0,4.0,0.0,0.0,5.6829,0.0,-1.0,brak,21.0,1.0,0.0,0.0,0.0,223.0,"CZEKOLADA MLECZNA MILKA MILKINIS 87,5G MONDELEZ",7622200003938.0,brak,328.0,1.0,CZEKOLADY,DF,0,IP,0.0,sprzedaz,0,czekolada mleczna milka milkinis 87 5g mondelez,czekolady,0,false
16841,2026-01-29 00:00:00,-1,0.0,0.0,4.0,0.0,0.0,5.6829,0.0,-1.0,brak,21.0,1.0,0.0,0.0,0.0,223.0,"CZEKOLADA MLECZNA MILKA MILKINIS 87,5G MONDELEZ",7622200003938.0,brak,328.0,1.0,CZEKOLADY,DF,0,IP,0.0,sprzedaz,0,czekolada mleczna milka milkinis 87 5g mondelez,czekolady,0,false
16841,2026-01-30 00:00:00,-1,0.0,0.0,4.0,0.0,0.0,5.6829,0.0,-1.0,brak,21.0,1.0,0.0,0.0,0.0,223.0,"CZEKOLADA MLECZNA MILKA MILKINIS 87,5G MONDELEZ",7622200003938.0,brak,328.0,1.0,CZEKOLADY,DF,0,IP,0.0,sprzedaz,0,czekolada mleczna milka milkinis 87 5g mondelez,czekolady,0,false
16841,2026-01-31 00:00:00,-1,0.0,0.0,4.0,0.0,0.0,5.6829,0.0,-1.0,brak,21.0,1.0,0.0,0.0,0.0,223.0,"CZEKOLADA MLECZNA MILKA MILKINIS 87,5G MONDELEZ",7622200003938.0,brak,328.0,1.0,CZEKOLADY,DF,0,IP,0.0,sprzedaz,0,czekolada mleczna milka milkinis 87 5g mondelez,czekolady,0,false
295,2025-12-17 00:00:00,2200919,7.0,7.0,4.0,1.0,0.0,3.3238,3.3238,949.0,DF/PAR/251217/10452/2,21.0,1.0,62.77,62.77,62.77,207.0,GROSZEK KONS BONDUELKA EXTRA DROBNY 212ML BONDUELLE,3083680692427.0,PRZETWORY OWOCOWE I WARZYWNE,60.0,0.0,WARZYWNE /przetwory owocowe,DF,1,IP,-1.0,sprzedaz,0,groszek kons bonduelka extra drobny 212ml bonduelle,warzywne przetwory owocowe,0,false
295,2025-12-18 00:00:00,2201461,3.0,3.0,4.0,1.0,0.0,3.3238,3.3238,393.0,DF/PAR/251218/10798/2,21.0,1.0,6.87,6.87,6.87,207.0,GROSZEK KONS BONDUELKA EXTRA DROBNY 212ML BONDUELLE,3083680692427.0,PRZETWORY OWOCOWE I WARZYWNE,60.0,0.0,WARZYWNE /przetwory owocowe,DF,1,IP,-1.0,sprzedaz,0,groszek kons bonduelka extra drobny 212ml bonduelle,warzywne przetwory owocowe,0,false
295,2025-12-19 00:00:00,2202590,4.0,4.0,4.0,1.0,0.0,3.3238,3.3238,391.0,DF/PAR/251219/11530/2,21.0,1.0,39.91,39.91,39.91,207.0,GROSZEK KONS BONDUELKA EXTRA DROBNY 212ML BONDUELLE,3083680692427.0,PRZETWORY OWOCOWE I WARZYWNE,60.0,0.0,WARZYWNE /przetwory owocowe,DF,1,IP,-1.0,sprzedaz,0,groszek kons bonduelka extra drobny 212ml bonduelle,warzywne przetwory owocowe,0,false
295,2025-12-20 00:00:00,2203487,5.0,5.0,4.0,1.0,0.0,3.3238,3.3238,104.0,DF/PAR/251220/12048/2,21.0,1.0,31.04,31.04,31.04,207.0,GROSZEK KONS BONDUELKA EXTRA DROBNY 212ML BONDUELLE,3083680692427.0,PRZETWORY OWOCOWE I WARZYWNE,60.0,0.0,WARZYWNE /przetwory owocowe,DF,1,IP,-1.0,sprzedaz,0,groszek kons bonduelka extra drobny 212ml bonduelle,warzywne przetwory owocowe,0,false
295,2025-12-20 00:00:00,2204220,1.0,1.0,4.0,1.0,0.0,3.3238,3.3238,836.0,DF/PAR/251220/3682/1,21.0,1.0,44.82,44.82,44.82,207.0,GROSZEK KONS BONDUELKA EXTRA DROBNY 212ML BONDUELLE,3083680692427.0,PRZETWORY OWOCOWE I WARZYWNE,60.0,0.0,WARZYWNE /przetwory owocowe,DF,1,IP,-1.0,sprzedaz,0,groszek kons bonduelka extra drobny 212ml bonduelle,warzywne przetwory owocowe,0,false
295,2025-12-21 00:00:00,-1,0.0,0.0,4.0,0.0,0.0,3.3238,0.0,-1.0,brak,21.0,1.0,0.0,0.0,0.0,207.0,GROSZEK KONS BONDUELKA EXTRA DROBNY 212ML BONDUELLE,3083680692427.0,brak,60.0,1.0,WARZYWNE /przetwory owocowe,DF,0,IP,0.0,sprzedaz,0,groszek kons bonduelka extra drobny 212ml bonduelle,warzywne przetwory owocowe,0,false
295,2025-12-22 00:00:00,2205953,2.0,2.0,4.0,1.0,0.0,3.3238,3.3238,1025.0,DF/PAR/251222/13450/2,21.0,1.0,143.05,143.05,143.05,207.0,GROSZEK KONS BONDUELKA EXTRA DROBNY 212ML BONDUELLE,3083680692427.0,PRZETWORY OWOCOWE I WARZYWNE,60.0,0.0,WARZYWNE /przetwory owocowe,DF,1,IP,-1.0,sprzedaz,0,groszek kons bonduelka extra drobny 212ml bonduelle,warzywne przetwory owocowe,0,false
295,2025-12-22 00:00:00,2205953,7.0,7.0,4.0,1.0,0.0,3.3238,3.3238,1025.0,DF/PAR/251222/13450/2,21.0,1.0,143.05,143.05,143.05,207.0,GROSZEK KONS BONDUELKA EXTRA DROBNY 212ML BONDUELLE,3083680692427.0,PRZETWORY OWOCOWE I WARZYWNE,60.0,0.0,WARZYWNE /przetwory owocowe,DF,1,IP,-1.0,sprzedaz,0,groszek kons bonduelka extra drobny 212ml bonduelle,warzywne przetwory owocowe,0,false
295,2025-12-23 00:00:00,2206536,11.0,11.0,4.0,1.0,0.0,3.3238,3.3238,201.0,DF/PAR/251223/4452/1,21.0,1.0,33.89,33.89,33.89,207.0,GROSZEK KONS BONDUELKA EXTRA DROBNY 212ML BONDUELLE,3083680692427.0,PRZETWORY OWOCOWE I WARZYWNE,60.0,0.0,WARZYWNE /przetwory owocowe,DF,1,IP,-1.0,sprzedaz,0,groszek kons bonduelka extra drobny 212ml bonduelle,warzywne przetwory owocowe,0,false
295,2025-12-23 00:00:00,2206893,11.0,11.0,4.0,1.0,0.0,3.3238,3.3238,557.0,DF/PAR/251223/13869/2,21.0,1.0,71.22,71.22,71.22,207.0,GROSZEK KONS BONDUELKA EXTRA DROBNY 212ML BONDUELLE,3083680692427.0,PRZETWORY OWOCOWE I WARZYWNE,60.0,0.0,WARZYWNE /przetwory owocowe,DF,1,IP,-1.0,sprzedaz,0,groszek kons bonduelka extra drobny 212ml bonduelle,warzywne przetwory owocowe,0,false
295,2025-12-23 00:00:00,2207336,2.0,2.0,4.0,1.0,0.0,3.3238,3.3238,998.0,DF/PAR/251223/14054/2,21.0,1.0,11.07,11.07,11.07,207.0,GROSZEK KONS BONDUELKA EXTRA DROBNY 212ML BONDUELLE,3083680692427.0,PRZETWORY OWOCOWE I WARZYWNE,60.0,0.0,WARZYWNE /przetwory owocowe,DF,1,IP,-1.0,sprzedaz,0,groszek kons bonduelka extra drobny 212ml bonduelle,warzywne przetwory owocowe,0,false
295,2025-12-24 00:00:00,-1,0.0,0.0,4.0,0.0,0.0,3.3238,0.0,-1.0,brak,21.0,1.0,0.0,0.0,0.0,207.0,GROSZEK KONS BONDUELKA EXTRA DROBNY 212ML BONDUELLE,3083680692427.0,brak,60.0,1.0,WARZYWNE /przetwory owocowe,DF,0,IP,0.0,sprzedaz,0,groszek kons bonduelka extra drobny 212ml bonduelle,warzywne przetwory owocowe,0,false
295,2025-12-25 00:00:00,-1,0.0,0.0,4.0,0.0,0.0,3.3238,0.0,-1.0,brak,21.0,1.0,0.0,0.0,0.0,207.0,GROSZEK KONS BONDUELKA EXTRA DROBNY 212ML BONDUELLE,3083680692427.0,brak,60.0,1.0,WARZYWNE /przetwory owocowe,DF,0,IP,0.0,sprzedaz,0,groszek kons bonduelka extra drobny 212ml bonduelle,warzywne przetwory owocowe,0,false
295,2025-12-26 00:00:00,-1,0.0,0.0,4.0,0.0,0.0,3.3238,0.0,-1.0,brak,21.0,1.0,0.0,0.0,0.0,207.0,GROSZEK KONS BONDUELKA EXTRA DROBNY 212ML BONDUELLE,3083680692427.0,brak,60.0,1.0,WARZYWNE /przetwory owocowe,DF,0,IP,0.0,sprzedaz,0,groszek kons bonduelka extra drobny 212ml bonduelle,warzywne przetwory owocowe,0,false
295,2025-12-27 00:00:00,-1,0.0,0.0,4.0,0.0,0.0,3.3238,0.0,-1.0,brak,21.0,1.0,0.0,0.0,0.0,207.0,GROSZEK KONS BONDUELKA EXTRA DROBNY 212ML BONDUELLE,3083680692427.0,brak,60.0,1.0,WARZYWNE /przetwory owocowe,DF,0,IP,0.0,sprzedaz,0,groszek kons bonduelka extra drobny 212ml bonduelle,warzywne przetwory owocowe,0,false
295,2025-12-28 00:00:00,-1,0.0,0.0,4.0,0.0,0.0,3.3238,0.0,-1.0,brak,21.0,1.0,0.0,0.0,0.0,207.0,GROSZEK KONS BONDUELKA EXTRA DROBNY 212ML BONDUELLE,3083680692427.0,brak,60.0,1.0,WARZYWNE /przetwory owocowe,DF,0,IP,0.0,sprzedaz,0,groszek kons bonduelka extra drobny 212ml bonduelle,warzywne przetwory owocowe,0,false
295,2025-12-29 00:00:00,2208563,2.0,2.0,4.0,1.0,0.0,3.3238,3.3238,16.0,DF/PAR/251229/14465/2,21.0,1.0,34.44,34.44,34.44,207.0,GROSZEK KONS BONDUELKA EXTRA DROBNY 212ML BONDUELLE,3083680692427.0,PRZETWORY OWOCOWE I WARZYWNE,60.0,0.0,WARZYWNE /przetwory owocowe,DF,1,IP,-1.0,sprzedaz,0,groszek kons bonduelka extra drobny 212ml bonduelle,warzywne przetwory owocowe,0,false
295,2025-12-30 00:00:00,2209746,11.0,11.0,4.0,1.0,0.0,3.3238,3.3238,170.0,DF/PAR/251230/15051/2,21.0,1.0,95.35,95.35,95.35,207.0,GROSZEK KONS BONDUELKA EXTRA DROBNY 212ML BONDUELLE,3083680692427.0,PRZETWORY OWOCOWE I WARZYWNE,60.0,0.0,WARZYWNE /przetwory owocowe,DF,1,IP,-1.0,sprzedaz,0,groszek kons bonduelka extra drobny 212ml bonduelle,warzywne przetwory owocowe,0,false
295,2025-12-31 00:00:00,2210946,4.0,4.0,4.0,1.0,0.0,3.3238,3.3238,147.0,DF/PAR/251231/6085/1,21.0,1.0,47.23,47.23,47.23,207.0,GROSZEK KONS BONDUELKA EXTRA DROBNY 212ML BONDUELLE,3083680692427.0,PRZETWORY OWOCOWE I WARZYWNE,60.0,0.0,WARZYWNE /przetwory owocowe,DF,1,IP,-1.0,sprzedaz,0,groszek kons bonduelka extra drobny 212ml bonduelle,warzywne przetwory owocowe,0,false
295,2025-12-31 00:00:00,2211753,6.0,6.0,4.0,1.0,0.0,3.3238,3.3238,951.0,DF/PAR/251231/16199/2,21.0,1.0,41.9,41.9,41.9,207.0,GROSZEK KONS BONDUELKA EXTRA DROBNY 212ML BONDUELLE,3083680692427.0,PRZETWORY OWOCOWE I WARZYWNE,60.0,0.0,WARZYWNE /przetwory owocowe,DF,1,IP,-1.0,sprzedaz,0,groszek kons bonduelka extra drobny 212ml bonduelle,warzywne przetwory owocowe,0,false
295,2026-01-01 00:00:00,-1,0.0,0.0,4.0,0.0,0.0,3.3238,0.0,-1.0,brak,21.0,1.0,0.0,0.0,0.0,207.0,GROSZEK KONS BONDUELKA EXTRA DROBNY 212ML BONDUELLE,3083680692427.0,brak,60.0,1.0,WARZYWNE /przetwory owocowe,DF,0,IP,0.0,sprzedaz,0,groszek kons bonduelka extra drobny 212ml bonduelle,warzywne przetwory owocowe,0,false
295,2026-01-02 00:00:00,2212162,9.0,9.0,4.0,1.0,0.0,3.3238,3.3238,224.0,DF/PAR/260102/171/2,21.0,1.0,90.36,90.36,90.36,207.0,GROSZEK KONS BONDUELKA EXTRA DROBNY 212ML BONDUELLE,3083680692427.0,PRZETWORY OWOCOWE I WARZYWNE,60.0,0.0,WARZYWNE /przetwory owocowe,DF,1,IP,-1.0,sprzedaz,0,groszek kons bonduelka extra drobny 212ml bonduelle,warzywne przetwory owocowe,0,false
295,2026-01-02 00:00:00,2212162,12.0,12.0,4.0,1.0,0.0,3.3238,3.3238,224.0,DF/PAR/260102/171/2,21.0,1.0,90.36,90.36,90.36,207.0,GROSZEK KONS BONDUELKA EXTRA DROBNY 212ML BONDUELLE,3083680692427.0,PRZETWORY OWOCOWE I WARZYWNE,60.0,0.0,WARZYWNE /przetwory owocowe,DF,1,IP,-1.0,sprzedaz,0,groszek kons bonduelka extra drobny 212ml bonduelle,warzywne przetwory owocowe,0,false
295,2026-01-02 00:00:00,2212307,8.0,8.0,4.0,1.0,0.0,3.3238,3.3238,369.0,DF/PAR/260102/258/2,21.0,1.0,52.0,52.0,52.0,207.0,GROSZEK KONS BONDUELKA EXTRA DROBNY 212ML BONDUELLE,3083680692427.0,PRZETWORY OWOCOWE I WARZYWNE,60.0,0.0,WARZYWNE /przetwory owocowe,DF,1,IP,-1.0,sprzedaz,0,groszek kons bonduelka extra drobny 212ml bonduelle,warzywne przetwory owocowe,0,false
295,2026-01-03 00:00:00,-1,0.0,0.0,4.0,0.0,0.0,3.3238,0.0,-1.0,brak,21.0,1.0,0.0,0.0,0.0,207.0,GROSZEK KONS BONDUELKA EXTRA DROBNY 212ML BONDUELLE,3083680692427.0,brak,60.0,1.0,WARZYWNE /przetwory owocowe,DF,0,IP,0.0,sprzedaz,0,groszek kons bonduelka extra drobny 212ml bonduelle,warzywne przetwory owocowe,0,false
295,2026-01-04 00:00:00,-1,0.0,0.0,4.0,0.0,0.0,3.3238,0.0,-1.0,brak,21.0,1.0,0.0,0.0,0.0,207.0,GROSZEK KONS BONDUELKA EXTRA DROBNY 212ML BONDUELLE,3083680692427.0,brak,60.0,1.0,WARZYWNE /przetwory owocowe,DF,0,IP,0.0,sprzedaz,0,groszek kons bonduelka extra drobny 212ml bonduelle,warzywne przetwory owocowe,0,false
295,2026-01-05 00:00:00,2214335,5.0,5.0,4.0,1.0,0.0,3.3238,3.3238,527.0,DF/PAR/260105/1453/2,21.0,1.0,52.13,52.13,52.13,207.0,GROSZEK KONS BONDUELKA EXTRA DROBNY 212ML BONDUELLE,3083680692427.0,PRZETWORY OWOCOWE I WARZYWNE,60.0,0.0,WARZYWNE /przetwory owocowe,DF,1,IP,-1.0,sprzedaz,0,groszek kons bonduelka extra drobny 212ml bonduelle,warzywne przetwory owocowe,0,false
295,2026-01-06 00:00:00,-1,0.0,0.0,4.0,0.0,0.0,3.3238,0.0,-1.0,brak,21.0,1.0,0.0,0.0,0.0,207.0,GROSZEK KONS BONDUELKA EXTRA DROBNY 212ML BONDUELLE,3083680692427.0,brak,60.0,1.0,WARZYWNE /przetwory owocowe,DF,0,IP,0.0,sprzedaz,0,groszek kons bonduelka extra drobny 212ml bonduelle,warzywne przetwory owocowe,0,false
295,2026-01-07 00:00:00,2215086,2.0,2.0,4.0,1.0,0.0,3.3238,3.3238,22.0,DF/PAR/260107/1896/2,21.0,1.0,25.03,25.03,25.03,207.0,GROSZEK KONS BONDUELKA EXTRA DROBNY 212ML BONDUELLE,3083680692427.0,PRZETWORY OWOCOWE I WARZYWNE,60.0,0.0,WARZYWNE /przetwory owocowe,DF,1,IP,-1.0,sprzedaz,0,groszek kons bonduelka extra drobny 212ml bonduelle,warzywne przetwory owocowe,0,false
295,2026-01-07 00:00:00,2215087,1.0,1.0,4.0,1.0,0.0,3.3238,3.3238,23.0,DF/PAR/260107/1897/2,21.0,1.0,6.98,6.98,6.98,207.0,GROSZEK KONS BONDUELKA EXTRA DROBNY 212ML BONDUELLE,3083680692427.0,PRZETWORY OWOCOWE I WARZYWNE,60.0,0.0,WARZYWNE /przetwory owocowe,DF,1,IP,-1.0,sprzedaz,0,groszek kons bonduelka extra drobny 212ml bonduelle,warzywne przetwory owocowe,0,false
295,2026-01-07 00:00:00,2215404,2.0,2.0,4.0,1.0,0.0,3.3238,3.3238,340.0,DF/PAR/260107/2125/2,21.0,1.0,19.35,19.35,19.35,207.0,GROSZEK KONS BONDUELKA EXTRA DROBNY 212ML BONDUELLE,3083680692427.0,PRZETWORY OWOCOWE I WARZYWNE,60.0,0.0,WARZYWNE /przetwory owocowe,DF,1,IP,-1.0,sprzedaz,0,groszek kons bonduelka extra drobny 212ml bonduelle,warzywne przetwory owocowe,0,false
295,2026-01-08 00:00:00,-1,0.0,0.0,4.0,0.0,0.0,3.3238,0.0,-1.0,brak,21.0,1.0,0.0,0.0,0.0,207.0,GROSZEK KONS BONDUELKA EXTRA DROBNY 212ML BONDUELLE,3083680692427.0,brak,60.0,1.0,WARZYWNE /przetwory owocowe,DF,0,IP,0.0,sprzedaz,0,groszek kons bonduelka extra drobny 212ml bonduelle,warzywne przetwory owocowe,0,false
295,2026-01-09 00:00:00,-1,0.0,0.0,4.0,0.0,0.0,3.3238,0.0,-1.0,brak,21.0,1.0,0.0,0.0,0.0,207.0,GROSZEK KONS BONDUELKA EXTRA DROBNY 212ML BONDUELLE,3083680692427.0,brak,60.0,1.0,WARZYWNE /przetwory owocowe,DF,0,IP,0.0,sprzedaz,0,groszek kons bonduelka extra drobny 212ml bonduelle,warzywne przetwory owocowe,0,false
295,2026-01-10 00:00:00,2218515,6.0,6.0,4.0,1.0,0.0,3.3238,3.3238,276.0,DF/PAR/260110/4076/2,21.0,1.0,23.46,23.46,23.46,207.0,GROSZEK KONS BONDUELKA EXTRA DROBNY 212ML BONDUELLE,3083680692427.0,PRZETWORY OWOCOWE I WARZYWNE,60.0,0.0,WARZYWNE /przetwory owocowe,DF,1,IP,-1.0,sprzedaz,0,groszek kons bonduelka extra drobny 212ml bonduelle,warzywne przetwory owocowe,0,false
295,2026-01-11 00:00:00,-1,0.0,0.0,4.0,0.0,0.0,3.3238,0.0,-1.0,brak,21.0,1.0,0.0,0.0,0.0,207.0,GROSZEK KONS BONDUELKA EXTRA DROBNY 212ML BONDUELLE,3083680692427.0,brak,60.0,1.0,WARZYWNE /przetwory owocowe,DF,0,IP,0.0,sprzedaz,0,groszek kons bonduelka extra drobny 212ml bonduelle,warzywne przetwory owocowe,0,false
295,2026-01-12 00:00:00,-1,0.0,0.0,4.0,0.0,0.0,3.3238,0.0,-1.0,brak,21.0,1.0,0.0,0.0,0.0,207.0,GROSZEK KONS BONDUELKA EXTRA DROBNY 212ML BONDUELLE,3083680692427.0,brak,60.0,1.0,WARZYWNE /przetwory owocowe,DF,0,IP,0.0,sprzedaz,0,groszek kons bonduelka extra drobny 212ml bonduelle,warzywne przetwory owocowe,0,false
295,2026-01-13 00:00:00,2220470,11.0,11.0,4.0,1.0,0.0,3.3238,3.3238,220.0,DF/PAR/260113/5379/2,21.0,1.0,92.77,92.77,92.77,207.0,GROSZEK KONS BONDUELKA EXTRA DROBNY 212ML BONDUELLE,3083680692427.0,PRZETWORY OWOCOWE I WARZYWNE,60.0,0.0,WARZYWNE /przetwory owocowe,DF,1,IP,-1.0,sprzedaz,0,groszek kons bonduelka extra drobny 212ml bonduelle,warzywne przetwory owocowe,0,false
295,2026-01-14 00:00:00,-1,0.0,0.0,4.0,0.0,0.0,3.3238,0.0,-1.0,brak,21.0,1.0,0.0,0.0,0.0,207.0,GROSZEK KONS BONDUELKA EXTRA DROBNY 212ML BONDUELLE,3083680692427.0,brak,60.0,1.0,WARZYWNE /przetwory owocowe,DF,0,IP,0.0,sprzedaz,0,groszek kons bonduelka extra drobny 212ml bonduelle,warzywne przetwory owocowe,0,false
295,2026-01-15 00:00:00,-1,0.0,0.0,4.0,0.0,0.0,3.3238,0.0,-1.0,brak,21.0,1.0,0.0,0.0,0.0,207.0,GROSZEK KONS BONDUELKA EXTRA DROBNY 212ML BONDUELLE,3083680692427.0,brak,60.0,1.0,WARZYWNE /przetwory owocowe,DF,0,IP,0.0,sprzedaz,0,groszek kons bonduelka extra drobny 212ml bonduelle,warzywne przetwory owocowe,0,false
295,2026-01-16 00:00:00,2223598,3.0,3.0,4.0,1.0,0.0,3.3238,3.3238,378.0,DF/PAR/260116/2934/1,21.0,1.0,147.63,147.63,147.63,207.0,GROSZEK KONS BONDUELKA EXTRA DROBNY 212ML BONDUELLE,3083680692427.0,PRZETWORY OWOCOWE I WARZYWNE,60.0,0.0,WARZYWNE /przetwory owocowe,DF,1,IP,-1.0,sprzedaz,0,groszek kons bonduelka extra drobny 212ml bonduelle,warzywne przetwory owocowe,0,false
295,2026-01-17 00:00:00,-1,0.0,0.0,4.0,0.0,0.0,3.3238,0.0,-1.0,brak,21.0,1.0,0.0,0.0,0.0,207.0,GROSZEK KONS BONDUELKA EXTRA DROBNY 212ML BONDUELLE,3083680692427.0,brak,60.0,1.0,WARZYWNE /przetwory owocowe,DF,0,IP,0.0,sprzedaz,0,groszek kons bonduelka extra drobny 212ml bonduelle,warzywne przetwory owocowe,0,false
295,2026-01-18 00:00:00,-1,0.0,0.0,4.0,0.0,0.0,3.3238,0.0,-1.0,brak,21.0,1.0,0.0,0.0,0.0,207.0,GROSZEK KONS BONDUELKA EXTRA DROBNY 212ML BONDUELLE,3083680692427.0,brak,60.0,1.0,WARZYWNE /przetwory owocowe,DF,0,IP,0.0,sprzedaz,0,groszek kons bonduelka extra drobny 212ml bonduelle,warzywne przetwory owocowe,0,false
295,2026-01-19 00:00:00,-1,0.0,0.0,4.0,0.0,0.0,3.3238,0.0,-1.0,brak,21.0,1.0,0.0,0.0,0.0,207.0,GROSZEK KONS BONDUELKA EXTRA DROBNY 212ML BONDUELLE,3083680692427.0,brak,60.0,1.0,WARZYWNE /przetwory owocowe,DF,0,IP,0.0,sprzedaz,0,groszek kons bonduelka extra drobny 212ml bonduelle,warzywne przetwory owocowe,0,false
295,2026-01-20 00:00:00,2226582,2.0,2.0,4.0,1.0,0.0,3.3238,3.3238,218.0,DF/PAR/260120/4287/1,21.0,1.0,16.75,16.75,16.75,207.0,GROSZEK KONS BONDUELKA EXTRA DROBNY 212ML BONDUELLE,3083680692427.0,PRZETWORY OWOCOWE I WARZYWNE,60.0,0.0,WARZYWNE /przetwory owocowe,DF,1,IP,-1.0,sprzedaz,0,groszek kons bonduelka extra drobny 212ml bonduelle,warzywne przetwory owocowe,0,false
295,2026-01-21 00:00:00,-1,0.0,0.0,4.0,0.0,0.0,3.3238,0.0,-1.0,brak,21.0,1.0,0.0,0.0,0.0,207.0,GROSZEK KONS BONDUELKA EXTRA DROBNY 212ML BONDUELLE,3083680692427.0,brak,60.0,1.0,WARZYWNE /przetwory owocowe,DF,0,IP,0.0,sprzedaz,0,groszek kons bonduelka extra drobny 212ml bonduelle,warzywne przetwory owocowe,0,false
295,2026-01-22 00:00:00,-1,0.0,0.0,4.0,0.0,0.0,3.3238,0.0,-1.0,brak,21.0,1.0,0.0,0.0,0.0,207.0,GROSZEK KONS BONDUELKA EXTRA DROBNY 212ML BONDUELLE,3083680692427.0,brak,60.0,1.0,WARZYWNE /przetwory owocowe,DF,0,IP,0.0,sprzedaz,0,groszek kons bonduelka extra drobny 212ml bonduelle,warzywne przetwory owocowe,0,false
295,2026-01-23 00:00:00,2230355,6.0,6.0,4.0,1.0,0.0,3.3238,3.3238,942.0,DF/PAR/260123/9223/2,21.0,1.0,35.63,35.63,35.63,207.0,GROSZEK KONS BONDUELKA EXTRA DROBNY 212ML BONDUELLE,3083680692427.0,PRZETWORY OWOCOWE I WARZYWNE,60.0,0.0,WARZYWNE /przetwory owocowe,DF,1,IP,-1.0,sprzedaz,0,groszek kons bonduelka extra drobny 212ml bonduelle,warzywne przetwory owocowe,0,false
295,2026-01-24 00:00:00,2230981,1.0,1.0,4.0,1.0,0.0,3.3238,3.3238,470.0,DF/PAR/260124/6196/1,21.0,1.0,29.84,29.84,29.84,207.0,GROSZEK KONS BONDUELKA EXTRA DROBNY 212ML BONDUELLE,3083680692427.0,PRZETWORY OWOCOWE I WARZYWNE,60.0,0.0,WARZYWNE /przetwory owocowe,DF,1,IP,-1.0,sprzedaz,0,groszek kons bonduelka extra drobny 212ml bonduelle,warzywne przetwory owocowe,0,false
295,2026-01-24 00:00:00,2230981,2.0,2.0,4.0,1.0,0.0,3.3238,3.3238,470.0,DF/PAR/260124/6196/1,21.0,1.0,29.84,29.84,29.84,207.0,GROSZEK KONS BONDUELKA EXTRA DROBNY 212ML BONDUELLE,3083680692427.0,PRZETWORY OWOCOWE I WARZYWNE,60.0,0.0,WARZYWNE /przetwory owocowe,DF,1,IP,-1.0,sprzedaz,0,groszek kons bonduelka extra drobny 212ml bonduelle,warzywne przetwory owocowe,0,false
295,2026-01-25 00:00:00,-1,0.0,0.0,4.0,0.0,0.0,3.3238,0.0,-1.0,brak,21.0,1.0,0.0,0.0,0.0,207.0,GROSZEK KONS BONDUELKA EXTRA DROBNY 212ML BONDUELLE,3083680692427.0,brak,60.0,1.0,WARZYWNE /przetwory owocowe,DF,0,IP,0.0,sprzedaz,0,groszek kons bonduelka extra drobny 212ml bonduelle,warzywne przetwory owocowe,0,false
295,2026-01-26 00:00:00,-1,0.0,0.0,4.0,0.0,0.0,3.3238,0.0,-1.0,brak,21.0,1.0,0.0,0.0,0.0,207.0,GROSZEK KONS BONDUELKA EXTRA DROBNY 212ML BONDUELLE,3083680692427.0,brak,60.0,1.0,WARZYWNE /przetwory owocowe,DF,0,IP,0.0,sprzedaz,0,groszek kons bonduelka extra drobny 212ml bonduelle,warzywne przetwory owocowe,0,false
295,2026-01-27 00:00:00,2232763,6.0,6.0,4.0,1.0,0.0,3.3238,3.3238,110.0,DF/PAR/260127/10371/2,21.0,1.0,79.05,79.05,79.05,207.0,GROSZEK KONS BONDUELKA EXTRA DROBNY 212ML BONDUELLE,3083680692427.0,PRZETWORY OWOCOWE I WARZYWNE,60.0,0.0,WARZYWNE /przetwory owocowe,DF,1,IP,-1.0,sprzedaz,0,groszek kons bonduelka extra drobny 212ml bonduelle,warzywne przetwory owocowe,0,false
295,2026-01-28 00:00:00,-1,0.0,0.0,4.0,0.0,0.0,3.3238,0.0,-1.0,brak,21.0,1.0,0.0,0.0,0.0,207.0,GROSZEK KONS BONDUELKA EXTRA DROBNY 212ML BONDUELLE,3083680692427.0,brak,60.0,1.0,WARZYWNE /przetwory owocowe,DF,0,IP,0.0,sprzedaz,0,groszek kons bonduelka extra drobny 212ml bonduelle,warzywne przetwory owocowe,0,false
295,2026-01-29 00:00:00,2234859,3.0,3.0,4.0,1.0,0.0,3.3238,3.3238,151.0,DF/PAR/260129/7570/1,21.0,1.0,38.49,38.49,38.49,207.0,GROSZEK KONS BONDUELKA EXTRA DROBNY 212ML BONDUELLE,3083680692427.0,PRZETWORY OWOCOWE I WARZYWNE,60.0,0.0,WARZYWNE /przetwory owocowe,DF,1,IP,-1.0,sprzedaz,0,groszek kons bonduelka extra drobny 212ml bonduelle,warzywne przetwory owocowe,0,false
295,2026-01-30 00:00:00,2236452,3.0,3.0,4.0,1.0,0.0,3.3238,3.3238,806.0,DF/PAR/260130/11794/2,21.0,1.0,39.4,39.4,39.4,207.0,GROSZEK KONS BONDUELKA EXTRA DROBNY 212ML BONDUELLE,3083680692427.0,PRZETWORY OWOCOWE I WARZYWNE,60.0,0.0,WARZYWNE /przetwory owocowe,DF,1,IP,-1.0,sprzedaz,0,groszek kons bonduelka extra drobny 212ml bonduelle,warzywne przetwory owocowe,0,false
295,2026-01-30 00:00:00,2236452,4.0,4.0,4.0,1.0,0.0,3.3238,3.3238,806.0,DF/PAR/260130/11794/2,21.0,1.0,39.4,39.4,39.4,207.0,GROSZEK KONS BONDUELKA EXTRA DROBNY 212ML BONDUELLE,3083680692427.0,PRZETWORY OWOCOWE I WARZYWNE,60.0,0.0,WARZYWNE /przetwory owocowe,DF,1,IP,-1.0,sprzedaz,0,groszek kons bonduelka extra drobny 212ml bonduelle,warzywne przetwory owocowe,0,false
295,2026-01-31 00:00:00,2236995,16.0,16.0,4.0,1.0,0.0,3.3238,3.3238,283.0,DF/PAR/260131/12116/2,21.0,1.0,81.12,81.12,81.12,207.0,GROSZEK KONS BONDUELKA EXTRA DROBNY 212ML BONDUELLE,3083680692427.0,PRZETWORY OWOCOWE I WARZYWNE,60.0,0.0,WARZYWNE /przetwory owocowe,DF,1,IP,-1.0,sprzedaz,0,groszek kons bonduelka extra drobny 212ml bonduelle,warzywne przetwory owocowe,0,false
747,2025-12-18 00:00:00,2201350,1.0,1.0,4.0,1.0,0.0,19.5041,19.5041,282.0,DF/PAR/251218/2987/1,21.0,1.0,99.42,99.42,99.42,226.0,"BOMB MON CHERI T15 157,5G FERRERO",4008400102528.0,SLODYCZE,150.0,1.0,BOMBONIERKI I PRALINY,DF,1,IP,-1.0,sprzedaz,0,bomb mon cheri t15 157 5g ferrero,bombonierki i praliny,0,false
747,2025-12-18 00:00:00,2201350,2.0,2.0,4.0,1.0,0.0,19.5041,19.5041,282.0,DF/PAR/251218/2987/1,21.0,1.0,99.42,99.42,99.42,226.0,"BOMB MON CHERI T15 157,5G FERRERO",4008400102528.0,SLODYCZE,150.0,1.0,BOMBONIERKI I PRALINY,DF,1,IP,-1.0,sprzedaz,0,bomb mon cheri t15 157 5g ferrero,bombonierki i praliny,0,false
747,2025-12-18 00:00:00,2201350,3.0,3.0,4.0,1.0,0.0,19.5041,19.5041,282.0,DF/PAR/251218/2987/1,21.0,1.0,99.42,99.42,99.42,226.0,"BOMB MON CHERI T15 157,5G FERRERO",4008400102528.0,SLODYCZE,150.0,1.0,BOMBONIERKI I PRALINY,DF,1,IP,-1.0,sprzedaz,0,bomb mon cheri t15 157 5g ferrero,bombonierki i praliny,0,false
747,2025-12-19 00:00:00,-1,0.0,0.0,4.0,0.0,0.0,19.5041,0.0,-1.0,brak,21.0,1.0,0.0,0.0,0.0,226.0,"BOMB MON CHERI T15 157,5G FERRERO",4008400102528.0,brak,150.0,1.0,BOMBONIERKI I PRALINY,DF,0,IP,0.0,sprzedaz,0,bomb mon cheri t15 157 5g ferrero,bombonierki i praliny,0,false
747,2025-12-20 00:00:00,-1,0.0,0.0,4.0,0.0,0.0,19.5041,0.0,-1.0,brak,21.0,1.0,0.0,0.0,0.0,226.0,"BOMB MON CHERI T15 157,5G FERRERO",4008400102528.0,brak,150.0,1.0,BOMBONIERKI I PRALINY,DF,0,IP,0.0,sprzedaz,0,bomb mon cheri t15 157 5g ferrero,bombonierki i praliny,0,false
747,2025-12-21 00:00:00,-1,0.0,0.0,4.0,0.0,0.0,19.5041,0.0,-1.0,brak,21.0,1.0,0.0,0.0,0.0,226.0,"BOMB MON CHERI T15 157,5G FERRERO",4008400102528.0,brak,150.0,1.0,BOMBONIERKI I PRALINY,DF,0,IP,0.0,sprzedaz,0,bomb mon cheri t15 157 5g ferrero,bombonierki i praliny,0,false
747,2025-12-22 00:00:00,-1,0.0,0.0,4.0,0.0,0.0,19.5041,0.0,-1.0,brak,21.0,1.0,0.0,0.0,0.0,226.0,"BOMB MON CHERI T15 157,5G FERRERO",4008400102528.0,brak,150.0,1.0,BOMBONIERKI I PRALINY,DF,0,IP,0.0,sprzedaz,0,bomb mon cheri t15 157 5g ferrero,bombonierki i praliny,0,false
747,2025-12-23 00:00:00,-1,0.0,0.0,4.0,0.0,0.0,19.5041,0.0,-1.0,brak,21.0,1.0,0.0,0.0,0.0,226.0,"BOMB MON CHERI T15 157,5G FERRERO",4008400102528.0,brak,150.0,1.0,BOMBONIERKI I PRALINY,DF,0,IP,0.0,sprzedaz,0,bomb mon cheri t15 157 5g ferrero,bombonierki i praliny,0,false
747,2025-12-24 00:00:00,-1,0.0,0.0,4.0,0.0,0.0,19.5041,0.0,-1.0,brak,21.0,1.0,0.0,0.0,0.0,226.0,"BOMB MON CHERI T15 157,5G FERRERO",4008400102528.0,brak,150.0,1.0,BOMBONIERKI I PRALINY,DF,0,IP,0.0,sprzedaz,0,bomb mon cheri t15 157 5g ferrero,bombonierki i praliny,0,false
747,2025-12-25 00:00:00,-1,0.0,0.0,4.0,0.0,0.0,19.5041,0.0,-1.0,brak,21.0,1.0,0.0,0.0,0.0,226.0,"BOMB MON CHERI T15 157,5G FERRERO",4008400102528.0,brak,150.0,1.0,BOMBONIERKI I PRALINY,DF,0,IP,0.0,sprzedaz,0,bomb mon cheri t15 157 5g ferrero,bombonierki i praliny,0,false
747,2025-12-26 00:00:00,-1,0.0,0.0,4.0,0.0,0.0,19.5041,0.0,-1.0,brak,21.0,1.0,0.0,0.0,0.0,226.0,"BOMB MON CHERI T15 157,5G FERRERO",4008400102528.0,brak,150.0,1.0,BOMBONIERKI I PRALINY,DF,0,IP,0.0,sprzedaz,0,bomb mon cheri t15 157 5g ferrero,bombonierki i praliny,0,false
747,2025-12-27 00:00:00,-1,0.0,0.0,4.0,0.0,0.0,19.5041,0.0,-1.0,brak,21.0,1.0,0.0,0.0,0.0,226.0,"BOMB MON CHERI T15 157,5G FERRERO",4008400102528.0,brak,150.0,1.0,BOMBONIERKI I PRALINY,DF,0,IP,0.0,sprzedaz,0,bomb mon cheri t15 157 5g ferrero,bombonierki i praliny,0,false
747,2025-12-28 00:00:00,-1,0.0,0.0,4.0,0.0,0.0,19.5041,0.0,-1.0,brak,21.0,1.0,0.0,0.0,0.0,226.0,"BOMB MON CHERI T15 157,5G FERRERO",4008400102528.0,brak,150.0,1.0,BOMBONIERKI I PRALINY,DF,0,IP,0.0,sprzedaz,0,bomb mon cheri t15 157 5g ferrero,bombonierki i praliny,0,false
747,2025-12-29 00:00:00,-1,0.0,0.0,4.0,0.0,0.0,19.5041,0.0,-1.0,brak,21.0,1.0,0.0,0.0,0.0,226.0,"BOMB MON CHERI T15 157,5G FERRERO",4008400102528.0,brak,150.0,1.0,BOMBONIERKI I PRALINY,DF,0,IP,0.0,sprzedaz,0,bomb mon cheri t15 157 5g ferrero,bombonierki i praliny,0,false
747,2025-12-30 00:00:00,-1,0.0,0.0,4.0,0.0,0.0,19.5041,0.0,-1.0,brak,21.0,1.0,0.0,0.0,0.0,226.0,"BOMB MON CHERI T15 157,5G FERRERO",4008400102528.0,brak,150.0,1.0,BOMBONIERKI I PRALINY,DF,0,IP,0.0,sprzedaz,0,bomb mon cheri t15 157 5g ferrero,bombonierki i praliny,0,false
747,2025-12-31 00:00:00,-1,0.0,0.0,4.0,0.0,0.0,19.5041,0.0,-1.0,brak,21.0,1.0,0.0,0.0,0.0,226.0,"BOMB MON CHERI T15 157,5G FERRERO",4008400102528.0,brak,150.0,1.0,BOMBONIERKI I PRALINY,DF,0,IP,0.0,sprzedaz,0,bomb mon cheri t15 157 5g ferrero,bombonierki i praliny,0,false
747,2026-01-01 00:00:00,-1,0.0,0.0,4.0,0.0,0.0,19.5041,0.0,-1.0,brak,21.0,1.0,0.0,0.0,0.0,226.0,"BOMB MON CHERI T15 157,5G FERRERO",4008400102528.0,brak,150.0,1.0,BOMBONIERKI I PRALINY,DF,0,IP,0.0,sprzedaz,0,bomb mon cheri t15 157 5g ferrero,bombonierki i praliny,0,false
81359,2025-12-19 00:00:00,2202264,1.0,1.0,4.0,1.0,0.0,12.3714,12.3714,65.0,DF/PAR/251219/11291/2,21.0,1.0,44.97,44.97,44.97,314.0,"SOK JAB/MARCH/BAN 0,85L ORYGINALNY SOK",5903175642486.0,nan,-1.0,1.0,ORYGINALNY SOK,DF,1,IP,-1.0,sprzedaz,0,sok jab march ban 0 85l oryginalny sok,oryginalny sok,0,false
81359,2025-12-19 00:00:00,2203118,7.0,7.0,4.0,1.0,0.0,12.3714,12.3714,917.0,DF/PAR/251219/3370/1,21.0,1.0,61.01,61.01,61.01,314.0,"SOK JAB/MARCH/BAN 0,85L ORYGINALNY SOK",5903175642486.0,nan,-1.0,1.0,ORYGINALNY SOK,DF,1,IP,-1.0,sprzedaz,0,sok jab march ban 0 85l oryginalny sok,oryginalny sok,0,false
81359,2025-12-20 00:00:00,-1,0.0,0.0,4.0,0.0,0.0,12.3714,0.0,-1.0,brak,21.0,1.0,0.0,0.0,0.0,314.0,"SOK JAB/MARCH/BAN 0,85L ORYGINALNY SOK",5903175642486.0,brak,-1.0,1.0,ORYGINALNY SOK,DF,0,IP,0.0,sprzedaz,0,sok jab march ban 0 85l oryginalny sok,oryginalny sok,0,false
81359,2025-12-21 00:00:00,-1,0.0,0.0,4.0,0.0,0.0,12.3714,0.0,-1.0,brak,21.0,1.0,0.0,0.0,0.0,314.0,"SOK JAB/MARCH/BAN 0,85L ORYGINALNY SOK",5903175642486.0,brak,-1.0,1.0,ORYGINALNY SOK,DF,0,IP,0.0,sprzedaz,0,sok jab march ban 0 85l oryginalny sok,oryginalny sok,0,false
81359,2025-12-22 00:00:00,-1,0.0,0.0,4.0,0.0,0.0,12.3714,0.0,-1.0,brak,21.0,1.0,0.0,0.0,0.0,314.0,"SOK JAB/MARCH/BAN 0,85L ORYGINALNY SOK",5903175642486.0,brak,-1.0,1.0,ORYGINALNY SOK,DF,0,IP,0.0,sprzedaz,0,sok jab march ban 0 85l oryginalny sok,oryginalny sok,0,false
81359,2025-12-23 00:00:00,-1,0.0,0.0,4.0,0.0,0.0,12.3714,0.0,-1.0,brak,21.0,1.0,0.0,0.0,0.0,314.0,"SOK JAB/MARCH/BAN 0,85L ORYGINALNY SOK",5903175642486.0,brak,-1.0,1.0,ORYGINALNY SOK,DF,0,IP,0.0,sprzedaz,0,sok jab march ban 0 85l oryginalny sok,oryginalny sok,0,false
81359,2025-12-24 00:00:00,-1,0.0,0.0,4.0,0.0,0.0,12.3714,0.0,-1.0,brak,21.0,1.0,0.0,0.0,0.0,314.0,"SOK JAB/MARCH/BAN 0,85L ORYGINALNY SOK",5903175642486.0,brak,-1.0,1.0,ORYGINALNY SOK,DF,0,IP,0.0,sprzedaz,0,sok jab march ban 0 85l oryginalny sok,oryginalny sok,0,false
81359,2025-12-25 00:00:00,-1,0.0,0.0,4.0,0.0,0.0,12.3714,0.0,-1.0,brak,21.0,1.0,0.0,0.0,0.0,314.0,"SOK JAB/MARCH/BAN 0,85L ORYGINALNY SOK",5903175642486.0,brak,-1.0,1.0,ORYGINALNY SOK,DF,0,IP,0.0,sprzedaz,0,sok jab march ban 0 85l oryginalny sok,oryginalny sok,0,false
81359,2025-12-26 00:00:00,-1,0.0,0.0,4.0,0.0,0.0,12.3714,0.0,-1.0,brak,21.0,1.0,0.0,0.0,0.0,314.0,"SOK JAB/MARCH/BAN 0,85L ORYGINALNY SOK",5903175642486.0,brak,-1.0,1.0,ORYGINALNY SOK,DF,0,IP,0.0,sprzedaz,0,sok jab march ban 0 85l oryginalny sok,oryginalny sok,0,false
81359,2025-12-27 00:00:00,-1,0.0,0.0,4.0,0.0,0.0,12.3714,0.0,-1.0,brak,21.0,1.0,0.0,0.0,0.0,314.0,"SOK JAB/MARCH/BAN 0,85L ORYGINALNY SOK",5903175642486.0,brak,-1.0,1.0,ORYGINALNY SOK,DF,0,IP,0.0,sprzedaz,0,sok jab march ban 0 85l oryginalny sok,oryginalny sok,0,false
81359,2025-12-28 00:00:00,-1,0.0,0.0,4.0,0.0,0.0,12.3714,0.0,-1.0,brak,21.0,1.0,0.0,0.0,0.0,314.0,"SOK JAB/MARCH/BAN 0,85L ORYGINALNY SOK",5903175642486.0,brak,-1.0,1.0,ORYGINALNY SOK,DF,0,IP,0.0,sprzedaz,0,sok jab march ban 0 85l oryginalny sok,oryginalny sok,0,false
81359,2025-12-29 00:00:00,-1,0.0,0.0,4.0,0.0,0.0,12.3714,0.0,-1.0,brak,21.0,1.0,0.0,0.0,0.0,314.0,"SOK JAB/MARCH/BAN 0,85L ORYGINALNY SOK",5903175642486.0,brak,-1.0,1.0,ORYGINALNY SOK,DF,0,IP,0.0,sprzedaz,0,sok jab march ban 0 85l oryginalny sok,oryginalny sok,0,false
81359,2025-12-30 00:00:00,-1,0.0,0.0,4.0,0.0,0.0,12.3714,0.0,-1.0,brak,21.0,1.0,0.0,0.0,0.0,314.0,"SOK JAB/MARCH/BAN 0,85L ORYGINALNY SOK",5903175642486.0,brak,-1.0,1.0,ORYGINALNY SOK,DF,0,IP,0.0,sprzedaz,0,sok jab march ban 0 85l oryginalny sok,oryginalny sok,0,false
81359,2025-12-31 00:00:00,-1,0.0,0.0,4.0,0.0,0.0,12.3714,0.0,-1.0,brak,21.0,1.0,0.0,0.0,0.0,314.0,"SOK JAB/MARCH/BAN 0,85L ORYGINALNY SOK",5903175642486.0,brak,-1.0,1.0,ORYGINALNY SOK,DF,0,IP,0.0,sprzedaz,0,sok jab march ban 0 85l oryginalny sok,oryginalny sok,0,false
81359,2026-01-01 00:00:00,-1,0.0,0.0,4.0,0.0,0.0,12.3714,0.0,-1.0,brak,21.0,1.0,0.0,0.0,0.0,314.0,"SOK JAB/MARCH/BAN 0,85L ORYGINALNY SOK",5903175642486.0,brak,-1.0,1.0,ORYGINALNY SOK,DF,0,IP,0.0,sprzedaz,0,sok jab march ban 0 85l oryginalny sok,oryginalny sok,0,false
81359,2026-01-02 00:00:00,-1,0.0,0.0,4.0,0.0,0.0,12.3714,0.0,-1.0,brak,21.0,1.0,0.0,0.0,0.0,314.0,"SOK JAB/MARCH/BAN 0,85L ORYGINALNY SOK",5903175642486.0,brak,-1.0,1.0,ORYGINALNY SOK,DF,0,IP,0.0,sprzedaz,0,sok jab march ban 0 85l oryginalny sok,oryginalny sok,0,false
81359,2026-01-03 00:00:00,-1,0.0,0.0,4.0,0.0,0.0,12.3714,0.0,-1.0,brak,21.0,1.0,0.0,0.0,0.0,314.0,"SOK JAB/MARCH/BAN 0,85L ORYGINALNY SOK",5903175642486.0,brak,-1.0,1.0,ORYGINALNY SOK,DF,0,IP,0.0,sprzedaz,0,sok jab march ban 0 85l oryginalny sok,oryginalny sok,0,false
81359,2026-01-04 00:00:00,-1,0.0,0.0,4.0,0.0,0.0,12.3714,0.0,-1.0,brak,21.0,1.0,0.0,0.0,0.0,314.0,"SOK JAB/MARCH/BAN 0,85L ORYGINALNY SOK",5903175642486.0,brak,-1.0,1.0,ORYGINALNY SOK,DF,0,IP,0.0,sprzedaz,0,sok jab march ban 0 85l oryginalny sok,oryginalny sok,0,false
81359,2026-01-05 00:00:00,-1,0.0,0.0,4.0,0.0,0.0,12.3714,0.0,-1.0,brak,21.0,1.0,0.0,0.0,0.0,314.0,"SOK JAB/MARCH/BAN 0,85L ORYGINALNY SOK",5903175642486.0,brak,-1.0,1.0,ORYGINALNY SOK,DF,0,IP,0.0,sprzedaz,0,sok jab march ban 0 85l oryginalny sok,oryginalny sok,0,false
81359,2026-01-06 00:00:00,-1,0.0,0.0,4.0,0.0,0.0,12.3714,0.0,-1.0,brak,21.0,1.0,0.0,0.0,0.0,314.0,"SOK JAB/MARCH/BAN 0,85L ORYGINALNY SOK",5903175642486.0,brak,-1.0,1.0,ORYGINALNY SOK,DF,0,IP,0.0,sprzedaz,0,sok jab march ban 0 85l oryginalny sok,oryginalny sok,0,false
81359,2026-01-07 00:00:00,2215670,15.0,15.0,4.0,1.0,0.0,12.3714,12.3714,603.0,DF/PAR/260107/2259/2,21.0,1.0,73.84,73.84,73.84,314.0,"SOK JAB/MARCH/BAN 0,85L ORYGINALNY SOK",5903175642486.0,nan,-1.0,1.0,ORYGINALNY SOK,DF,1,IP,-1.0,sprzedaz,0,sok jab march ban 0 85l oryginalny sok,oryginalny sok,0,false
81359,2026-01-08 00:00:00,-1,0.0,0.0,4.0,0.0,0.0,12.3714,0.0,-1.0,brak,21.0,1.0,0.0,0.0,0.0,314.0,"SOK JAB/MARCH/BAN 0,85L ORYGINALNY SOK",5903175642486.0,brak,-1.0,1.0,ORYGINALNY SOK,DF,0,IP,0.0,sprzedaz,0,sok jab march ban 0 85l oryginalny sok,oryginalny sok,0,false
81359,2026-01-09 00:00:00,-1,0.0,0.0,4.0,0.0,0.0,12.3714,0.0,-1.0,brak,21.0,1.0,0.0,0.0,0.0,314.0,"SOK JAB/MARCH/BAN 0,85L ORYGINALNY SOK",5903175642486.0,brak,-1.0,1.0,ORYGINALNY SOK,DF,0,IP,0.0,sprzedaz,0,sok jab march ban 0 85l oryginalny sok,oryginalny sok,0,false
81359,2026-01-10 00:00:00,-1,0.0,0.0,4.0,0.0,0.0,12.3714,0.0,-1.0,brak,21.0,1.0,0.0,0.0,0.0,314.0,"SOK JAB/MARCH/BAN 0,85L ORYGINALNY SOK",5903175642486.0,brak,-1.0,1.0,ORYGINALNY SOK,DF,0,IP,0.0,sprzedaz,0,sok jab march ban 0 85l oryginalny sok,oryginalny sok,0,false
81359,2026-01-11 00:00:00,-1,0.0,0.0,4.0,0.0,0.0,12.3714,0.0,-1.0,brak,21.0,1.0,0.0,0.0,0.0,314.0,"SOK JAB/MARCH/BAN 0,85L ORYGINALNY SOK",5903175642486.0,brak,-1.0,1.0,ORYGINALNY SOK,DF,0,IP,0.0,sprzedaz,0,sok jab march ban 0 85l oryginalny sok,oryginalny sok,0,false
81359,2026-01-12 00:00:00,-1,0.0,0.0,4.0,0.0,0.0,12.3714,0.0,-1.0,brak,21.0,1.0,0.0,0.0,0.0,314.0,"SOK JAB/MARCH/BAN 0,85L ORYGINALNY SOK",5903175642486.0,brak,-1.0,1.0,ORYGINALNY SOK,DF,0,IP,0.0,sprzedaz,0,sok jab march ban 0 85l oryginalny sok,oryginalny sok,0,false
81359,2026-01-13 00:00:00,-1,0.0,0.0,4.0,0.0,0.0,12.3714,0.0,-1.0,brak,21.0,1.0,0.0,0.0,0.0,314.0,"SOK JAB/MARCH/BAN 0,85L ORYGINALNY SOK",5903175642486.0,brak,-1.0,1.0,ORYGINALNY SOK,DF,0,IP,0.0,sprzedaz,0,sok jab march ban 0 85l oryginalny sok,oryginalny sok,0,false
81359,2026-01-14 00:00:00,-1,0.0,0.0,4.0,0.0,0.0,12.3714,0.0,-1.0,brak,21.0,1.0,0.0,0.0,0.0,314.0,"SOK JAB/MARCH/BAN 0,85L ORYGINALNY SOK",5903175642486.0,brak,-1.0,1.0,ORYGINALNY SOK,DF,0,IP,0.0,sprzedaz,0,sok jab march ban 0 85l oryginalny sok,oryginalny sok,0,false
81359,2026-01-15 00:00:00,-1,0.0,0.0,4.0,0.0,0.0,12.3714,0.0,-1.0,brak,21.0,1.0,0.0,0.0,0.0,314.0,"SOK JAB/MARCH/BAN 0,85L ORYGINALNY SOK",5903175642486.0,brak,-1.0,1.0,ORYGINALNY SOK,DF,0,IP,0.0,sprzedaz,0,sok jab march ban 0 85l oryginalny sok,oryginalny sok,0,false
81359,2026-01-16 00:00:00,-1,0.0,0.0,4.0,0.0,0.0,12.3714,0.0,-1.0,brak,21.0,1.0,0.0,0.0,0.0,314.0,"SOK JAB/MARCH/BAN 0,85L ORYGINALNY SOK",5903175642486.0,brak,-1.0,1.0,ORYGINALNY SOK,DF,0,IP,0.0,sprzedaz,0,sok jab march ban 0 85l oryginalny sok,oryginalny sok,0,false
81359,2026-01-17 00:00:00,-1,0.0,0.0,4.0,0.0,0.0,12.3714,0.0,-1.0,brak,21.0,1.0,0.0,0.0,0.0,314.0,"SOK JAB/MARCH/BAN 0,85L ORYGINALNY SOK",5903175642486.0,brak,-1.0,1.0,ORYGINALNY SOK,DF,0,IP,0.0,sprzedaz,0,sok jab march ban 0 85l oryginalny sok,oryginalny sok,0,false
81359,2026-01-18 00:00:00,-1,0.0,0.0,4.0,0.0,0.0,12.3714,0.0,-1.0,brak,21.0,1.0,0.0,0.0,0.0,314.0,"SOK JAB/MARCH/BAN 0,85L ORYGINALNY SOK",5903175642486.0,brak,-1.0,1.0,ORYGINALNY SOK,DF,0,IP,0.0,sprzedaz,0,sok jab march ban 0 85l oryginalny sok,oryginalny sok,0,false
81359,2026-01-19 00:00:00,-1,0.0,0.0,4.0,0.0,0.0,12.3714,0.0,-1.0,brak,21.0,1.0,0.0,0.0,0.0,314.0,"SOK JAB/MARCH/BAN 0,85L ORYGINALNY SOK",5903175642486.0,brak,-1.0,1.0,ORYGINALNY SOK,DF,0,IP,0.0,sprzedaz,0,sok jab march ban 0 85l oryginalny sok,oryginalny sok,0,false
81359,2026-01-20 00:00:00,-1,0.0,0.0,4.0,0.0,0.0,12.3714,0.0,-1.0,brak,21.0,1.0,0.0,0.0,0.0,314.0,"SOK JAB/MARCH/BAN 0,85L ORYGINALNY SOK",5903175642486.0,brak,-1.0,1.0,ORYGINALNY SOK,DF,0,IP,0.0,sprzedaz,0,sok jab march ban 0 85l oryginalny sok,oryginalny sok,0,false
81359,2026-01-21 00:00:00,-1,0.0,0.0,4.0,0.0,0.0,12.3714,0.0,-1.0,brak,21.0,1.0,0.0,0.0,0.0,314.0,"SOK JAB/MARCH/BAN 0,85L ORYGINALNY SOK",5903175642486.0,brak,-1.0,1.0,ORYGINALNY SOK,DF,0,IP,0.0,sprzedaz,0,sok jab march ban 0 85l oryginalny sok,oryginalny sok,0,false
81359,2026-01-22 00:00:00,-1,0.0,0.0,4.0,0.0,0.0,12.3714,0.0,-1.0,brak,21.0,1.0,0.0,0.0,0.0,314.0,"SOK JAB/MARCH/BAN 0,85L ORYGINALNY SOK",5903175642486.0,brak,-1.0,1.0,ORYGINALNY SOK,DF,0,IP,0.0,sprzedaz,0,sok jab march ban 0 85l oryginalny sok,oryginalny sok,0,false
81359,2026-01-23 00:00:00,-1,0.0,0.0,4.0,0.0,0.0,12.3714,0.0,-1.0,brak,21.0,1.0,0.0,0.0,0.0,314.0,"SOK JAB/MARCH/BAN 0,85L ORYGINALNY SOK",5903175642486.0,brak,-1.0,1.0,ORYGINALNY SOK,DF,0,IP,0.0,sprzedaz,0,sok jab march ban 0 85l oryginalny sok,oryginalny sok,0,false
81359,2026-01-24 00:00:00,-1,0.0,0.0,4.0,0.0,0.0,12.3714,0.0,-1.0,brak,21.0,1.0,0.0,0.0,0.0,314.0,"SOK JAB/MARCH/BAN 0,85L ORYGINALNY SOK",5903175642486.0,brak,-1.0,1.0,ORYGINALNY SOK,DF,0,IP,0.0,sprzedaz,0,sok jab march ban 0 85l oryginalny sok,oryginalny sok,0,false
81359,2026-01-25 00:00:00,-1,0.0,0.0,4.0,0.0,0.0,12.3714,0.0,-1.0,brak,21.0,1.0,0.0,0.0,0.0,314.0,"SOK JAB/MARCH/BAN 0,85L ORYGINALNY SOK",5903175642486.0,brak,-1.0,1.0,ORYGINALNY SOK,DF,0,IP,0.0,sprzedaz,0,sok jab march ban 0 85l oryginalny sok,oryginalny sok,0,false
81359,2026-01-26 00:00:00,-1,0.0,0.0,4.0,0.0,0.0,12.3714,0.0,-1.0,brak,21.0,1.0,0.0,0.0,0.0,314.0,"SOK JAB/MARCH/BAN 0,85L ORYGINALNY SOK",5903175642486.0,brak,-1.0,1.0,ORYGINALNY SOK,DF,0,IP,0.0,sprzedaz,0,sok jab march ban 0 85l oryginalny sok,oryginalny sok,0,false
81359,2026-01-27 00:00:00,2233326,4.0,4.0,4.0,1.0,0.0,12.3714,12.3714,670.0,DF/PAR/260127/6938/1,21.0,1.0,63.09,63.09,63.09,314.0,"SOK JAB/MARCH/BAN 0,85L ORYGINALNY SOK",5903175642486.0,nan,-1.0,1.0,ORYGINALNY SOK,DF,1,IP,-1.0,sprzedaz,0,sok jab march ban 0 85l oryginalny sok,oryginalny sok,0,false
81359,2026-01-28 00:00:00,-1,0.0,0.0,4.0,0.0,0.0,12.3714,0.0,-1.0,brak,21.0,1.0,0.0,0.0,0.0,314.0,"SOK JAB/MARCH/BAN 0,85L ORYGINALNY SOK",5903175642486.0,brak,-1.0,1.0,ORYGINALNY SOK,DF,0,IP,0.0,sprzedaz,0,sok jab march ban 0 85l oryginalny sok,oryginalny sok,0,false
81359,2026-01-29 00:00:00,-1,0.0,0.0,4.0,0.0,0.0,12.3714,0.0,-1.0,brak,21.0,1.0,0.0,0.0,0.0,314.0,"SOK JAB/MARCH/BAN 0,85L ORYGINALNY SOK",5903175642486.0,brak,-1.0,1.0,ORYGINALNY SOK,DF,0,IP,0.0,sprzedaz,0,sok jab march ban 0 85l oryginalny sok,oryginalny sok,0,false
81359,2026-01-30 00:00:00,-1,0.0,0.0,4.0,0.0,0.0,12.3714,0.0,-1.0,brak,21.0,1.0,0.0,0.0,0.0,314.0,"SOK JAB/MARCH/BAN 0,85L ORYGINALNY SOK",5903175642486.0,brak,-1.0,1.0,ORYGINALNY SOK,DF,0,IP,0.0,sprzedaz,0,sok jab march ban 0 85l oryginalny sok,oryginalny sok,0,false
81359,2026-01-31 00:00:00,2237535,8.0,8.0,4.0,1.0,0.0,12.3714,12.3714,821.0,DF/PAR/260131/12333/2,21.0,1.0,66.43,66.43,66.43,314.0,"SOK JAB/MARCH/BAN 0,85L ORYGINALNY SOK",5903175642486.0,nan,-1.0,1.0,ORYGINALNY SOK,DF,1,IP,-1.0,sprzedaz,0,sok jab march ban 0 85l oryginalny sok,oryginalny sok,0,false
81274,2025-12-19 00:00:00,2202565,5.0,5.0,4.0,1.0,0.0,2.7524,2.7524,366.0,DF/PAR/251219/11516/2,21.0,1.0,38.64,38.64,38.64,202.0,MUS TRUSK BAN MARCH 200G TYMBARK,5900334023858.0,nan,-1.0,1.0,OWOCOWE /przetwory owocowe,DF,1,IP,-1.0,sprzedaz,0,mus trusk ban march 200g tymbark,owocowe przetwory owocowe,0,false
81274,2025-12-20 00:00:00,-1,0.0,0.0,4.0,0.0,0.0,2.7524,0.0,-1.0,brak,21.0,1.0,0.0,0.0,0.0,202.0,MUS TRUSK BAN MARCH 200G TYMBARK,5900334023858.0,brak,-1.0,1.0,OWOCOWE /przetwory owocowe,DF,0,IP,0.0,sprzedaz,0,mus trusk ban march 200g tymbark,owocowe przetwory owocowe,0,false
81274,2025-12-21 00:00:00,-1,0.0,0.0,4.0,0.0,0.0,2.7524,0.0,-1.0,brak,21.0,1.0,0.0,0.0,0.0,202.0,MUS TRUSK BAN MARCH 200G TYMBARK,5900334023858.0,brak,-1.0,1.0,OWOCOWE /przetwory owocowe,DF,0,IP,0.0,sprzedaz,0,mus trusk ban march 200g tymbark,owocowe przetwory owocowe,0,false
81274,2025-12-22 00:00:00,-1,0.0,0.0,4.0,0.0,0.0,2.7524,0.0,-1.0,brak,21.0,1.0,0.0,0.0,0.0,202.0,MUS TRUSK BAN MARCH 200G TYMBARK,5900334023858.0,brak,-1.0,1.0,OWOCOWE /przetwory owocowe,DF,0,IP,0.0,sprzedaz,0,mus trusk ban march 200g tymbark,owocowe przetwory owocowe,0,false
81274,2025-12-23 00:00:00,-1,0.0,0.0,4.0,0.0,0.0,2.7524,0.0,-1.0,brak,21.0,1.0,0.0,0.0,0.0,202.0,MUS TRUSK BAN MARCH 200G TYMBARK,5900334023858.0,brak,-1.0,1.0,OWOCOWE /przetwory owocowe,DF,0,IP,0.0,sprzedaz,0,mus trusk ban march 200g tymbark,owocowe przetwory owocowe,0,false
81274,2025-12-24 00:00:00,-1,0.0,0.0,4.0,0.0,0.0,2.7524,0.0,-1.0,brak,21.0,1.0,0.0,0.0,0.0,202.0,MUS TRUSK BAN MARCH 200G TYMBARK,5900334023858.0,brak,-1.0,1.0,OWOCOWE /przetwory owocowe,DF,0,IP,0.0,sprzedaz,0,mus trusk ban march 200g tymbark,owocowe przetwory owocowe,0,false
81274,2025-12-25 00:00:00,-1,0.0,0.0,4.0,0.0,0.0,2.7524,0.0,-1.0,brak,21.0,1.0,0.0,0.0,0.0,202.0,MUS TRUSK BAN MARCH 200G TYMBARK,5900334023858.0,brak,-1.0,1.0,OWOCOWE /przetwory owocowe,DF,0,IP,0.0,sprzedaz,0,mus trusk ban march 200g tymbark,owocowe przetwory owocowe,0,false
81274,2025-12-26 00:00:00,-1,0.0,0.0,4.0,0.0,0.0,2.7524,0.0,-1.0,brak,21.0,1.0,0.0,0.0,0.0,202.0,MUS TRUSK BAN MARCH 200G TYMBARK,5900334023858.0,brak,-1.0,1.0,OWOCOWE /przetwory owocowe,DF,0,IP,0.0,sprzedaz,0,mus trusk ban march 200g tymbark,owocowe przetwory owocowe,0,false
81274,2025-12-27 00:00:00,-1,0.0,0.0,4.0,0.0,0.0,2.7524,0.0,-1.0,brak,21.0,1.0,0.0,0.0,0.0,202.0,MUS TRUSK BAN MARCH 200G TYMBARK,5900334023858.0,brak,-1.0,1.0,OWOCOWE /przetwory owocowe,DF,0,IP,0.0,sprzedaz,0,mus trusk ban march 200g tymbark,owocowe przetwory owocowe,0,false
81274,2025-12-28 00:00:00,-1,0.0,0.0,4.0,0.0,0.0,2.7524,0.0,-1.0,brak,21.0,1.0,0.0,0.0,0.0,202.0,MUS TRUSK BAN MARCH 200G TYMBARK,5900334023858.0,brak,-1.0,1.0,OWOCOWE /przetwory owocowe,DF,0,IP,0.0,sprzedaz,0,mus trusk ban march 200g tymbark,owocowe przetwory owocowe,0,false
81274,2025-12-29 00:00:00,-1,0.0,0.0,4.0,0.0,0.0,2.7524,0.0,-1.0,brak,21.0,1.0,0.0,0.0,0.0,202.0,MUS TRUSK BAN MARCH 200G TYMBARK,5900334023858.0,brak,-1.0,1.0,OWOCOWE /przetwory owocowe,DF,0,IP,0.0,sprzedaz,0,mus trusk ban march 200g tymbark,owocowe przetwory owocowe,0,false
81274,2025-12-30 00:00:00,-1,0.0,0.0,4.0,0.0,0.0,2.7524,0.0,-1.0,brak,21.0,1.0,0.0,0.0,0.0,202.0,MUS TRUSK BAN MARCH 200G TYMBARK,5900334023858.0,brak,-1.0,1.0,OWOCOWE /przetwory owocowe,DF,0,IP,0.0,sprzedaz,0,mus trusk ban march 200g tymbark,owocowe przetwory owocowe,0,false
81274,2025-12-31 00:00:00,-1,0.0,0.0,4.0,0.0,0.0,2.7524,0.0,-1.0,brak,21.0,1.0,0.0,0.0,0.0,202.0,MUS TRUSK BAN MARCH 200G TYMBARK,5900334023858.0,brak,-1.0,1.0,OWOCOWE /przetwory owocowe,DF,0,IP,0.0,sprzedaz,0,mus trusk ban march 200g tymbark,owocowe przetwory owocowe,0,false
81274,2026-01-01 00:00:00,-1,0.0,0.0,4.0,0.0,0.0,2.7524,0.0,-1.0,brak,21.0,1.0,0.0,0.0,0.0,202.0,MUS TRUSK BAN MARCH 200G TYMBARK,5900334023858.0,brak,-1.0,1.0,OWOCOWE /przetwory owocowe,DF,0,IP,0.0,sprzedaz,0,mus trusk ban march 200g tymbark,owocowe przetwory owocowe,0,false
81274,2026-01-02 00:00:00,-1,0.0,0.0,4.0,0.0,0.0,2.7524,0.0,-1.0,brak,21.0,1.0,0.0,0.0,0.0,202.0,MUS TRUSK BAN MARCH 200G TYMBARK,5900334023858.0,brak,-1.0,1.0,OWOCOWE /przetwory owocowe,DF,0,IP,0.0,sprzedaz,0,mus trusk ban march 200g tymbark,owocowe przetwory owocowe,0,false
81274,2026-01-03 00:00:00,-1,0.0,0.0,4.0,0.0,0.0,2.7524,0.0,-1.0,brak,21.0,1.0,0.0,0.0,0.0,202.0,MUS TRUSK BAN MARCH 200G TYMBARK,5900334023858.0,brak,-1.0,1.0,OWOCOWE /przetwory owocowe,DF,0,IP,0.0,sprzedaz,0,mus trusk ban march 200g tymbark,owocowe przetwory owocowe,0,false
81274,2026-01-04 00:00:00,-1,0.0,0.0,4.0,0.0,0.0,2.7524,0.0,-1.0,brak,21.0,1.0,0.0,0.0,0.0,202.0,MUS TRUSK BAN MARCH 200G TYMBARK,5900334023858.0,brak,-1.0,1.0,OWOCOWE /przetwory owocowe,DF,0,IP,0.0,sprzedaz,0,mus trusk ban march 200g tymbark,owocowe przetwory owocowe,0,false
81274,2026-01-05 00:00:00,-1,0.0,0.0,4.0,0.0,0.0,2.7524,0.0,-1.0,brak,21.0,1.0,0.0,0.0,0.0,202.0,MUS TRUSK BAN MARCH 200G TYMBARK,5900334023858.0,brak,-1.0,1.0,OWOCOWE /przetwory owocowe,DF,0,IP,0.0,sprzedaz,0,mus trusk ban march 200g tymbark,owocowe przetwory owocowe,0,false
81274,2026-01-06 00:00:00,-1,0.0,0.0,4.0,0.0,0.0,2.7524,0.0,-1.0,brak,21.0,1.0,0.0,0.0,0.0,202.0,MUS TRUSK BAN MARCH 200G TYMBARK,5900334023858.0,brak,-1.0,1.0,OWOCOWE /przetwory owocowe,DF,0,IP,0.0,sprzedaz,0,mus trusk ban march 200g tymbark,owocowe przetwory owocowe,0,false
81274,2026-01-07 00:00:00,-1,0.0,0.0,4.0,0.0,0.0,2.7524,0.0,-1.0,brak,21.0,1.0,0.0,0.0,0.0,202.0,MUS TRUSK BAN MARCH 200G TYMBARK,5900334023858.0,brak,-1.0,1.0,OWOCOWE /przetwory owocowe,DF,0,IP,0.0,sprzedaz,0,mus trusk ban march 200g tymbark,owocowe przetwory owocowe,0,false
81274,2026-01-08 00:00:00,-1,0.0,0.0,4.0,0.0,0.0,2.7524,0.0,-1.0,brak,21.0,1.0,0.0,0.0,0.0,202.0,MUS TRUSK BAN MARCH 200G TYMBARK,5900334023858.0,brak,-1.0,1.0,OWOCOWE /przetwory owocowe,DF,0,IP,0.0,sprzedaz,0,mus trusk ban march 200g tymbark,owocowe przetwory owocowe,0,false
81274,2026-01-09 00:00:00,-1,0.0,0.0,4.0,0.0,0.0,2.7524,0.0,-1.0,brak,21.0,1.0,0.0,0.0,0.0,202.0,MUS TRUSK BAN MARCH 200G TYMBARK,5900334023858.0,brak,-1.0,1.0,OWOCOWE /przetwory owocowe,DF,0,IP,0.0,sprzedaz,0,mus trusk ban march 200g tymbark,owocowe przetwory owocowe,0,false
81274,2026-01-10 00:00:00,-1,0.0,0.0,4.0,0.0,0.0,2.7524,0.0,-1.0,brak,21.0,1.0,0.0,0.0,0.0,202.0,MUS TRUSK BAN MARCH 200G TYMBARK,5900334023858.0,brak,-1.0,1.0,OWOCOWE /przetwory owocowe,DF,0,IP,0.0,sprzedaz,0,mus trusk ban march 200g tymbark,owocowe przetwory owocowe,0,false
81274,2026-01-11 00:00:00,-1,0.0,0.0,4.0,0.0,0.0,2.7524,0.0,-1.0,brak,21.0,1.0,0.0,0.0,0.0,202.0,MUS TRUSK BAN MARCH 200G TYMBARK,5900334023858.0,brak,-1.0,1.0,OWOCOWE /przetwory owocowe,DF,0,IP,0.0,sprzedaz,0,mus trusk ban march 200g tymbark,owocowe przetwory owocowe,0,false
81274,2026-01-12 00:00:00,-1,0.0,0.0,4.0,0.0,0.0,2.7524,0.0,-1.0,brak,21.0,1.0,0.0,0.0,0.0,202.0,MUS TRUSK BAN MARCH 200G TYMBARK,5900334023858.0,brak,-1.0,1.0,OWOCOWE /przetwory owocowe,DF,0,IP,0.0,sprzedaz,0,mus trusk ban march 200g tymbark,owocowe przetwory owocowe,0,false
81274,2026-01-13 00:00:00,-1,0.0,0.0,4.0,0.0,0.0,2.7524,0.0,-1.0,brak,21.0,1.0,0.0,0.0,0.0,202.0,MUS TRUSK BAN MARCH 200G TYMBARK,5900334023858.0,brak,-1.0,1.0,OWOCOWE /przetwory owocowe,DF,0,IP,0.0,sprzedaz,0,mus trusk ban march 200g tymbark,owocowe przetwory owocowe,0,false
81274,2026-01-14 00:00:00,-1,0.0,0.0,4.0,0.0,0.0,2.7524,0.0,-1.0,brak,21.0,1.0,0.0,0.0,0.0,202.0,MUS TRUSK BAN MARCH 200G TYMBARK,5900334023858.0,brak,-1.0,1.0,OWOCOWE /przetwory owocowe,DF,0,IP,0.0,sprzedaz,0,mus trusk ban march 200g tymbark,owocowe przetwory owocowe,0,false
81274,2026-01-15 00:00:00,-1,0.0,0.0,4.0,0.0,0.0,2.7524,0.0,-1.0,brak,21.0,1.0,0.0,0.0,0.0,202.0,MUS TRUSK BAN MARCH 200G TYMBARK,5900334023858.0,brak,-1.0,1.0,OWOCOWE /przetwory owocowe,DF,0,IP,0.0,sprzedaz,0,mus trusk ban march 200g tymbark,owocowe przetwory owocowe,0,false
81274,2026-01-16 00:00:00,-1,0.0,0.0,4.0,0.0,0.0,2.7524,0.0,-1.0,brak,21.0,1.0,0.0,0.0,0.0,202.0,MUS TRUSK BAN MARCH 200G TYMBARK,5900334023858.0,brak,-1.0,1.0,OWOCOWE /przetwory owocowe,DF,0,IP,0.0,sprzedaz,0,mus trusk ban march 200g tymbark,owocowe przetwory owocowe,0,false
81274,2026-01-17 00:00:00,-1,0.0,0.0,4.0,0.0,0.0,2.7524,0.0,-1.0,brak,21.0,1.0,0.0,0.0,0.0,202.0,MUS TRUSK BAN MARCH 200G TYMBARK,5900334023858.0,brak,-1.0,1.0,OWOCOWE /przetwory owocowe,DF,0,IP,0.0,sprzedaz,0,mus trusk ban march 200g tymbark,owocowe przetwory owocowe,0,false
81274,2026-01-18 00:00:00,-1,0.0,0.0,4.0,0.0,0.0,2.7524,0.0,-1.0,brak,21.0,1.0,0.0,0.0,0.0,202.0,MUS TRUSK BAN MARCH 200G TYMBARK,5900334023858.0,brak,-1.0,1.0,OWOCOWE /przetwory owocowe,DF,0,IP,0.0,sprzedaz,0,mus trusk ban march 200g tymbark,owocowe przetwory owocowe,0,false
81274,2026-01-19 00:00:00,-1,0.0,0.0,4.0,0.0,0.0,2.7524,0.0,-1.0,brak,21.0,1.0,0.0,0.0,0.0,202.0,MUS TRUSK BAN MARCH 200G TYMBARK,5900334023858.0,brak,-1.0,1.0,OWOCOWE /przetwory owocowe,DF,0,IP,0.0,sprzedaz,0,mus trusk ban march 200g tymbark,owocowe przetwory owocowe,0,false
81274,2026-01-20 00:00:00,-1,0.0,0.0,4.0,0.0,0.0,2.7524,0.0,-1.0,brak,21.0,1.0,0.0,0.0,0.0,202.0,MUS TRUSK BAN MARCH 200G TYMBARK,5900334023858.0,brak,-1.0,1.0,OWOCOWE /przetwory owocowe,DF,0,IP,0.0,sprzedaz,0,mus trusk ban march 200g tymbark,owocowe przetwory owocowe,0,false
81274,2026-01-21 00:00:00,-1,0.0,0.0,4.0,0.0,0.0,2.7524,0.0,-1.0,brak,21.0,1.0,0.0,0.0,0.0,202.0,MUS TRUSK BAN MARCH 200G TYMBARK,5900334023858.0,brak,-1.0,1.0,OWOCOWE /przetwory owocowe,DF,0,IP,0.0,sprzedaz,0,mus trusk ban march 200g tymbark,owocowe przetwory owocowe,0,false
81274,2026-01-22 00:00:00,-1,0.0,0.0,4.0,0.0,0.0,2.7524,0.0,-1.0,brak,21.0,1.0,0.0,0.0,0.0,202.0,MUS TRUSK BAN MARCH 200G TYMBARK,5900334023858.0,brak,-1.0,1.0,OWOCOWE /przetwory owocowe,DF,0,IP,0.0,sprzedaz,0,mus trusk ban march 200g tymbark,owocowe przetwory owocowe,0,false
81274,2026-01-23 00:00:00,-1,0.0,0.0,4.0,0.0,0.0,2.7524,0.0,-1.0,brak,21.0,1.0,0.0,0.0,0.0,202.0,MUS TRUSK BAN MARCH 200G TYMBARK,5900334023858.0,brak,-1.0,1.0,OWOCOWE /przetwory owocowe,DF,0,IP,0.0,sprzedaz,0,mus trusk ban march 200g tymbark,owocowe przetwory owocowe,0,false
81274,2026-01-24 00:00:00,-1,0.0,0.0,4.0,0.0,0.0,2.7524,0.0,-1.0,brak,21.0,1.0,0.0,0.0,0.0,202.0,MUS TRUSK BAN MARCH 200G TYMBARK,5900334023858.0,brak,-1.0,1.0,OWOCOWE /przetwory owocowe,DF,0,IP,0.0,sprzedaz,0,mus trusk ban march 200g tymbark,owocowe przetwory owocowe,0,false
81274,2026-01-25 00:00:00,-1,0.0,0.0,4.0,0.0,0.0,2.7524,0.0,-1.0,brak,21.0,1.0,0.0,0.0,0.0,202.0,MUS TRUSK BAN MARCH 200G TYMBARK,5900334023858.0,brak,-1.0,1.0,OWOCOWE /przetwory owocowe,DF,0,IP,0.0,sprzedaz,0,mus trusk ban march 200g tymbark,owocowe przetwory owocowe,0,false
81274,2026-01-26 00:00:00,2231904,3.0,3.0,4.0,1.0,0.0,2.7524,2.7524,118.0,DF/PAR/260126/9973/2,21.0,1.0,22.84,22.84,22.84,202.0,MUS TRUSK BAN MARCH 200G TYMBARK,5900334023858.0,nan,-1.0,1.0,OWOCOWE /przetwory owocowe,DF,1,IP,-1.0,sprzedaz,0,mus trusk ban march 200g tymbark,owocowe przetwory owocowe,0,false
81274,2026-01-27 00:00:00,-1,0.0,0.0,4.0,0.0,0.0,2.7524,0.0,-1.0,brak,21.0,1.0,0.0,0.0,0.0,202.0,MUS TRUSK BAN MARCH 200G TYMBARK,5900334023858.0,brak,-1.0,1.0,OWOCOWE /przetwory owocowe,DF,0,IP,0.0,sprzedaz,0,mus trusk ban march 200g tymbark,owocowe przetwory owocowe,0,false
81274,2026-01-28 00:00:00,-1,0.0,0.0,4.0,0.0,0.0,2.7524,0.0,-1.0,brak,21.0,1.0,0.0,0.0,0.0,202.0,MUS TRUSK BAN MARCH 200G TYMBARK,5900334023858.0,brak,-1.0,1.0,OWOCOWE /przetwory owocowe,DF,0,IP,0.0,sprzedaz,0,mus trusk ban march 200g tymbark,owocowe przetwory owocowe,0,false
81274,2026-01-29 00:00:00,-1,0.0,0.0,4.0,0.0,0.0,2.7524,0.0,-1.0,brak,21.0,1.0,0.0,0.0,0.0,202.0,MUS TRUSK BAN MARCH 200G TYMBARK,5900334023858.0,brak,-1.0,1.0,OWOCOWE /przetwory owocowe,DF,0,IP,0.0,sprzedaz,0,mus trusk ban march 200g tymbark,owocowe przetwory owocowe,0,false
81274,2026-01-30 00:00:00,-1,0.0,0.0,4.0,0.0,0.0,2.7524,0.0,-1.0,brak,21.0,1.0,0.0,0.0,0.0,202.0,MUS TRUSK BAN MARCH 200G TYMBARK,5900334023858.0,brak,-1.0,1.0,OWOCOWE /przetwory owocowe,DF,0,IP,0.0,sprzedaz,0,mus trusk ban march 200g tymbark,owocowe przetwory owocowe,0,false
81274,2026-01-31 00:00:00,-1,0.0,0.0,4.0,0.0,0.0,2.7524,0.0,-1.0,brak,21.0,1.0,0.0,0.0,0.0,202.0,MUS TRUSK BAN MARCH 200G TYMBARK,5900334023858.0,brak,-1.0,1.0,OWOCOWE /przetwory owocowe,DF,0,IP,0.0,sprzedaz,0,mus trusk ban march 200g tymbark,owocowe przetwory owocowe,0,false
81277,2025-12-19 00:00:00,2202673,1.0,1.0,4.0,1.0,0.0,14.626,14.626,474.0,DF/PAR/251219/3258/1,21.0,1.0,35.98,35.98,35.98,226.0,BOMB LUCKY SQUARE 128G GOPLANA,5900189011222.0,nan,-1.0,1.0,BOMBONIERKI I PRALINY,DF,1,IP,-1.0,sprzedaz,0,bomb lucky square 128g goplana,bombonierki i praliny,0,false
81277,2025-12-20 00:00:00,-1,0.0,0.0,4.0,0.0,0.0,14.626,0.0,-1.0,brak,21.0,1.0,0.0,0.0,0.0,226.0,BOMB LUCKY SQUARE 128G GOPLANA,5900189011222.0,brak,-1.0,1.0,BOMBONIERKI I PRALINY,DF,0,IP,0.0,sprzedaz,0,bomb lucky square 128g goplana,bombonierki i praliny,0,false
81277,2025-12-21 00:00:00,-1,0.0,0.0,4.0,0.0,0.0,14.626,0.0,-1.0,brak,21.0,1.0,0.0,0.0,0.0,226.0,BOMB LUCKY SQUARE 128G GOPLANA,5900189011222.0,brak,-1.0,1.0,BOMBONIERKI I PRALINY,DF,0,IP,0.0,sprzedaz,0,bomb lucky square 128g goplana,bombonierki i praliny,0,false
81277,2025-12-22 00:00:00,-1,0.0,0.0,4.0,0.0,0.0,14.626,0.0,-1.0,brak,21.0,1.0,0.0,0.0,0.0,226.0,BOMB LUCKY SQUARE 128G GOPLANA,5900189011222.0,brak,-1.0,1.0,BOMBONIERKI I PRALINY,DF,0,IP,0.0,sprzedaz,0,bomb lucky square 128g goplana,bombonierki i praliny,0,false
81277,2025-12-23 00:00:00,-1,0.0,0.0,4.0,0.0,0.0,14.626,0.0,-1.0,brak,21.0,1.0,0.0,0.0,0.0,226.0,BOMB LUCKY SQUARE 128G GOPLANA,5900189011222.0,brak,-1.0,1.0,BOMBONIERKI I PRALINY,DF,0,IP,0.0,sprzedaz,0,bomb lucky square 128g goplana,bombonierki i praliny,0,false
81277,2025-12-24 00:00:00,-1,0.0,0.0,4.0,0.0,0.0,14.626,0.0,-1.0,brak,21.0,1.0,0.0,0.0,0.0,226.0,BOMB LUCKY SQUARE 128G GOPLANA,5900189011222.0,brak,-1.0,1.0,BOMBONIERKI I PRALINY,DF,0,IP,0.0,sprzedaz,0,bomb lucky square 128g goplana,bombonierki i praliny,0,false
81277,2025-12-25 00:00:00,-1,0.0,0.0,4.0,0.0,0.0,14.626,0.0,-1.0,brak,21.0,1.0,0.0,0.0,0.0,226.0,BOMB LUCKY SQUARE 128G GOPLANA,5900189011222.0,brak,-1.0,1.0,BOMBONIERKI I PRALINY,DF,0,IP,0.0,sprzedaz,0,bomb lucky square 128g goplana,bombonierki i praliny,0,false
81277,2025-12-26 00:00:00,-1,0.0,0.0,4.0,0.0,0.0,14.626,0.0,-1.0,brak,21.0,1.0,0.0,0.0,0.0,226.0,BOMB LUCKY SQUARE 128G GOPLANA,5900189011222.0,brak,-1.0,1.0,BOMBONIERKI I PRALINY,DF,0,IP,0.0,sprzedaz,0,bomb lucky square 128g goplana,bombonierki i praliny,0,false
81277,2025-12-27 00:00:00,-1,0.0,0.0,4.0,0.0,0.0,14.626,0.0,-1.0,brak,21.0,1.0,0.0,0.0,0.0,226.0,BOMB LUCKY SQUARE 128G GOPLANA,5900189011222.0,brak,-1.0,1.0,BOMBONIERKI I PRALINY,DF,0,IP,0.0,sprzedaz,0,bomb lucky square 128g goplana,bombonierki i praliny,0,false
81277,2025-12-28 00:00:00,-1,0.0,0.0,4.0,0.0,0.0,14.626,0.0,-1.0,brak,21.0,1.0,0.0,0.0,0.0,226.0,BOMB LUCKY SQUARE 128G GOPLANA,5900189011222.0,brak,-1.0,1.0,BOMBONIERKI I PRALINY,DF,0,IP,0.0,sprzedaz,0,bomb lucky square 128g goplana,bombonierki i praliny,0,false
81277,2025-12-29 00:00:00,-1,0.0,0.0,4.0,0.0,0.0,14.626,0.0,-1.0,brak,21.0,1.0,0.0,0.0,0.0,226.0,BOMB LUCKY SQUARE 128G GOPLANA,5900189011222.0,brak,-1.0,1.0,BOMBONIERKI I PRALINY,DF,0,IP,0.0,sprzedaz,0,bomb lucky square 128g goplana,bombonierki i praliny,0,false
81277,2025-12-30 00:00:00,-1,0.0,0.0,4.0,0.0,0.0,14.626,0.0,-1.0,brak,21.0,1.0,0.0,0.0,0.0,226.0,BOMB LUCKY SQUARE 128G GOPLANA,5900189011222.0,brak,-1.0,1.0,BOMBONIERKI I PRALINY,DF,0,IP,0.0,sprzedaz,0,bomb lucky square 128g goplana,bombonierki i praliny,0,false
81277,2025-12-31 00:00:00,-1,0.0,0.0,4.0,0.0,0.0,14.626,0.0,-1.0,brak,21.0,1.0,0.0,0.0,0.0,226.0,BOMB LUCKY SQUARE 128G GOPLANA,5900189011222.0,brak,-1.0,1.0,BOMBONIERKI I PRALINY,DF,0,IP,0.0,sprzedaz,0,bomb lucky square 128g goplana,bombonierki i praliny,0,false
81277,2026-01-01 00:00:00,-1,0.0,0.0,4.0,0.0,0.0,14.626,0.0,-1.0,brak,21.0,1.0,0.0,0.0,0.0,226.0,BOMB LUCKY SQUARE 128G GOPLANA,5900189011222.0,brak,-1.0,1.0,BOMBONIERKI I PRALINY,DF,0,IP,0.0,sprzedaz,0,bomb lucky square 128g goplana,bombonierki i praliny,0,false
81277,2026-01-02 00:00:00,-1,0.0,0.0,4.0,0.0,0.0,14.626,0.0,-1.0,brak,21.0,1.0,0.0,0.0,0.0,226.0,BOMB LUCKY SQUARE 128G GOPLANA,5900189011222.0,brak,-1.0,1.0,BOMBONIERKI I PRALINY,DF,0,IP,0.0,sprzedaz,0,bomb lucky square 128g goplana,bombonierki i praliny,0,false
81277,2026-01-03 00:00:00,-1,0.0,0.0,4.0,0.0,0.0,14.626,0.0,-1.0,brak,21.0,1.0,0.0,0.0,0.0,226.0,BOMB LUCKY SQUARE 128G GOPLANA,5900189011222.0,brak,-1.0,1.0,BOMBONIERKI I PRALINY,DF,0,IP,0.0,sprzedaz,0,bomb lucky square 128g goplana,bombonierki i praliny,0,false
81277,2026-01-04 00:00:00,-1,0.0,0.0,4.0,0.0,0.0,14.626,0.0,-1.0,brak,21.0,1.0,0.0,0.0,0.0,226.0,BOMB LUCKY SQUARE 128G GOPLANA,5900189011222.0,brak,-1.0,1.0,BOMBONIERKI I PRALINY,DF,0,IP,0.0,sprzedaz,0,bomb lucky square 128g goplana,bombonierki i praliny,0,false
81277,2026-01-05 00:00:00,-1,0.0,0.0,4.0,0.0,0.0,14.626,0.0,-1.0,brak,21.0,1.0,0.0,0.0,0.0,226.0,BOMB LUCKY SQUARE 128G GOPLANA,5900189011222.0,brak,-1.0,1.0,BOMBONIERKI I PRALINY,DF,0,IP,0.0,sprzedaz,0,bomb lucky square 128g goplana,bombonierki i praliny,0,false
81277,2026-01-06 00:00:00,-1,0.0,0.0,4.0,0.0,0.0,14.626,0.0,-1.0,brak,21.0,1.0,0.0,0.0,0.0,226.0,BOMB LUCKY SQUARE 128G GOPLANA,5900189011222.0,brak,-1.0,1.0,BOMBONIERKI I PRALINY,DF,0,IP,0.0,sprzedaz,0,bomb lucky square 128g goplana,bombonierki i praliny,0,false
81277,2026-01-07 00:00:00,-1,0.0,0.0,4.0,0.0,0.0,14.626,0.0,-1.0,brak,21.0,1.0,0.0,0.0,0.0,226.0,BOMB LUCKY SQUARE 128G GOPLANA,5900189011222.0,brak,-1.0,1.0,BOMBONIERKI I PRALINY,DF,0,IP,0.0,sprzedaz,0,bomb lucky square 128g goplana,bombonierki i praliny,0,false
81277,2026-01-08 00:00:00,-1,0.0,0.0,4.0,0.0,0.0,14.626,0.0,-1.0,brak,21.0,1.0,0.0,0.0,0.0,226.0,BOMB LUCKY SQUARE 128G GOPLANA,5900189011222.0,brak,-1.0,1.0,BOMBONIERKI I PRALINY,DF,0,IP,0.0,sprzedaz,0,bomb lucky square 128g goplana,bombonierki i praliny,0,false
81277,2026-01-09 00:00:00,-1,0.0,0.0,4.0,0.0,0.0,14.626,0.0,-1.0,brak,21.0,1.0,0.0,0.0,0.0,226.0,BOMB LUCKY SQUARE 128G GOPLANA,5900189011222.0,brak,-1.0,1.0,BOMBONIERKI I PRALINY,DF,0,IP,0.0,sprzedaz,0,bomb lucky square 128g goplana,bombonierki i praliny,0,false
81277,2026-01-10 00:00:00,-1,0.0,0.0,4.0,0.0,0.0,14.626,0.0,-1.0,brak,21.0,1.0,0.0,0.0,0.0,226.0,BOMB LUCKY SQUARE 128G GOPLANA,5900189011222.0,brak,-1.0,1.0,BOMBONIERKI I PRALINY,DF,0,IP,0.0,sprzedaz,0,bomb lucky square 128g goplana,bombonierki i praliny,0,false
81277,2026-01-11 00:00:00,-1,0.0,0.0,4.0,0.0,0.0,14.626,0.0,-1.0,brak,21.0,1.0,0.0,0.0,0.0,226.0,BOMB LUCKY SQUARE 128G GOPLANA,5900189011222.0,brak,-1.0,1.0,BOMBONIERKI I PRALINY,DF,0,IP,0.0,sprzedaz,0,bomb lucky square 128g goplana,bombonierki i praliny,0,false
81277,2026-01-12 00:00:00,-1,0.0,0.0,4.0,0.0,0.0,14.626,0.0,-1.0,brak,21.0,1.0,0.0,0.0,0.0,226.0,BOMB LUCKY SQUARE 128G GOPLANA,5900189011222.0,brak,-1.0,1.0,BOMBONIERKI I PRALINY,DF,0,IP,0.0,sprzedaz,0,bomb lucky square 128g goplana,bombonierki i praliny,0,false
81277,2026-01-13 00:00:00,-1,0.0,0.0,4.0,0.0,0.0,14.626,0.0,-1.0,brak,21.0,1.0,0.0,0.0,0.0,226.0,BOMB LUCKY SQUARE 128G GOPLANA,5900189011222.0,brak,-1.0,1.0,BOMBONIERKI I PRALINY,DF,0,IP,0.0,sprzedaz,0,bomb lucky square 128g goplana,bombonierki i praliny,0,false
81277,2026-01-14 00:00:00,-1,0.0,0.0,4.0,0.0,0.0,14.626,0.0,-1.0,brak,21.0,1.0,0.0,0.0,0.0,226.0,BOMB LUCKY SQUARE 128G GOPLANA,5900189011222.0,brak,-1.0,1.0,BOMBONIERKI I PRALINY,DF,0,IP,0.0,sprzedaz,0,bomb lucky square 128g goplana,bombonierki i praliny,0,false
81277,2026-01-15 00:00:00,-1,0.0,0.0,4.0,0.0,0.0,14.626,0.0,-1.0,brak,21.0,1.0,0.0,0.0,0.0,226.0,BOMB LUCKY SQUARE 128G GOPLANA,5900189011222.0,brak,-1.0,1.0,BOMBONIERKI I PRALINY,DF,0,IP,0.0,sprzedaz,0,bomb lucky square 128g goplana,bombonierki i praliny,0,false
81277,2026-01-16 00:00:00,-1,0.0,0.0,4.0,0.0,0.0,14.626,0.0,-1.0,brak,21.0,1.0,0.0,0.0,0.0,226.0,BOMB LUCKY SQUARE 128G GOPLANA,5900189011222.0,brak,-1.0,1.0,BOMBONIERKI I PRALINY,DF,0,IP,0.0,sprzedaz,0,bomb lucky square 128g goplana,bombonierki i praliny,0,false
81277,2026-01-17 00:00:00,2225169,1.0,1.0,4.0,1.0,0.0,14.626,14.626,856.0,DF/PAR/260117/3625/1,21.0,1.0,17.99,17.99,17.99,226.0,BOMB LUCKY SQUARE 128G GOPLANA,5900189011222.0,nan,-1.0,1.0,BOMBONIERKI I PRALINY,DF,1,IP,-1.0,sprzedaz,0,bomb lucky square 128g goplana,bombonierki i praliny,0,false
81277,2026-01-18 00:00:00,-1,0.0,0.0,4.0,0.0,0.0,14.626,0.0,-1.0,brak,21.0,1.0,0.0,0.0,0.0,226.0,BOMB LUCKY SQUARE 128G GOPLANA,5900189011222.0,brak,-1.0,1.0,BOMBONIERKI I PRALINY,DF,0,IP,0.0,sprzedaz,0,bomb lucky square 128g goplana,bombonierki i praliny,0,false
81277,2026-01-19 00:00:00,-1,0.0,0.0,4.0,0.0,0.0,14.626,0.0,-1.0,brak,21.0,1.0,0.0,0.0,0.0,226.0,BOMB LUCKY SQUARE 128G GOPLANA,5900189011222.0,brak,-1.0,1.0,BOMBONIERKI I PRALINY,DF,0,IP,0.0,sprzedaz,0,bomb lucky square 128g goplana,bombonierki i praliny,0,false
81277,2026-01-20 00:00:00,-1,0.0,0.0,4.0,0.0,0.0,14.626,0.0,-1.0,brak,21.0,1.0,0.0,0.0,0.0,226.0,BOMB LUCKY SQUARE 128G GOPLANA,5900189011222.0,brak,-1.0,1.0,BOMBONIERKI I PRALINY,DF,0,IP,0.0,sprzedaz,0,bomb lucky square 128g goplana,bombonierki i praliny,0,false
81277,2026-01-21 00:00:00,-1,0.0,0.0,4.0,0.0,0.0,14.626,0.0,-1.0,brak,21.0,1.0,0.0,0.0,0.0,226.0,BOMB LUCKY SQUARE 128G GOPLANA,5900189011222.0,brak,-1.0,1.0,BOMBONIERKI I PRALINY,DF,0,IP,0.0,sprzedaz,0,bomb lucky square 128g goplana,bombonierki i praliny,0,false
81277,2026-01-22 00:00:00,-1,0.0,0.0,4.0,0.0,0.0,14.626,0.0,-1.0,brak,21.0,1.0,0.0,0.0,0.0,226.0,BOMB LUCKY SQUARE 128G GOPLANA,5900189011222.0,brak,-1.0,1.0,BOMBONIERKI I PRALINY,DF,0,IP,0.0,sprzedaz,0,bomb lucky square 128g goplana,bombonierki i praliny,0,false
81277,2026-01-23 00:00:00,-1,0.0,0.0,4.0,0.0,0.0,14.626,0.0,-1.0,brak,21.0,1.0,0.0,0.0,0.0,226.0,BOMB LUCKY SQUARE 128G GOPLANA,5900189011222.0,brak,-1.0,1.0,BOMBONIERKI I PRALINY,DF,0,IP,0.0,sprzedaz,0,bomb lucky square 128g goplana,bombonierki i praliny,0,false
81277,2026-01-24 00:00:00,-1,0.0,0.0,4.0,0.0,0.0,14.626,0.0,-1.0,brak,21.0,1.0,0.0,0.0,0.0,226.0,BOMB LUCKY SQUARE 128G GOPLANA,5900189011222.0,brak,-1.0,1.0,BOMBONIERKI I PRALINY,DF,0,IP,0.0,sprzedaz,0,bomb lucky square 128g goplana,bombonierki i praliny,0,false
81277,2026-01-25 00:00:00,-1,0.0,0.0,4.0,0.0,0.0,14.626,0.0,-1.0,brak,21.0,1.0,0.0,0.0,0.0,226.0,BOMB LUCKY SQUARE 128G GOPLANA,5900189011222.0,brak,-1.0,1.0,BOMBONIERKI I PRALINY,DF,0,IP,0.0,sprzedaz,0,bomb lucky square 128g goplana,bombonierki i praliny,0,false
81277,2026-01-26 00:00:00,-1,0.0,0.0,4.0,0.0,0.0,14.626,0.0,-1.0,brak,21.0,1.0,0.0,0.0,0.0,226.0,BOMB LUCKY SQUARE 128G GOPLANA,5900189011222.0,brak,-1.0,1.0,BOMBONIERKI I PRALINY,DF,0,IP,0.0,sprzedaz,0,bomb lucky square 128g goplana,bombonierki i praliny,0,false
81277,2026-01-27 00:00:00,-1,0.0,0.0,4.0,0.0,0.0,14.626,0.0,-1.0,brak,21.0,1.0,0.0,0.0,0.0,226.0,BOMB LUCKY SQUARE 128G GOPLANA,5900189011222.0,brak,-1.0,1.0,BOMBONIERKI I PRALINY,DF,0,IP,0.0,sprzedaz,0,bomb lucky square 128g goplana,bombonierki i praliny,0,false
81277,2026-01-28 00:00:00,-1,0.0,0.0,4.0,0.0,0.0,14.626,0.0,-1.0,brak,21.0,1.0,0.0,0.0,0.0,226.0,BOMB LUCKY SQUARE 128G GOPLANA,5900189011222.0,brak,-1.0,1.0,BOMBONIERKI I PRALINY,DF,0,IP,0.0,sprzedaz,0,bomb lucky square 128g goplana,bombonierki i praliny,0,false
81277,2026-01-29 00:00:00,-1,0.0,0.0,4.0,0.0,0.0,14.626,0.0,-1.0,brak,21.0,1.0,0.0,0.0,0.0,226.0,BOMB LUCKY SQUARE 128G GOPLANA,5900189011222.0,brak,-1.0,1.0,BOMBONIERKI I PRALINY,DF,0,IP,0.0,sprzedaz,0,bomb lucky square 128g goplana,bombonierki i praliny,0,false
81277,2026-01-30 00:00:00,-1,0.0,0.0,4.0,0.0,0.0,14.626,0.0,-1.0,brak,21.0,1.0,0.0,0.0,0.0,226.0,BOMB LUCKY SQUARE 128G GOPLANA,5900189011222.0,brak,-1.0,1.0,BOMBONIERKI I PRALINY,DF,0,IP,0.0,sprzedaz,0,bomb lucky square 128g goplana,bombonierki i praliny,0,false
81277,2026-01-31 00:00:00,-1,0.0,0.0,4.0,0.0,0.0,14.626,0.0,-1.0,brak,21.0,1.0,0.0,0.0,0.0,226.0,BOMB LUCKY SQUARE 128G GOPLANA,5900189011222.0,brak,-1.0,1.0,BOMBONIERKI I PRALINY,DF,0,IP,0.0,sprzedaz,0,bomb lucky square 128g goplana,bombonierki i praliny,0,false
53477,2025-12-19 00:00:00,2202888,2.0,2.0,4.0,1.0,0.0,3.381,3.381,687.0,DF/PAR/251219/3326/1,21.0,1.0,32.55,32.55,32.55,319.0,PRZEC ŚMIETANA KUB KREMÓWKA 30% 200G BAKOMA,20636.0,NABIAL,39.0,1.0,***PRZECENY,DF,1,IP,-1.0,sprzedaz,0,przec smietana kub kremowka 30 200g bakoma,przeceny,0,false
53477,2025-12-20 00:00:00,-1,0.0,0.0,4.0,0.0,0.0,3.381,0.0,-1.0,brak,21.0,1.0,0.0,0.0,0.0,319.0,PRZEC ŚMIETANA KUB KREMÓWKA 30% 200G BAKOMA,20636.0,brak,39.0,1.0,***PRZECENY,DF,0,IP,0.0,sprzedaz,0,przec smietana kub kremowka 30 200g bakoma,przeceny,0,false
53477,2025-12-21 00:00:00,-1,0.0,0.0,4.0,0.0,0.0,3.381,0.0,-1.0,brak,21.0,1.0,0.0,0.0,0.0,319.0,PRZEC ŚMIETANA KUB KREMÓWKA 30% 200G BAKOMA,20636.0,brak,39.0,1.0,***PRZECENY,DF,0,IP,0.0,sprzedaz,0,przec smietana kub kremowka 30 200g bakoma,przeceny,0,false
53477,2025-12-22 00:00:00,-1,0.0,0.0,4.0,0.0,0.0,3.381,0.0,-1.0,brak,21.0,1.0,0.0,0.0,0.0,319.0,PRZEC ŚMIETANA KUB KREMÓWKA 30% 200G BAKOMA,20636.0,brak,39.0,1.0,***PRZECENY,DF,0,IP,0.0,sprzedaz,0,przec smietana kub kremowka 30 200g bakoma,przeceny,0,false
53477,2025-12-23 00:00:00,-1,0.0,0.0,4.0,0.0,0.0,3.381,0.0,-1.0,brak,21.0,1.0,0.0,0.0,0.0,319.0,PRZEC ŚMIETANA KUB KREMÓWKA 30% 200G BAKOMA,20636.0,brak,39.0,1.0,***PRZECENY,DF,0,IP,0.0,sprzedaz,0,przec smietana kub kremowka 30 200g bakoma,przeceny,0,false
53477,2025-12-24 00:00:00,-1,0.0,0.0,4.0,0.0,0.0,3.381,0.0,-1.0,brak,21.0,1.0,0.0,0.0,0.0,319.0,PRZEC ŚMIETANA KUB KREMÓWKA 30% 200G BAKOMA,20636.0,brak,39.0,1.0,***PRZECENY,DF,0,IP,0.0,sprzedaz,0,przec smietana kub kremowka 30 200g bakoma,przeceny,0,false
53477,2025-12-25 00:00:00,-1,0.0,0.0,4.0,0.0,0.0,3.381,0.0,-1.0,brak,21.0,1.0,0.0,0.0,0.0,319.0,PRZEC ŚMIETANA KUB KREMÓWKA 30% 200G BAKOMA,20636.0,brak,39.0,1.0,***PRZECENY,DF,0,IP,0.0,sprzedaz,0,przec smietana kub kremowka 30 200g bakoma,przeceny,0,false
53477,2025-12-26 00:00:00,-1,0.0,0.0,4.0,0.0,0.0,3.381,0.0,-1.0,brak,21.0,1.0,0.0,0.0,0.0,319.0,PRZEC ŚMIETANA KUB KREMÓWKA 30% 200G BAKOMA,20636.0,brak,39.0,1.0,***PRZECENY,DF,0,IP,0.0,sprzedaz,0,przec smietana kub kremowka 30 200g bakoma,przeceny,0,false
53477,2025-12-27 00:00:00,-1,0.0,0.0,4.0,0.0,0.0,3.381,0.0,-1.0,brak,21.0,1.0,0.0,0.0,0.0,319.0,PRZEC ŚMIETANA KUB KREMÓWKA 30% 200G BAKOMA,20636.0,brak,39.0,1.0,***PRZECENY,DF,0,IP,0.0,sprzedaz,0,przec smietana kub kremowka 30 200g bakoma,przeceny,0,false
53477,2025-12-28 00:00:00,-1,0.0,0.0,4.0,0.0,0.0,3.381,0.0,-1.0,brak,21.0,1.0,0.0,0.0,0.0,319.0,PRZEC ŚMIETANA KUB KREMÓWKA 30% 200G BAKOMA,20636.0,brak,39.0,1.0,***PRZECENY,DF,0,IP,0.0,sprzedaz,0,przec smietana kub kremowka 30 200g bakoma,przeceny,0,false
53477,2025-12-29 00:00:00,-1,0.0,0.0,4.0,0.0,0.0,3.381,0.0,-1.0,brak,21.0,1.0,0.0,0.0,0.0,319.0,PRZEC ŚMIETANA KUB KREMÓWKA 30% 200G BAKOMA,20636.0,brak,39.0,1.0,***PRZECENY,DF,0,IP,0.0,sprzedaz,0,przec smietana kub kremowka 30 200g bakoma,przeceny,0,false
53477,2025-12-30 00:00:00,-1,0.0,0.0,4.0,0.0,0.0,3.381,0.0,-1.0,brak,21.0,1.0,0.0,0.0,0.0,319.0,PRZEC ŚMIETANA KUB KREMÓWKA 30% 200G BAKOMA,20636.0,brak,39.0,1.0,***PRZECENY,DF,0,IP,0.0,sprzedaz,0,przec smietana kub kremowka 30 200g bakoma,przeceny,0,false
53477,2025-12-31 00:00:00,-1,0.0,0.0,4.0,0.0,0.0,3.381,0.0,-1.0,brak,21.0,1.0,0.0,0.0,0.0,319.0,PRZEC ŚMIETANA KUB KREMÓWKA 30% 200G BAKOMA,20636.0,brak,39.0,1.0,***PRZECENY,DF,0,IP,0.0,sprzedaz,0,przec smietana kub kremowka 30 200g bakoma,przeceny,0,false
53477,2026-01-01 00:00:00,-1,0.0,0.0,4.0,0.0,0.0,3.381,0.0,-1.0,brak,21.0,1.0,0.0,0.0,0.0,319.0,PRZEC ŚMIETANA KUB KREMÓWKA 30% 200G BAKOMA,20636.0,brak,39.0,1.0,***PRZECENY,DF,0,IP,0.0,sprzedaz,0,przec smietana kub kremowka 30 200g bakoma,przeceny,0,false
53477,2026-01-02 00:00:00,-1,0.0,0.0,4.0,0.0,0.0,3.381,0.0,-1.0,brak,21.0,1.0,0.0,0.0,0.0,319.0,PRZEC ŚMIETANA KUB KREMÓWKA 30% 200G BAKOMA,20636.0,brak,39.0,1.0,***PRZECENY,DF,0,IP,0.0,sprzedaz,0,przec smietana kub kremowka 30 200g bakoma,przeceny,0,false
50105,2025-12-21 00:00:00,2204700,4.0,4.0,4.0,1.0,0.0,18.0857,18.0857,203.0,DF/PAR/251221/12823/2,21.0,1.0,36.86,36.86,36.86,100.0,SOK JABŁKO POMAR 3L ROYAL APPLE,5901780370107.0,nan,-1.0,0.0,SOKI I NEKTARY,DF,1,IP,-1.0,sprzedaz,0,sok jablko pomar 3l royal apple,soki i nektary,0,false
50105,2025-12-22 00:00:00,-1,0.0,0.0,4.0,0.0,0.0,18.0857,0.0,-1.0,brak,21.0,1.0,0.0,0.0,0.0,100.0,SOK JABŁKO POMAR 3L ROYAL APPLE,5901780370107.0,brak,-1.0,1.0,SOKI I NEKTARY,DF,0,IP,0.0,sprzedaz,0,sok jablko pomar 3l royal apple,soki i nektary,0,false
50105,2025-12-23 00:00:00,-1,0.0,0.0,4.0,0.0,0.0,18.0857,0.0,-1.0,brak,21.0,1.0,0.0,0.0,0.0,100.0,SOK JABŁKO POMAR 3L ROYAL APPLE,5901780370107.0,brak,-1.0,1.0,SOKI I NEKTARY,DF,0,IP,0.0,sprzedaz,0,sok jablko pomar 3l royal apple,soki i nektary,0,false
50105,2025-12-24 00:00:00,-1,0.0,0.0,4.0,0.0,0.0,18.0857,0.0,-1.0,brak,21.0,1.0,0.0,0.0,0.0,100.0,SOK JABŁKO POMAR 3L ROYAL APPLE,5901780370107.0,brak,-1.0,1.0,SOKI I NEKTARY,DF,0,IP,0.0,sprzedaz,0,sok jablko pomar 3l royal apple,soki i nektary,0,false
50105,2025-12-25 00:00:00,-1,0.0,0.0,4.0,0.0,0.0,18.0857,0.0,-1.0,brak,21.0,1.0,0.0,0.0,0.0,100.0,SOK JABŁKO POMAR 3L ROYAL APPLE,5901780370107.0,brak,-1.0,1.0,SOKI I NEKTARY,DF,0,IP,0.0,sprzedaz,0,sok jablko pomar 3l royal apple,soki i nektary,0,false
50105,2025-12-26 00:00:00,-1,0.0,0.0,4.0,0.0,0.0,18.0857,0.0,-1.0,brak,21.0,1.0,0.0,0.0,0.0,100.0,SOK JABŁKO POMAR 3L ROYAL APPLE,5901780370107.0,brak,-1.0,1.0,SOKI I NEKTARY,DF,0,IP,0.0,sprzedaz,0,sok jablko pomar 3l royal apple,soki i nektary,0,false
50105,2025-12-27 00:00:00,-1,0.0,0.0,4.0,0.0,0.0,18.0857,0.0,-1.0,brak,21.0,1.0,0.0,0.0,0.0,100.0,SOK JABŁKO POMAR 3L ROYAL APPLE,5901780370107.0,brak,-1.0,1.0,SOKI I NEKTARY,DF,0,IP,0.0,sprzedaz,0,sok jablko pomar 3l royal apple,soki i nektary,0,false
50105,2025-12-28 00:00:00,-1,0.0,0.0,4.0,0.0,0.0,18.0857,0.0,-1.0,brak,21.0,1.0,0.0,0.0,0.0,100.0,SOK JABŁKO POMAR 3L ROYAL APPLE,5901780370107.0,brak,-1.0,1.0,SOKI I NEKTARY,DF,0,IP,0.0,sprzedaz,0,sok jablko pomar 3l royal apple,soki i nektary,0,false
50105,2025-12-29 00:00:00,-1,0.0,0.0,4.0,0.0,0.0,18.0857,0.0,-1.0,brak,21.0,1.0,0.0,0.0,0.0,100.0,SOK JABŁKO POMAR 3L ROYAL APPLE,5901780370107.0,brak,-1.0,1.0,SOKI I NEKTARY,DF,0,IP,0.0,sprzedaz,0,sok jablko pomar 3l royal apple,soki i nektary,0,false
50105,2025-12-30 00:00:00,-1,0.0,0.0,4.0,0.0,0.0,18.0857,0.0,-1.0,brak,21.0,1.0,0.0,0.0,0.0,100.0,SOK JABŁKO POMAR 3L ROYAL APPLE,5901780370107.0,brak,-1.0,1.0,SOKI I NEKTARY,DF,0,IP,0.0,sprzedaz,0,sok jablko pomar 3l royal apple,soki i nektary,0,false
50105,2025-12-31 00:00:00,-1,0.0,0.0,4.0,0.0,0.0,18.0857,0.0,-1.0,brak,21.0,1.0,0.0,0.0,0.0,100.0,SOK JABŁKO POMAR 3L ROYAL APPLE,5901780370107.0,brak,-1.0,1.0,SOKI I NEKTARY,DF,0,IP,0.0,sprzedaz,0,sok jablko pomar 3l royal apple,soki i nektary,0,false
50105,2026-01-01 00:00:00,-1,0.0,0.0,4.0,0.0,0.0,18.0857,0.0,-1.0,brak,21.0,1.0,0.0,0.0,0.0,100.0,SOK JABŁKO POMAR 3L ROYAL APPLE,5901780370107.0,brak,-1.0,1.0,SOKI I NEKTARY,DF,0,IP,0.0,sprzedaz,0,sok jablko pomar 3l royal apple,soki i nektary,0,false
50105,2026-01-02 00:00:00,-1,0.0,0.0,4.0,0.0,0.0,18.0857,0.0,-1.0,brak,21.0,1.0,0.0,0.0,0.0,100.0,SOK JABŁKO POMAR 3L ROYAL APPLE,5901780370107.0,brak,-1.0,1.0,SOKI I NEKTARY,DF,0,IP,0.0,sprzedaz,0,sok jablko pomar 3l royal apple,soki i nektary,0,false
50105,2026-01-03 00:00:00,-1,0.0,0.0,4.0,0.0,0.0,18.0857,0.0,-1.0,brak,21.0,1.0,0.0,0.0,0.0,100.0,SOK JABŁKO POMAR 3L ROYAL APPLE,5901780370107.0,brak,-1.0,1.0,SOKI I NEKTARY,DF,0,IP,0.0,sprzedaz,0,sok jablko pomar 3l royal apple,soki i nektary,0,false
50105,2026-01-04 00:00:00,-1,0.0,0.0,4.0,0.0,0.0,18.0857,0.0,-1.0,brak,21.0,1.0,0.0,0.0,0.0,100.0,SOK JABŁKO POMAR 3L ROYAL APPLE,5901780370107.0,brak,-1.0,1.0,SOKI I NEKTARY,DF,0,IP,0.0,sprzedaz,0,sok jablko pomar 3l royal apple,soki i nektary,0,false
50105,2026-01-05 00:00:00,-1,0.0,0.0,4.0,0.0,0.0,18.0857,0.0,-1.0,brak,21.0,1.0,0.0,0.0,0.0,100.0,SOK JABŁKO POMAR 3L ROYAL APPLE,5901780370107.0,brak,-1.0,1.0,SOKI I NEKTARY,DF,0,IP,0.0,sprzedaz,0,sok jablko pomar 3l royal apple,soki i nektary,0,false
50105,2026-01-06 00:00:00,-1,0.0,0.0,4.0,0.0,0.0,18.0857,0.0,-1.0,brak,21.0,1.0,0.0,0.0,0.0,100.0,SOK JABŁKO POMAR 3L ROYAL APPLE,5901780370107.0,brak,-1.0,1.0,SOKI I NEKTARY,DF,0,IP,0.0,sprzedaz,0,sok jablko pomar 3l royal apple,soki i nektary,0,false
50105,2026-01-07 00:00:00,-1,0.0,0.0,4.0,0.0,0.0,18.0857,0.0,-1.0,brak,21.0,1.0,0.0,0.0,0.0,100.0,SOK JABŁKO POMAR 3L ROYAL APPLE,5901780370107.0,brak,-1.0,1.0,SOKI I NEKTARY,DF,0,IP,0.0,sprzedaz,0,sok jablko pomar 3l royal apple,soki i nektary,0,false
50105,2026-01-08 00:00:00,-1,0.0,0.0,4.0,0.0,0.0,18.0857,0.0,-1.0,brak,21.0,1.0,0.0,0.0,0.0,100.0,SOK JABŁKO POMAR 3L ROYAL APPLE,5901780370107.0,brak,-1.0,1.0,SOKI I NEKTARY,DF,0,IP,0.0,sprzedaz,0,sok jablko pomar 3l royal apple,soki i nektary,0,false
50105,2026-01-09 00:00:00,-1,0.0,0.0,4.0,0.0,0.0,18.0857,0.0,-1.0,brak,21.0,1.0,0.0,0.0,0.0,100.0,SOK JABŁKO POMAR 3L ROYAL APPLE,5901780370107.0,brak,-1.0,1.0,SOKI I NEKTARY,DF,0,IP,0.0,sprzedaz,0,sok jablko pomar 3l royal apple,soki i nektary,0,false
50105,2026-01-10 00:00:00,-1,0.0,0.0,4.0,0.0,0.0,18.0857,0.0,-1.0,brak,21.0,1.0,0.0,0.0,0.0,100.0,SOK JABŁKO POMAR 3L ROYAL APPLE,5901780370107.0,brak,-1.0,1.0,SOKI I NEKTARY,DF,0,IP,0.0,sprzedaz,0,sok jablko pomar 3l royal apple,soki i nektary,0,false
50105,2026-01-11 00:00:00,-1,0.0,0.0,4.0,0.0,0.0,18.0857,0.0,-1.0,brak,21.0,1.0,0.0,0.0,0.0,100.0,SOK JABŁKO POMAR 3L ROYAL APPLE,5901780370107.0,brak,-1.0,1.0,SOKI I NEKTARY,DF,0,IP,0.0,sprzedaz,0,sok jablko pomar 3l royal apple,soki i nektary,0,false
50105,2026-01-12 00:00:00,-1,0.0,0.0,4.0,0.0,0.0,18.0857,0.0,-1.0,brak,21.0,1.0,0.0,0.0,0.0,100.0,SOK JABŁKO POMAR 3L ROYAL APPLE,5901780370107.0,brak,-1.0,1.0,SOKI I NEKTARY,DF,0,IP,0.0,sprzedaz,0,sok jablko pomar 3l royal apple,soki i nektary,0,false
50105,2026-01-13 00:00:00,-1,0.0,0.0,4.0,0.0,0.0,18.0857,0.0,-1.0,brak,21.0,1.0,0.0,0.0,0.0,100.0,SOK JABŁKO POMAR 3L ROYAL APPLE,5901780370107.0,brak,-1.0,1.0,SOKI I NEKTARY,DF,0,IP,0.0,sprzedaz,0,sok jablko pomar 3l royal apple,soki i nektary,0,false
50105,2026-01-14 00:00:00,-1,0.0,0.0,4.0,0.0,0.0,18.0857,0.0,-1.0,brak,21.0,1.0,0.0,0.0,0.0,100.0,SOK JABŁKO POMAR 3L ROYAL APPLE,5901780370107.0,brak,-1.0,1.0,SOKI I NEKTARY,DF,0,IP,0.0,sprzedaz,0,sok jablko pomar 3l royal apple,soki i nektary,0,false
50105,2026-01-15 00:00:00,-1,0.0,0.0,4.0,0.0,0.0,18.0857,0.0,-1.0,brak,21.0,1.0,0.0,0.0,0.0,100.0,SOK JABŁKO POMAR 3L ROYAL APPLE,5901780370107.0,brak,-1.0,1.0,SOKI I NEKTARY,DF,0,IP,0.0,sprzedaz,0,sok jablko pomar 3l royal apple,soki i nektary,0,false
50105,2026-01-16 00:00:00,-1,0.0,0.0,4.0,0.0,0.0,18.0857,0.0,-1.0,brak,21.0,1.0,0.0,0.0,0.0,100.0,SOK JABŁKO POMAR 3L ROYAL APPLE,5901780370107.0,brak,-1.0,1.0,SOKI I NEKTARY,DF,0,IP,0.0,sprzedaz,0,sok jablko pomar 3l royal apple,soki i nektary,0,false
50105,2026-01-17 00:00:00,2224716,1.0,1.0,4.0,1.0,0.0,18.0857,18.0857,403.0,DF/PAR/260117/3433/1,21.0,1.0,51.09,51.09,51.09,100.0,SOK JABŁKO POMAR 3L ROYAL APPLE,5901780370107.0,nan,-1.0,0.0,SOKI I NEKTARY,DF,1,IP,-1.0,sprzedaz,0,sok jablko pomar 3l royal apple,soki i nektary,0,false
50105,2026-01-17 00:00:00,2225092,10.0,10.0,4.0,1.0,0.0,18.0857,18.0857,779.0,DF/PAR/260117/3559/1,21.0,1.0,67.57,67.57,67.57,100.0,SOK JABŁKO POMAR 3L ROYAL APPLE,5901780370107.0,nan,-1.0,0.0,SOKI I NEKTARY,DF,1,IP,-1.0,sprzedaz,0,sok jablko pomar 3l royal apple,soki i nektary,0,false
50105,2026-01-18 00:00:00,-1,0.0,0.0,4.0,0.0,0.0,18.0857,0.0,-1.0,brak,21.0,1.0,0.0,0.0,0.0,100.0,SOK JABŁKO POMAR 3L ROYAL APPLE,5901780370107.0,brak,-1.0,1.0,SOKI I NEKTARY,DF,0,IP,0.0,sprzedaz,0,sok jablko pomar 3l royal apple,soki i nektary,0,false
50105,2026-01-19 00:00:00,-1,0.0,0.0,4.0,0.0,0.0,18.0857,0.0,-1.0,brak,21.0,1.0,0.0,0.0,0.0,100.0,SOK JABŁKO POMAR 3L ROYAL APPLE,5901780370107.0,brak,-1.0,1.0,SOKI I NEKTARY,DF,0,IP,0.0,sprzedaz,0,sok jablko pomar 3l royal apple,soki i nektary,0,false
50105,2026-01-20 00:00:00,-1,0.0,0.0,4.0,0.0,0.0,18.0857,0.0,-1.0,brak,21.0,1.0,0.0,0.0,0.0,100.0,SOK JABŁKO POMAR 3L ROYAL APPLE,5901780370107.0,brak,-1.0,1.0,SOKI I NEKTARY,DF,0,IP,0.0,sprzedaz,0,sok jablko pomar 3l royal apple,soki i nektary,0,false
50105,2026-01-21 00:00:00,-1,0.0,0.0,4.0,0.0,0.0,18.0857,0.0,-1.0,brak,21.0,1.0,0.0,0.0,0.0,100.0,SOK JABŁKO POMAR 3L ROYAL APPLE,5901780370107.0,brak,-1.0,1.0,SOKI I NEKTARY,DF,0,IP,0.0,sprzedaz,0,sok jablko pomar 3l royal apple,soki i nektary,0,false
50105,2026-01-22 00:00:00,-1,0.0,0.0,4.0,0.0,0.0,18.0857,0.0,-1.0,brak,21.0,1.0,0.0,0.0,0.0,100.0,SOK JABŁKO POMAR 3L ROYAL APPLE,5901780370107.0,brak,-1.0,1.0,SOKI I NEKTARY,DF,0,IP,0.0,sprzedaz,0,sok jablko pomar 3l royal apple,soki i nektary,0,false
50105,2026-01-23 00:00:00,-1,0.0,0.0,4.0,0.0,0.0,18.0857,0.0,-1.0,brak,21.0,1.0,0.0,0.0,0.0,100.0,SOK JABŁKO POMAR 3L ROYAL APPLE,5901780370107.0,brak,-1.0,1.0,SOKI I NEKTARY,DF,0,IP,0.0,sprzedaz,0,sok jablko pomar 3l royal apple,soki i nektary,0,false
50105,2026-01-24 00:00:00,-1,0.0,0.0,4.0,0.0,0.0,18.0857,0.0,-1.0,brak,21.0,1.0,0.0,0.0,0.0,100.0,SOK JABŁKO POMAR 3L ROYAL APPLE,5901780370107.0,brak,-1.0,1.0,SOKI I NEKTARY,DF,0,IP,0.0,sprzedaz,0,sok jablko pomar 3l royal apple,soki i nektary,0,false
50105,2026-01-25 00:00:00,-1,0.0,0.0,4.0,0.0,0.0,18.0857,0.0,-1.0,brak,21.0,1.0,0.0,0.0,0.0,100.0,SOK JABŁKO POMAR 3L ROYAL APPLE,5901780370107.0,brak,-1.0,1.0,SOKI I NEKTARY,DF,0,IP,0.0,sprzedaz,0,sok jablko pomar 3l royal apple,soki i nektary,0,false
50105,2026-01-26 00:00:00,-1,0.0,0.0,4.0,0.0,0.0,18.0857,0.0,-1.0,brak,21.0,1.0,0.0,0.0,0.0,100.0,SOK JABŁKO POMAR 3L ROYAL APPLE,5901780370107.0,brak,-1.0,1.0,SOKI I NEKTARY,DF,0,IP,0.0,sprzedaz,0,sok jablko pomar 3l royal apple,soki i nektary,0,false
50105,2026-01-27 00:00:00,-1,0.0,0.0,4.0,0.0,0.0,18.0857,0.0,-1.0,brak,21.0,1.0,0.0,0.0,0.0,100.0,SOK JABŁKO POMAR 3L ROYAL APPLE,5901780370107.0,brak,-1.0,1.0,SOKI I NEKTARY,DF,0,IP,0.0,sprzedaz,0,sok jablko pomar 3l royal apple,soki i nektary,0,false
50105,2026-01-28 00:00:00,-1,0.0,0.0,4.0,0.0,0.0,18.0857,0.0,-1.0,brak,21.0,1.0,0.0,0.0,0.0,100.0,SOK JABŁKO POMAR 3L ROYAL APPLE,5901780370107.0,brak,-1.0,1.0,SOKI I NEKTARY,DF,0,IP,0.0,sprzedaz,0,sok jablko pomar 3l royal apple,soki i nektary,0,false
50105,2026-01-29 00:00:00,-1,0.0,0.0,4.0,0.0,0.0,18.0857,0.0,-1.0,brak,21.0,1.0,0.0,0.0,0.0,100.0,SOK JABŁKO POMAR 3L ROYAL APPLE,5901780370107.0,brak,-1.0,1.0,SOKI I NEKTARY,DF,0,IP,0.0,sprzedaz,0,sok jablko pomar 3l royal apple,soki i nektary,0,false
50105,2026-01-30 00:00:00,-1,0.0,0.0,4.0,0.0,0.0,18.0857,0.0,-1.0,brak,21.0,1.0,0.0,0.0,0.0,100.0,SOK JABŁKO POMAR 3L ROYAL APPLE,5901780370107.0,brak,-1.0,1.0,SOKI I NEKTARY,DF,0,IP,0.0,sprzedaz,0,sok jablko pomar 3l royal apple,soki i nektary,0,false
50105,2026-01-31 00:00:00,-1,0.0,0.0,4.0,0.0,0.0,18.0857,0.0,-1.0,brak,21.0,1.0,0.0,0.0,0.0,100.0,SOK JABŁKO POMAR 3L ROYAL APPLE,5901780370107.0,brak,-1.0,1.0,SOKI I NEKTARY,DF,0,IP,0.0,sprzedaz,0,sok jablko pomar 3l royal apple,soki i nektary,0,false
23624,2025-12-21 00:00:00,2204838,2.0,2.0,4.0,1.0,0.0,10.4667,10.4667,341.0,DF/PAR/251221/3747/1,21.0,1.0,38.64,38.64,38.64,79.0,DUKATY RYBNE 320G FROSTA,5905009025106.0,nan,-1.0,0.0,RYBY I OWOCE MORZA,DF,1,IP,-1.0,sprzedaz,0,dukaty rybne 320g frosta,ryby i owoce morza,0,false
23624,2025-12-22 00:00:00,2205830,3.0,3.0,4.0,1.0,0.0,10.4667,10.4667,904.0,DF/PAR/251222/4110/1,21.0,1.0,53.42,53.42,53.42,79.0,DUKATY RYBNE 320G FROSTA,5905009025106.0,nan,-1.0,0.0,RYBY I OWOCE MORZA,DF,1,IP,-1.0,sprzedaz,0,dukaty rybne 320g frosta,ryby i owoce morza,0,false
23624,2025-12-23 00:00:00,-1,0.0,0.0,4.0,0.0,0.0,10.4667,0.0,-1.0,brak,21.0,1.0,0.0,0.0,0.0,79.0,DUKATY RYBNE 320G FROSTA,5905009025106.0,brak,-1.0,1.0,RYBY I OWOCE MORZA,DF,0,IP,0.0,sprzedaz,0,dukaty rybne 320g frosta,ryby i owoce morza,0,false
23624,2025-12-24 00:00:00,-1,0.0,0.0,4.0,0.0,0.0,10.4667,0.0,-1.0,brak,21.0,1.0,0.0,0.0,0.0,79.0,DUKATY RYBNE 320G FROSTA,5905009025106.0,brak,-1.0,1.0,RYBY I OWOCE MORZA,DF,0,IP,0.0,sprzedaz,0,dukaty rybne 320g frosta,ryby i owoce morza,0,false
23624,2025-12-25 00:00:00,-1,0.0,0.0,4.0,0.0,0.0,10.4667,0.0,-1.0,brak,21.0,1.0,0.0,0.0,0.0,79.0,DUKATY RYBNE 320G FROSTA,5905009025106.0,brak,-1.0,1.0,RYBY I OWOCE MORZA,DF,0,IP,0.0,sprzedaz,0,dukaty rybne 320g frosta,ryby i owoce morza,0,false
23624,2025-12-26 00:00:00,-1,0.0,0.0,4.0,0.0,0.0,10.4667,0.0,-1.0,brak,21.0,1.0,0.0,0.0,0.0,79.0,DUKATY RYBNE 320G FROSTA,5905009025106.0,brak,-1.0,1.0,RYBY I OWOCE MORZA,DF,0,IP,0.0,sprzedaz,0,dukaty rybne 320g frosta,ryby i owoce morza,0,false
23624,2025-12-27 00:00:00,-1,0.0,0.0,4.0,0.0,0.0,10.4667,0.0,-1.0,brak,21.0,1.0,0.0,0.0,0.0,79.0,DUKATY RYBNE 320G FROSTA,5905009025106.0,brak,-1.0,1.0,RYBY I OWOCE MORZA,DF,0,IP,0.0,sprzedaz,0,dukaty rybne 320g frosta,ryby i owoce morza,0,false
23624,2025-12-28 00:00:00,-1,0.0,0.0,4.0,0.0,0.0,10.4667,0.0,-1.0,brak,21.0,1.0,0.0,0.0,0.0,79.0,DUKATY RYBNE 320G FROSTA,5905009025106.0,brak,-1.0,1.0,RYBY I OWOCE MORZA,DF,0,IP,0.0,sprzedaz,0,dukaty rybne 320g frosta,ryby i owoce morza,0,false
23624,2025-12-29 00:00:00,-1,0.0,0.0,4.0,0.0,0.0,10.4667,0.0,-1.0,brak,21.0,1.0,0.0,0.0,0.0,79.0,DUKATY RYBNE 320G FROSTA,5905009025106.0,brak,-1.0,1.0,RYBY I OWOCE MORZA,DF,0,IP,0.0,sprzedaz,0,dukaty rybne 320g frosta,ryby i owoce morza,0,false
23624,2025-12-30 00:00:00,-1,0.0,0.0,4.0,0.0,0.0,10.4667,0.0,-1.0,brak,21.0,1.0,0.0,0.0,0.0,79.0,DUKATY RYBNE 320G FROSTA,5905009025106.0,brak,-1.0,1.0,RYBY I OWOCE MORZA,DF,0,IP,0.0,sprzedaz,0,dukaty rybne 320g frosta,ryby i owoce morza,0,false
23624,2025-12-31 00:00:00,-1,0.0,0.0,4.0,0.0,0.0,10.4667,0.0,-1.0,brak,21.0,1.0,0.0,0.0,0.0,79.0,DUKATY RYBNE 320G FROSTA,5905009025106.0,brak,-1.0,1.0,RYBY I OWOCE MORZA,DF,0,IP,0.0,sprzedaz,0,dukaty rybne 320g frosta,ryby i owoce morza,0,false
23624,2026-01-01 00:00:00,-1,0.0,0.0,4.0,0.0,0.0,10.4667,0.0,-1.0,brak,21.0,1.0,0.0,0.0,0.0,79.0,DUKATY RYBNE 320G FROSTA,5905009025106.0,brak,-1.0,1.0,RYBY I OWOCE MORZA,DF,0,IP,0.0,sprzedaz,0,dukaty rybne 320g frosta,ryby i owoce morza,0,false
23624,2026-01-02 00:00:00,-1,0.0,0.0,4.0,0.0,0.0,10.4667,0.0,-1.0,brak,21.0,1.0,0.0,0.0,0.0,79.0,DUKATY RYBNE 320G FROSTA,5905009025106.0,brak,-1.0,1.0,RYBY I OWOCE MORZA,DF,0,IP,0.0,sprzedaz,0,dukaty rybne 320g frosta,ryby i owoce morza,0,false
23624,2026-01-03 00:00:00,-1,0.0,0.0,4.0,0.0,0.0,10.4667,0.0,-1.0,brak,21.0,1.0,0.0,0.0,0.0,79.0,DUKATY RYBNE 320G FROSTA,5905009025106.0,brak,-1.0,1.0,RYBY I OWOCE MORZA,DF,0,IP,0.0,sprzedaz,0,dukaty rybne 320g frosta,ryby i owoce morza,0,false
23624,2026-01-04 00:00:00,-1,0.0,0.0,4.0,0.0,0.0,10.4667,0.0,-1.0,brak,21.0,1.0,0.0,0.0,0.0,79.0,DUKATY RYBNE 320G FROSTA,5905009025106.0,brak,-1.0,1.0,RYBY I OWOCE MORZA,DF,0,IP,0.0,sprzedaz,0,dukaty rybne 320g frosta,ryby i owoce morza,0,false
23624,2026-01-05 00:00:00,2213891,2.0,2.0,4.0,1.0,0.0,10.4667,10.4667,83.0,DF/PAR/260105/1213/2,21.0,1.0,79.65,79.65,79.65,79.0,DUKATY RYBNE 320G FROSTA,5905009025106.0,nan,-1.0,0.0,RYBY I OWOCE MORZA,DF,1,IP,-1.0,sprzedaz,0,dukaty rybne 320g frosta,ryby i owoce morza,0,false
23624,2026-01-06 00:00:00,-1,0.0,0.0,4.0,0.0,0.0,10.4667,0.0,-1.0,brak,21.0,1.0,0.0,0.0,0.0,79.0,DUKATY RYBNE 320G FROSTA,5905009025106.0,brak,-1.0,1.0,RYBY I OWOCE MORZA,DF,0,IP,0.0,sprzedaz,0,dukaty rybne 320g frosta,ryby i owoce morza,0,false
23624,2026-01-07 00:00:00,-1,0.0,0.0,4.0,0.0,0.0,10.4667,0.0,-1.0,brak,21.0,1.0,0.0,0.0,0.0,79.0,DUKATY RYBNE 320G FROSTA,5905009025106.0,brak,-1.0,1.0,RYBY I OWOCE MORZA,DF,0,IP,0.0,sprzedaz,0,dukaty rybne 320g frosta,ryby i owoce morza,0,false
23624,2026-01-08 00:00:00,-1,0.0,0.0,4.0,0.0,0.0,10.4667,0.0,-1.0,brak,21.0,1.0,0.0,0.0,0.0,79.0,DUKATY RYBNE 320G FROSTA,5905009025106.0,brak,-1.0,1.0,RYBY I OWOCE MORZA,DF,0,IP,0.0,sprzedaz,0,dukaty rybne 320g frosta,ryby i owoce morza,0,false
23624,2026-01-09 00:00:00,2217459,13.0,13.0,4.0,1.0,0.0,10.4667,10.4667,317.0,DF/PAR/260109/1130/1,21.0,1.0,108.85,108.85,108.85,79.0,DUKATY RYBNE 320G FROSTA,5905009025106.0,nan,-1.0,0.0,RYBY I OWOCE MORZA,DF,1,IP,-1.0,sprzedaz,0,dukaty rybne 320g frosta,ryby i owoce morza,0,false
23624,2026-01-10 00:00:00,2218647,2.0,2.0,4.0,1.0,0.0,10.4667,10.4667,408.0,DF/PAR/260110/4136/2,21.0,1.0,48.47,48.47,48.47,79.0,DUKATY RYBNE 320G FROSTA,5905009025106.0,nan,-1.0,0.0,RYBY I OWOCE MORZA,DF,1,IP,-1.0,sprzedaz,0,dukaty rybne 320g frosta,ryby i owoce morza,0,false
23624,2026-01-10 00:00:00,2219044,2.0,2.0,4.0,1.0,0.0,10.4667,10.4667,802.0,DF/PAR/260110/4352/2,21.0,1.0,51.72,51.72,51.72,79.0,DUKATY RYBNE 320G FROSTA,5905009025106.0,nan,-1.0,0.0,RYBY I OWOCE MORZA,DF,1,IP,-1.0,sprzedaz,0,dukaty rybne 320g frosta,ryby i owoce morza,0,false
23624,2026-01-11 00:00:00,-1,0.0,0.0,4.0,0.0,0.0,10.4667,0.0,-1.0,brak,21.0,1.0,0.0,0.0,0.0,79.0,DUKATY RYBNE 320G FROSTA,5905009025106.0,brak,-1.0,1.0,RYBY I OWOCE MORZA,DF,0,IP,0.0,sprzedaz,0,dukaty rybne 320g frosta,ryby i owoce morza,0,false
23624,2026-01-12 00:00:00,-1,0.0,0.0,4.0,0.0,0.0,10.4667,0.0,-1.0,brak,21.0,1.0,0.0,0.0,0.0,79.0,DUKATY RYBNE 320G FROSTA,5905009025106.0,brak,-1.0,1.0,RYBY I OWOCE MORZA,DF,0,IP,0.0,sprzedaz,0,dukaty rybne 320g frosta,ryby i owoce morza,0,false
23624,2026-01-13 00:00:00,-1,0.0,0.0,4.0,0.0,0.0,10.4667,0.0,-1.0,brak,21.0,1.0,0.0,0.0,0.0,79.0,DUKATY RYBNE 320G FROSTA,5905009025106.0,brak,-1.0,1.0,RYBY I OWOCE MORZA,DF,0,IP,0.0,sprzedaz,0,dukaty rybne 320g frosta,ryby i owoce morza,0,false
23624,2026-01-14 00:00:00,2221788,2.0,2.0,4.0,1.0,0.0,10.4667,10.4667,589.0,DF/PAR/260114/2126/1,21.0,1.0,83.72,83.72,83.72,79.0,DUKATY RYBNE 320G FROSTA,5905009025106.0,nan,-1.0,0.0,RYBY I OWOCE MORZA,DF,1,IP,-1.0,sprzedaz,0,dukaty rybne 320g frosta,ryby i owoce morza,0,false
23624,2026-01-15 00:00:00,-1,0.0,0.0,4.0,0.0,0.0,10.4667,0.0,-1.0,brak,21.0,1.0,0.0,0.0,0.0,79.0,DUKATY RYBNE 320G FROSTA,5905009025106.0,brak,-1.0,1.0,RYBY I OWOCE MORZA,DF,0,IP,0.0,sprzedaz,0,dukaty rybne 320g frosta,ryby i owoce morza,0,false
23624,2026-01-16 00:00:00,-1,0.0,0.0,4.0,0.0,0.0,10.4667,0.0,-1.0,brak,21.0,1.0,0.0,0.0,0.0,79.0,DUKATY RYBNE 320G FROSTA,5905009025106.0,brak,-1.0,1.0,RYBY I OWOCE MORZA,DF,0,IP,0.0,sprzedaz,0,dukaty rybne 320g frosta,ryby i owoce morza,0,false
23624,2026-01-17 00:00:00,-1,0.0,0.0,4.0,0.0,0.0,10.4667,0.0,-1.0,brak,21.0,1.0,0.0,0.0,0.0,79.0,DUKATY RYBNE 320G FROSTA,5905009025106.0,brak,-1.0,1.0,RYBY I OWOCE MORZA,DF,0,IP,0.0,sprzedaz,0,dukaty rybne 320g frosta,ryby i owoce morza,0,false
23624,2026-01-18 00:00:00,-1,0.0,0.0,4.0,0.0,0.0,10.4667,0.0,-1.0,brak,21.0,1.0,0.0,0.0,0.0,79.0,DUKATY RYBNE 320G FROSTA,5905009025106.0,brak,-1.0,1.0,RYBY I OWOCE MORZA,DF,0,IP,0.0,sprzedaz,0,dukaty rybne 320g frosta,ryby i owoce morza,0,false
23624,2026-01-19 00:00:00,-1,0.0,0.0,4.0,0.0,0.0,10.4667,0.0,-1.0,brak,21.0,1.0,0.0,0.0,0.0,79.0,DUKATY RYBNE 320G FROSTA,5905009025106.0,brak,-1.0,1.0,RYBY I OWOCE MORZA,DF,0,IP,0.0,sprzedaz,0,dukaty rybne 320g frosta,ryby i owoce morza,0,false
23624,2026-01-20 00:00:00,-1,0.0,0.0,4.0,0.0,0.0,10.4667,0.0,-1.0,brak,21.0,1.0,0.0,0.0,0.0,79.0,DUKATY RYBNE 320G FROSTA,5905009025106.0,brak,-1.0,1.0,RYBY I OWOCE MORZA,DF,0,IP,0.0,sprzedaz,0,dukaty rybne 320g frosta,ryby i owoce morza,0,false
23624,2026-01-21 00:00:00,-1,0.0,0.0,4.0,0.0,0.0,10.4667,0.0,-1.0,brak,21.0,1.0,0.0,0.0,0.0,79.0,DUKATY RYBNE 320G FROSTA,5905009025106.0,brak,-1.0,1.0,RYBY I OWOCE MORZA,DF,0,IP,0.0,sprzedaz,0,dukaty rybne 320g frosta,ryby i owoce morza,0,false
23624,2026-01-22 00:00:00,-1,0.0,0.0,4.0,0.0,0.0,10.4667,0.0,-1.0,brak,21.0,1.0,0.0,0.0,0.0,79.0,DUKATY RYBNE 320G FROSTA,5905009025106.0,brak,-1.0,1.0,RYBY I OWOCE MORZA,DF,0,IP,0.0,sprzedaz,0,dukaty rybne 320g frosta,ryby i owoce morza,0,false
23624,2026-01-23 00:00:00,-1,0.0,0.0,4.0,0.0,0.0,10.4667,0.0,-1.0,brak,21.0,1.0,0.0,0.0,0.0,79.0,DUKATY RYBNE 320G FROSTA,5905009025106.0,brak,-1.0,1.0,RYBY I OWOCE MORZA,DF,0,IP,0.0,sprzedaz,0,dukaty rybne 320g frosta,ryby i owoce morza,0,false
23624,2026-01-24 00:00:00,-1,0.0,0.0,4.0,0.0,0.0,10.4667,0.0,-1.0,brak,21.0,1.0,0.0,0.0,0.0,79.0,DUKATY RYBNE 320G FROSTA,5905009025106.0,brak,-1.0,1.0,RYBY I OWOCE MORZA,DF,0,IP,0.0,sprzedaz,0,dukaty rybne 320g frosta,ryby i owoce morza,0,false
23624,2026-01-25 00:00:00,-1,0.0,0.0,4.0,0.0,0.0,10.4667,0.0,-1.0,brak,21.0,1.0,0.0,0.0,0.0,79.0,DUKATY RYBNE 320G FROSTA,5905009025106.0,brak,-1.0,1.0,RYBY I OWOCE MORZA,DF,0,IP,0.0,sprzedaz,0,dukaty rybne 320g frosta,ryby i owoce morza,0,false
23624,2026-01-26 00:00:00,-1,0.0,0.0,4.0,0.0,0.0,10.4667,0.0,-1.0,brak,21.0,1.0,0.0,0.0,0.0,79.0,DUKATY RYBNE 320G FROSTA,5905009025106.0,brak,-1.0,1.0,RYBY I OWOCE MORZA,DF,0,IP,0.0,sprzedaz,0,dukaty rybne 320g frosta,ryby i owoce morza,0,false
23624,2026-01-27 00:00:00,2233012,6.0,6.0,4.0,1.0,0.0,10.4667,10.4667,358.0,DF/PAR/260127/10572/2,21.0,1.0,45.53,45.53,45.53,79.0,DUKATY RYBNE 320G FROSTA,5905009025106.0,nan,-1.0,0.0,RYBY I OWOCE MORZA,DF,1,IP,-1.0,sprzedaz,0,dukaty rybne 320g frosta,ryby i owoce morza,0,false
23624,2026-01-28 00:00:00,-1,0.0,0.0,4.0,0.0,0.0,10.4667,0.0,-1.0,brak,21.0,1.0,0.0,0.0,0.0,79.0,DUKATY RYBNE 320G FROSTA,5905009025106.0,brak,-1.0,1.0,RYBY I OWOCE MORZA,DF,0,IP,0.0,sprzedaz,0,dukaty rybne 320g frosta,ryby i owoce morza,0,false
23624,2026-01-29 00:00:00,-1,0.0,0.0,4.0,0.0,0.0,10.4667,0.0,-1.0,brak,21.0,1.0,0.0,0.0,0.0,79.0,DUKATY RYBNE 320G FROSTA,5905009025106.0,brak,-1.0,1.0,RYBY I OWOCE MORZA,DF,0,IP,0.0,sprzedaz,0,dukaty rybne 320g frosta,ryby i owoce morza,0,false
23624,2026-01-30 00:00:00,-1,0.0,0.0,4.0,0.0,0.0,10.4667,0.0,-1.0,brak,21.0,1.0,0.0,0.0,0.0,79.0,DUKATY RYBNE 320G FROSTA,5905009025106.0,brak,-1.0,1.0,RYBY I OWOCE MORZA,DF,0,IP,0.0,sprzedaz,0,dukaty rybne 320g frosta,ryby i owoce morza,0,false
23624,2026-01-31 00:00:00,2237446,1.0,1.0,4.0,1.0,0.0,10.4667,10.4667,732.0,DF/PAR/260131/12307/2,21.0,1.0,10.99,10.99,10.99,79.0,DUKATY RYBNE 320G FROSTA,5905009025106.0,nan,-1.0,0.0,RYBY I OWOCE MORZA,DF,1,IP,-1.0,sprzedaz,0,dukaty rybne 320g frosta,ryby i owoce morza,0,false
80962,2025-12-22 00:00:00,2205149,8.0,8.0,4.0,1.0,0.0,26.0081,26.0081,225.0,DF/PAR/251222/3830/1,21.0,1.0,152.42,152.42,152.42,226.0,BOMB BARYŁKI BRZOSK GRUSZ 200G WEDEL,5901588402093.0,nan,-1.0,1.0,BOMBONIERKI I PRALINY,DF,1,IP,-1.0,sprzedaz,0,bomb barylki brzosk grusz 200g wedel,bombonierki i praliny,0,false
80962,2025-12-23 00:00:00,-1,0.0,0.0,4.0,0.0,0.0,26.0081,0.0,-1.0,brak,21.0,1.0,0.0,0.0,0.0,226.0,BOMB BARYŁKI BRZOSK GRUSZ 200G WEDEL,5901588402093.0,brak,-1.0,1.0,BOMBONIERKI I PRALINY,DF,0,IP,0.0,sprzedaz,0,bomb barylki brzosk grusz 200g wedel,bombonierki i praliny,0,false
80962,2025-12-24 00:00:00,-1,0.0,0.0,4.0,0.0,0.0,26.0081,0.0,-1.0,brak,21.0,1.0,0.0,0.0,0.0,226.0,BOMB BARYŁKI BRZOSK GRUSZ 200G WEDEL,5901588402093.0,brak,-1.0,1.0,BOMBONIERKI I PRALINY,DF,0,IP,0.0,sprzedaz,0,bomb barylki brzosk grusz 200g wedel,bombonierki i praliny,0,false
80962,2025-12-25 00:00:00,-1,0.0,0.0,4.0,0.0,0.0,26.0081,0.0,-1.0,brak,21.0,1.0,0.0,0.0,0.0,226.0,BOMB BARYŁKI BRZOSK GRUSZ 200G WEDEL,5901588402093.0,brak,-1.0,1.0,BOMBONIERKI I PRALINY,DF,0,IP,0.0,sprzedaz,0,bomb barylki brzosk grusz 200g wedel,bombonierki i praliny,0,false
80962,2025-12-26 00:00:00,-1,0.0,0.0,4.0,0.0,0.0,26.0081,0.0,-1.0,brak,21.0,1.0,0.0,0.0,0.0,226.0,BOMB BARYŁKI BRZOSK GRUSZ 200G WEDEL,5901588402093.0,brak,-1.0,1.0,BOMBONIERKI I PRALINY,DF,0,IP,0.0,sprzedaz,0,bomb barylki brzosk grusz 200g wedel,bombonierki i praliny,0,false
80962,2025-12-27 00:00:00,-1,0.0,0.0,4.0,0.0,0.0,26.0081,0.0,-1.0,brak,21.0,1.0,0.0,0.0,0.0,226.0,BOMB BARYŁKI BRZOSK GRUSZ 200G WEDEL,5901588402093.0,brak,-1.0,1.0,BOMBONIERKI I PRALINY,DF,0,IP,0.0,sprzedaz,0,bomb barylki brzosk grusz 200g wedel,bombonierki i praliny,0,false
80962,2025-12-28 00:00:00,-1,0.0,0.0,4.0,0.0,0.0,26.0081,0.0,-1.0,brak,21.0,1.0,0.0,0.0,0.0,226.0,BOMB BARYŁKI BRZOSK GRUSZ 200G WEDEL,5901588402093.0,brak,-1.0,1.0,BOMBONIERKI I PRALINY,DF,0,IP,0.0,sprzedaz,0,bomb barylki brzosk grusz 200g wedel,bombonierki i praliny,0,false
80962,2025-12-29 00:00:00,-1,0.0,0.0,4.0,0.0,0.0,26.0081,0.0,-1.0,brak,21.0,1.0,0.0,0.0,0.0,226.0,BOMB BARYŁKI BRZOSK GRUSZ 200G WEDEL,5901588402093.0,brak,-1.0,1.0,BOMBONIERKI I PRALINY,DF,0,IP,0.0,sprzedaz,0,bomb barylki brzosk grusz 200g wedel,bombonierki i praliny,0,false
80962,2025-12-30 00:00:00,-1,0.0,0.0,4.0,0.0,0.0,26.0081,0.0,-1.0,brak,21.0,1.0,0.0,0.0,0.0,226.0,BOMB BARYŁKI BRZOSK GRUSZ 200G WEDEL,5901588402093.0,brak,-1.0,1.0,BOMBONIERKI I PRALINY,DF,0,IP,0.0,sprzedaz,0,bomb barylki brzosk grusz 200g wedel,bombonierki i praliny,0,false
80962,2025-12-31 00:00:00,-1,0.0,0.0,4.0,0.0,0.0,26.0081,0.0,-1.0,brak,21.0,1.0,0.0,0.0,0.0,226.0,BOMB BARYŁKI BRZOSK GRUSZ 200G WEDEL,5901588402093.0,brak,-1.0,1.0,BOMBONIERKI I PRALINY,DF,0,IP,0.0,sprzedaz,0,bomb barylki brzosk grusz 200g wedel,bombonierki i praliny,0,false
80962,2026-01-01 00:00:00,-1,0.0,0.0,4.0,0.0,0.0,26.0081,0.0,-1.0,brak,21.0,1.0,0.0,0.0,0.0,226.0,BOMB BARYŁKI BRZOSK GRUSZ 200G WEDEL,5901588402093.0,brak,-1.0,1.0,BOMBONIERKI I PRALINY,DF,0,IP,0.0,sprzedaz,0,bomb barylki brzosk grusz 200g wedel,bombonierki i praliny,0,false
80962,2026-01-02 00:00:00,-1,0.0,0.0,4.0,0.0,0.0,26.0081,0.0,-1.0,brak,21.0,1.0,0.0,0.0,0.0,226.0,BOMB BARYŁKI BRZOSK GRUSZ 200G WEDEL,5901588402093.0,brak,-1.0,1.0,BOMBONIERKI I PRALINY,DF,0,IP,0.0,sprzedaz,0,bomb barylki brzosk grusz 200g wedel,bombonierki i praliny,0,false
80962,2026-01-03 00:00:00,-1,0.0,0.0,4.0,0.0,0.0,26.0081,0.0,-1.0,brak,21.0,1.0,0.0,0.0,0.0,226.0,BOMB BARYŁKI BRZOSK GRUSZ 200G WEDEL,5901588402093.0,brak,-1.0,1.0,BOMBONIERKI I PRALINY,DF,0,IP,0.0,sprzedaz,0,bomb barylki brzosk grusz 200g wedel,bombonierki i praliny,0,false
80962,2026-01-04 00:00:00,-1,0.0,0.0,4.0,0.0,0.0,26.0081,0.0,-1.0,brak,21.0,1.0,0.0,0.0,0.0,226.0,BOMB BARYŁKI BRZOSK GRUSZ 200G WEDEL,5901588402093.0,brak,-1.0,1.0,BOMBONIERKI I PRALINY,DF,0,IP,0.0,sprzedaz,0,bomb barylki brzosk grusz 200g wedel,bombonierki i praliny,0,false
80962,2026-01-05 00:00:00,-1,0.0,0.0,4.0,0.0,0.0,26.0081,0.0,-1.0,brak,21.0,1.0,0.0,0.0,0.0,226.0,BOMB BARYŁKI BRZOSK GRUSZ 200G WEDEL,5901588402093.0,brak,-1.0,1.0,BOMBONIERKI I PRALINY,DF,0,IP,0.0,sprzedaz,0,bomb barylki brzosk grusz 200g wedel,bombonierki i praliny,0,false
80962,2026-01-06 00:00:00,-1,0.0,0.0,4.0,0.0,0.0,26.0081,0.0,-1.0,brak,21.0,1.0,0.0,0.0,0.0,226.0,BOMB BARYŁKI BRZOSK GRUSZ 200G WEDEL,5901588402093.0,brak,-1.0,1.0,BOMBONIERKI I PRALINY,DF,0,IP,0.0,sprzedaz,0,bomb barylki brzosk grusz 200g wedel,bombonierki i praliny,0,false
80962,2026-01-07 00:00:00,-1,0.0,0.0,4.0,0.0,0.0,26.0081,0.0,-1.0,brak,21.0,1.0,0.0,0.0,0.0,226.0,BOMB BARYŁKI BRZOSK GRUSZ 200G WEDEL,5901588402093.0,brak,-1.0,1.0,BOMBONIERKI I PRALINY,DF,0,IP,0.0,sprzedaz,0,bomb barylki brzosk grusz 200g wedel,bombonierki i praliny,0,false
80962,2026-01-08 00:00:00,-1,0.0,0.0,4.0,0.0,0.0,26.0081,0.0,-1.0,brak,21.0,1.0,0.0,0.0,0.0,226.0,BOMB BARYŁKI BRZOSK GRUSZ 200G WEDEL,5901588402093.0,brak,-1.0,1.0,BOMBONIERKI I PRALINY,DF,0,IP,0.0,sprzedaz,0,bomb barylki brzosk grusz 200g wedel,bombonierki i praliny,0,false
80962,2026-01-09 00:00:00,2217234,1.0,1.0,4.0,1.0,0.0,13.0,13.0,92.0,DF/PAR/260109/3281/2,21.0,1.0,31.98,31.98,31.98,226.0,BOMB BARYŁKI BRZOSK GRUSZ 200G WEDEL,5901588402093.0,nan,-1.0,1.0,BOMBONIERKI I PRALINY,DF,1,IP,-1.0,sprzedaz,0,bomb barylki brzosk grusz 200g wedel,bombonierki i praliny,0,false
80962,2026-01-09 00:00:00,2217234,2.0,2.0,4.0,1.0,0.0,13.0,13.0,92.0,DF/PAR/260109/3281/2,21.0,1.0,31.98,31.98,31.98,226.0,BOMB BARYŁKI BRZOSK GRUSZ 200G WEDEL,5901588402093.0,nan,-1.0,1.0,BOMBONIERKI I PRALINY,DF,1,IP,-1.0,sprzedaz,0,bomb barylki brzosk grusz 200g wedel,bombonierki i praliny,0,false
80962,2026-01-10 00:00:00,-1,0.0,0.0,4.0,0.0,0.0,13.0,0.0,-1.0,brak,21.0,1.0,0.0,0.0,0.0,226.0,BOMB BARYŁKI BRZOSK GRUSZ 200G WEDEL,5901588402093.0,brak,-1.0,1.0,BOMBONIERKI I PRALINY,DF,0,IP,0.0,sprzedaz,0,bomb barylki brzosk grusz 200g wedel,bombonierki i praliny,0,false
80962,2026-01-11 00:00:00,-1,0.0,0.0,4.0,0.0,0.0,13.0,0.0,-1.0,brak,21.0,1.0,0.0,0.0,0.0,226.0,BOMB BARYŁKI BRZOSK GRUSZ 200G WEDEL,5901588402093.0,brak,-1.0,1.0,BOMBONIERKI I PRALINY,DF,0,IP,0.0,sprzedaz,0,bomb barylki brzosk grusz 200g wedel,bombonierki i praliny,0,false
80962,2026-01-12 00:00:00,-1,0.0,0.0,4.0,0.0,0.0,13.0,0.0,-1.0,brak,21.0,1.0,0.0,0.0,0.0,226.0,BOMB BARYŁKI BRZOSK GRUSZ 200G WEDEL,5901588402093.0,brak,-1.0,1.0,BOMBONIERKI I PRALINY,DF,0,IP,0.0,sprzedaz,0,bomb barylki brzosk grusz 200g wedel,bombonierki i praliny,0,false
80962,2026-01-13 00:00:00,-1,0.0,0.0,4.0,0.0,0.0,13.0,0.0,-1.0,brak,21.0,1.0,0.0,0.0,0.0,226.0,BOMB BARYŁKI BRZOSK GRUSZ 200G WEDEL,5901588402093.0,brak,-1.0,1.0,BOMBONIERKI I PRALINY,DF,0,IP,0.0,sprzedaz,0,bomb barylki brzosk grusz 200g wedel,bombonierki i praliny,0,false
80962,2026-01-14 00:00:00,-1,0.0,0.0,4.0,0.0,0.0,13.0,0.0,-1.0,brak,21.0,1.0,0.0,0.0,0.0,226.0,BOMB BARYŁKI BRZOSK GRUSZ 200G WEDEL,5901588402093.0,brak,-1.0,1.0,BOMBONIERKI I PRALINY,DF,0,IP,0.0,sprzedaz,0,bomb barylki brzosk grusz 200g wedel,bombonierki i praliny,0,false
80962,2026-01-15 00:00:00,-1,0.0,0.0,4.0,0.0,0.0,13.0,0.0,-1.0,brak,21.0,1.0,0.0,0.0,0.0,226.0,BOMB BARYŁKI BRZOSK GRUSZ 200G WEDEL,5901588402093.0,brak,-1.0,1.0,BOMBONIERKI I PRALINY,DF,0,IP,0.0,sprzedaz,0,bomb barylki brzosk grusz 200g wedel,bombonierki i praliny,0,false
80962,2026-01-16 00:00:00,-1,0.0,0.0,4.0,0.0,0.0,13.0,0.0,-1.0,brak,21.0,1.0,0.0,0.0,0.0,226.0,BOMB BARYŁKI BRZOSK GRUSZ 200G WEDEL,5901588402093.0,brak,-1.0,1.0,BOMBONIERKI I PRALINY,DF,0,IP,0.0,sprzedaz,0,bomb barylki brzosk grusz 200g wedel,bombonierki i praliny,0,false
80962,2026-01-17 00:00:00,-1,0.0,0.0,4.0,0.0,0.0,13.0,0.0,-1.0,brak,21.0,1.0,0.0,0.0,0.0,226.0,BOMB BARYŁKI BRZOSK GRUSZ 200G WEDEL,5901588402093.0,brak,-1.0,1.0,BOMBONIERKI I PRALINY,DF,0,IP,0.0,sprzedaz,0,bomb barylki brzosk grusz 200g wedel,bombonierki i praliny,0,false
80962,2026-01-18 00:00:00,-1,0.0,0.0,4.0,0.0,0.0,13.0,0.0,-1.0,brak,21.0,1.0,0.0,0.0,0.0,226.0,BOMB BARYŁKI BRZOSK GRUSZ 200G WEDEL,5901588402093.0,brak,-1.0,1.0,BOMBONIERKI I PRALINY,DF,0,IP,0.0,sprzedaz,0,bomb barylki brzosk grusz 200g wedel,bombonierki i praliny,0,false
80962,2026-01-19 00:00:00,-1,0.0,0.0,4.0,0.0,0.0,13.0,0.0,-1.0,brak,21.0,1.0,0.0,0.0,0.0,226.0,BOMB BARYŁKI BRZOSK GRUSZ 200G WEDEL,5901588402093.0,brak,-1.0,1.0,BOMBONIERKI I PRALINY,DF,0,IP,0.0,sprzedaz,0,bomb barylki brzosk grusz 200g wedel,bombonierki i praliny,0,false
80962,2026-01-20 00:00:00,-1,0.0,0.0,4.0,0.0,0.0,13.0,0.0,-1.0,brak,21.0,1.0,0.0,0.0,0.0,226.0,BOMB BARYŁKI BRZOSK GRUSZ 200G WEDEL,5901588402093.0,brak,-1.0,1.0,BOMBONIERKI I PRALINY,DF,0,IP,0.0,sprzedaz,0,bomb barylki brzosk grusz 200g wedel,bombonierki i praliny,0,false
80962,2026-01-21 00:00:00,-1,0.0,0.0,4.0,0.0,0.0,13.0,0.0,-1.0,brak,21.0,1.0,0.0,0.0,0.0,226.0,BOMB BARYŁKI BRZOSK GRUSZ 200G WEDEL,5901588402093.0,brak,-1.0,1.0,BOMBONIERKI I PRALINY,DF,0,IP,0.0,sprzedaz,0,bomb barylki brzosk grusz 200g wedel,bombonierki i praliny,0,false
80962,2026-01-22 00:00:00,-1,0.0,0.0,4.0,0.0,0.0,13.0,0.0,-1.0,brak,21.0,1.0,0.0,0.0,0.0,226.0,BOMB BARYŁKI BRZOSK GRUSZ 200G WEDEL,5901588402093.0,brak,-1.0,1.0,BOMBONIERKI I PRALINY,DF,0,IP,0.0,sprzedaz,0,bomb barylki brzosk grusz 200g wedel,bombonierki i praliny,0,false
80962,2026-01-23 00:00:00,-1,0.0,0.0,4.0,0.0,0.0,13.0,0.0,-1.0,brak,21.0,1.0,0.0,0.0,0.0,226.0,BOMB BARYŁKI BRZOSK GRUSZ 200G WEDEL,5901588402093.0,brak,-1.0,1.0,BOMBONIERKI I PRALINY,DF,0,IP,0.0,sprzedaz,0,bomb barylki brzosk grusz 200g wedel,bombonierki i praliny,0,false
80977,2025-12-22 00:00:00,2205370,1.0,1.0,4.0,1.0,0.0,38.2033,38.2033,446.0,DF/PAR/251222/3924/1,21.0,1.0,66.46,66.46,66.46,7.0,"WINO MARTINI EXTRA DRY 14,5% 1L",7630040409261.0,nan,-1.0,1.0,"2 WINA, MIÓD NALEWKA DO 18%",DF,1,IP,-1.0,sprzedaz,0,wino martini extra dry 14 5 1l,2 wina miod nalewka do 18,0,false
80977,2025-12-23 00:00:00,-1,0.0,0.0,4.0,0.0,0.0,38.2033,0.0,-1.0,brak,21.0,1.0,0.0,0.0,0.0,7.0,"WINO MARTINI EXTRA DRY 14,5% 1L",7630040409261.0,brak,-1.0,1.0,"2 WINA, MIÓD NALEWKA DO 18%",DF,0,IP,0.0,sprzedaz,0,wino martini extra dry 14 5 1l,2 wina miod nalewka do 18,0,false
80977,2025-12-24 00:00:00,-1,0.0,0.0,4.0,0.0,0.0,38.2033,0.0,-1.0,brak,21.0,1.0,0.0,0.0,0.0,7.0,"WINO MARTINI EXTRA DRY 14,5% 1L",7630040409261.0,brak,-1.0,1.0,"2 WINA, MIÓD NALEWKA DO 18%",DF,0,IP,0.0,sprzedaz,0,wino martini extra dry 14 5 1l,2 wina miod nalewka do 18,0,false
80977,2025-12-25 00:00:00,-1,0.0,0.0,4.0,0.0,0.0,38.2033,0.0,-1.0,brak,21.0,1.0,0.0,0.0,0.0,7.0,"WINO MARTINI EXTRA DRY 14,5% 1L",7630040409261.0,brak,-1.0,1.0,"2 WINA, MIÓD NALEWKA DO 18%",DF,0,IP,0.0,sprzedaz,0,wino martini extra dry 14 5 1l,2 wina miod nalewka do 18,0,false
80977,2025-12-26 00:00:00,-1,0.0,0.0,4.0,0.0,0.0,38.2033,0.0,-1.0,brak,21.0,1.0,0.0,0.0,0.0,7.0,"WINO MARTINI EXTRA DRY 14,5% 1L",7630040409261.0,brak,-1.0,1.0,"2 WINA, MIÓD NALEWKA DO 18%",DF,0,IP,0.0,sprzedaz,0,wino martini extra dry 14 5 1l,2 wina miod nalewka do 18,0,false
80977,2025-12-27 00:00:00,-1,0.0,0.0,4.0,0.0,0.0,38.2033,0.0,-1.0,brak,21.0,1.0,0.0,0.0,0.0,7.0,"WINO MARTINI EXTRA DRY 14,5% 1L",7630040409261.0,brak,-1.0,1.0,"2 WINA, MIÓD NALEWKA DO 18%",DF,0,IP,0.0,sprzedaz,0,wino martini extra dry 14 5 1l,2 wina miod nalewka do 18,0,false
80977,2025-12-28 00:00:00,-1,0.0,0.0,4.0,0.0,0.0,38.2033,0.0,-1.0,brak,21.0,1.0,0.0,0.0,0.0,7.0,"WINO MARTINI EXTRA DRY 14,5% 1L",7630040409261.0,brak,-1.0,1.0,"2 WINA, MIÓD NALEWKA DO 18%",DF,0,IP,0.0,sprzedaz,0,wino martini extra dry 14 5 1l,2 wina miod nalewka do 18,0,false
80977,2025-12-29 00:00:00,-1,0.0,0.0,4.0,0.0,0.0,38.2033,0.0,-1.0,brak,21.0,1.0,0.0,0.0,0.0,7.0,"WINO MARTINI EXTRA DRY 14,5% 1L",7630040409261.0,brak,-1.0,1.0,"2 WINA, MIÓD NALEWKA DO 18%",DF,0,IP,0.0,sprzedaz,0,wino martini extra dry 14 5 1l,2 wina miod nalewka do 18,0,false
80977,2025-12-30 00:00:00,-1,0.0,0.0,4.0,0.0,0.0,38.2033,0.0,-1.0,brak,21.0,1.0,0.0,0.0,0.0,7.0,"WINO MARTINI EXTRA DRY 14,5% 1L",7630040409261.0,brak,-1.0,1.0,"2 WINA, MIÓD NALEWKA DO 18%",DF,0,IP,0.0,sprzedaz,0,wino martini extra dry 14 5 1l,2 wina miod nalewka do 18,0,false
80977,2025-12-31 00:00:00,-1,0.0,0.0,4.0,0.0,0.0,38.2033,0.0,-1.0,brak,21.0,1.0,0.0,0.0,0.0,7.0,"WINO MARTINI EXTRA DRY 14,5% 1L",7630040409261.0,brak,-1.0,1.0,"2 WINA, MIÓD NALEWKA DO 18%",DF,0,IP,0.0,sprzedaz,0,wino martini extra dry 14 5 1l,2 wina miod nalewka do 18,0,false
80977,2026-01-01 00:00:00,-1,0.0,0.0,4.0,0.0,0.0,38.2033,0.0,-1.0,brak,21.0,1.0,0.0,0.0,0.0,7.0,"WINO MARTINI EXTRA DRY 14,5% 1L",7630040409261.0,brak,-1.0,1.0,"2 WINA, MIÓD NALEWKA DO 18%",DF,0,IP,0.0,sprzedaz,0,wino martini extra dry 14 5 1l,2 wina miod nalewka do 18,0,false
80977,2026-01-02 00:00:00,-1,0.0,0.0,4.0,0.0,0.0,38.2033,0.0,-1.0,brak,21.0,1.0,0.0,0.0,0.0,7.0,"WINO MARTINI EXTRA DRY 14,5% 1L",7630040409261.0,brak,-1.0,1.0,"2 WINA, MIÓD NALEWKA DO 18%",DF,0,IP,0.0,sprzedaz,0,wino martini extra dry 14 5 1l,2 wina miod nalewka do 18,0,false
80977,2026-01-03 00:00:00,-1,0.0,0.0,4.0,0.0,0.0,38.2033,0.0,-1.0,brak,21.0,1.0,0.0,0.0,0.0,7.0,"WINO MARTINI EXTRA DRY 14,5% 1L",7630040409261.0,brak,-1.0,1.0,"2 WINA, MIÓD NALEWKA DO 18%",DF,0,IP,0.0,sprzedaz,0,wino martini extra dry 14 5 1l,2 wina miod nalewka do 18,0,false
80977,2026-01-04 00:00:00,-1,0.0,0.0,4.0,0.0,0.0,38.2033,0.0,-1.0,brak,21.0,1.0,0.0,0.0,0.0,7.0,"WINO MARTINI EXTRA DRY 14,5% 1L",7630040409261.0,brak,-1.0,1.0,"2 WINA, MIÓD NALEWKA DO 18%",DF,0,IP,0.0,sprzedaz,0,wino martini extra dry 14 5 1l,2 wina miod nalewka do 18,0,false
80977,2026-01-05 00:00:00,-1,0.0,0.0,4.0,0.0,0.0,38.2033,0.0,-1.0,brak,21.0,1.0,0.0,0.0,0.0,7.0,"WINO MARTINI EXTRA DRY 14,5% 1L",7630040409261.0,brak,-1.0,1.0,"2 WINA, MIÓD NALEWKA DO 18%",DF,0,IP,0.0,sprzedaz,0,wino martini extra dry 14 5 1l,2 wina miod nalewka do 18,0,false
77451,2025-12-22 00:00:00,2206170,1.0,1.0,4.0,1.452,0.0,32.3714,47.0,1242.0,DF/PAR/251222/13528/2,21.0,1.0,277.88,277.88,277.88,257.0,KAPUSTA Z GRZYBAMI KG KUCHNIA POLKI,8811.0,nan,-1.0,1.0,PIEROGI KOPYTKA KROKIETY INNE,DF,1,IP,-1.0,sprzedaz,0,kapusta z grzybami kg kuchnia polki,pierogi kopytka krokiety inne,0,true
77451,2025-12-23 00:00:00,-1,0.0,0.0,4.0,0.0,0.0,32.3714,0.0,-1.0,brak,21.0,1.0,0.0,0.0,0.0,257.0,KAPUSTA Z GRZYBAMI KG KUCHNIA POLKI,8811.0,brak,-1.0,1.0,PIEROGI KOPYTKA KROKIETY INNE,DF,0,IP,0.0,sprzedaz,0,kapusta z grzybami kg kuchnia polki,pierogi kopytka krokiety inne,0,true
77451,2025-12-24 00:00:00,-1,0.0,0.0,4.0,0.0,0.0,32.3714,0.0,-1.0,brak,21.0,1.0,0.0,0.0,0.0,257.0,KAPUSTA Z GRZYBAMI KG KUCHNIA POLKI,8811.0,brak,-1.0,1.0,PIEROGI KOPYTKA KROKIETY INNE,DF,0,IP,0.0,sprzedaz,0,kapusta z grzybami kg kuchnia polki,pierogi kopytka krokiety inne,0,true
77451,2025-12-25 00:00:00,-1,0.0,0.0,4.0,0.0,0.0,32.3714,0.0,-1.0,brak,21.0,1.0,0.0,0.0,0.0,257.0,KAPUSTA Z GRZYBAMI KG KUCHNIA POLKI,8811.0,brak,-1.0,1.0,PIEROGI KOPYTKA KROKIETY INNE,DF,0,IP,0.0,sprzedaz,0,kapusta z grzybami kg kuchnia polki,pierogi kopytka krokiety inne,0,true
77451,2025-12-26 00:00:00,-1,0.0,0.0,4.0,0.0,0.0,32.3714,0.0,-1.0,brak,21.0,1.0,0.0,0.0,0.0,257.0,KAPUSTA Z GRZYBAMI KG KUCHNIA POLKI,8811.0,brak,-1.0,1.0,PIEROGI KOPYTKA KROKIETY INNE,DF,0,IP,0.0,sprzedaz,0,kapusta z grzybami kg kuchnia polki,pierogi kopytka krokiety inne,0,true
77451,2025-12-27 00:00:00,-1,0.0,0.0,4.0,0.0,0.0,32.3714,0.0,-1.0,brak,21.0,1.0,0.0,0.0,0.0,257.0,KAPUSTA Z GRZYBAMI KG KUCHNIA POLKI,8811.0,brak,-1.0,1.0,PIEROGI KOPYTKA KROKIETY INNE,DF,0,IP,0.0,sprzedaz,0,kapusta z grzybami kg kuchnia polki,pierogi kopytka krokiety inne,0,true
77451,2025-12-28 00:00:00,-1,0.0,0.0,4.0,0.0,0.0,32.3714,0.0,-1.0,brak,21.0,1.0,0.0,0.0,0.0,257.0,KAPUSTA Z GRZYBAMI KG KUCHNIA POLKI,8811.0,brak,-1.0,1.0,PIEROGI KOPYTKA KROKIETY INNE,DF,0,IP,0.0,sprzedaz,0,kapusta z grzybami kg kuchnia polki,pierogi kopytka krokiety inne,0,true
77451,2025-12-29 00:00:00,-1,0.0,0.0,4.0,0.0,0.0,32.3714,0.0,-1.0,brak,21.0,1.0,0.0,0.0,0.0,257.0,KAPUSTA Z GRZYBAMI KG KUCHNIA POLKI,8811.0,brak,-1.0,1.0,PIEROGI KOPYTKA KROKIETY INNE,DF,0,IP,0.0,sprzedaz,0,kapusta z grzybami kg kuchnia polki,pierogi kopytka krokiety inne,0,true
77451,2025-12-30 00:00:00,-1,0.0,0.0,4.0,0.0,0.0,32.3714,0.0,-1.0,brak,21.0,1.0,0.0,0.0,0.0,257.0,KAPUSTA Z GRZYBAMI KG KUCHNIA POLKI,8811.0,brak,-1.0,1.0,PIEROGI KOPYTKA KROKIETY INNE,DF,0,IP,0.0,sprzedaz,0,kapusta z grzybami kg kuchnia polki,pierogi kopytka krokiety inne,0,true
77451,2025-12-31 00:00:00,-1,0.0,0.0,4.0,0.0,0.0,32.3714,0.0,-1.0,brak,21.0,1.0,0.0,0.0,0.0,257.0,KAPUSTA Z GRZYBAMI KG KUCHNIA POLKI,8811.0,brak,-1.0,1.0,PIEROGI KOPYTKA KROKIETY INNE,DF,0,IP,0.0,sprzedaz,0,kapusta z grzybami kg kuchnia polki,pierogi kopytka krokiety inne,0,true
77451,2026-01-01 00:00:00,-1,0.0,0.0,4.0,0.0,0.0,32.3714,0.0,-1.0,brak,21.0,1.0,0.0,0.0,0.0,257.0,KAPUSTA Z GRZYBAMI KG KUCHNIA POLKI,8811.0,brak,-1.0,1.0,PIEROGI KOPYTKA KROKIETY INNE,DF,0,IP,0.0,sprzedaz,0,kapusta z grzybami kg kuchnia polki,pierogi kopytka krokiety inne,0,true
77451,2026-01-02 00:00:00,-1,0.0,0.0,4.0,0.0,0.0,32.3714,0.0,-1.0,brak,21.0,1.0,0.0,0.0,0.0,257.0,KAPUSTA Z GRZYBAMI KG KUCHNIA POLKI,8811.0,brak,-1.0,1.0,PIEROGI KOPYTKA KROKIETY INNE,DF,0,IP,0.0,sprzedaz,0,kapusta z grzybami kg kuchnia polki,pierogi kopytka krokiety inne,0,true
77451,2026-01-03 00:00:00,-1,0.0,0.0,4.0,0.0,0.0,32.3714,0.0,-1.0,brak,21.0,1.0,0.0,0.0,0.0,257.0,KAPUSTA Z GRZYBAMI KG KUCHNIA POLKI,8811.0,brak,-1.0,1.0,PIEROGI KOPYTKA KROKIETY INNE,DF,0,IP,0.0,sprzedaz,0,kapusta z grzybami kg kuchnia polki,pierogi kopytka krokiety inne,0,true
77451,2026-01-04 00:00:00,-1,0.0,0.0,4.0,0.0,0.0,32.3714,0.0,-1.0,brak,21.0,1.0,0.0,0.0,0.0,257.0,KAPUSTA Z GRZYBAMI KG KUCHNIA POLKI,8811.0,brak,-1.0,1.0,PIEROGI KOPYTKA KROKIETY INNE,DF,0,IP,0.0,sprzedaz,0,kapusta z grzybami kg kuchnia polki,pierogi kopytka krokiety inne,0,true
77451,2026-01-05 00:00:00,-1,0.0,0.0,4.0,0.0,0.0,32.3714,0.0,-1.0,brak,21.0,1.0,0.0,0.0,0.0,257.0,KAPUSTA Z GRZYBAMI KG KUCHNIA POLKI,8811.0,brak,-1.0,1.0,PIEROGI KOPYTKA KROKIETY INNE,DF,0,IP,0.0,sprzedaz,0,kapusta z grzybami kg kuchnia polki,pierogi kopytka krokiety inne,0,true
50221,2025-12-29 00:00:00,2208981,4.0,4.0,4.0,1.0,0.0,3.381,3.381,434.0,DF/PAR/251229/5500/1,21.0,1.0,54.99,54.99,54.99,319.0,PRZECENA KIEŁBASA ŻYWIECKA 100G BALCERZAK,670453.0,nan,-1.0,1.0,***PRZECENY,DF,1,IP,-1.0,sprzedaz,0,przecena kielbasa zywiecka 100g balcerzak,przeceny,0,false
50221,2025-12-30 00:00:00,-1,0.0,0.0,4.0,0.0,0.0,3.381,0.0,-1.0,brak,21.0,1.0,0.0,0.0,0.0,319.0,PRZECENA KIEŁBASA ŻYWIECKA 100G BALCERZAK,670453.0,brak,-1.0,1.0,***PRZECENY,DF,0,IP,0.0,sprzedaz,0,przecena kielbasa zywiecka 100g balcerzak,przeceny,0,false
50221,2025-12-31 00:00:00,-1,0.0,0.0,4.0,0.0,0.0,3.381,0.0,-1.0,brak,21.0,1.0,0.0,0.0,0.0,319.0,PRZECENA KIEŁBASA ŻYWIECKA 100G BALCERZAK,670453.0,brak,-1.0,1.0,***PRZECENY,DF,0,IP,0.0,sprzedaz,0,przecena kielbasa zywiecka 100g balcerzak,przeceny,0,false
50221,2026-01-01 00:00:00,-1,0.0,0.0,4.0,0.0,0.0,3.381,0.0,-1.0,brak,21.0,1.0,0.0,0.0,0.0,319.0,PRZECENA KIEŁBASA ŻYWIECKA 100G BALCERZAK,670453.0,brak,-1.0,1.0,***PRZECENY,DF,0,IP,0.0,sprzedaz,0,przecena kielbasa zywiecka 100g balcerzak,przeceny,0,false
50221,2026-01-02 00:00:00,-1,0.0,0.0,4.0,0.0,0.0,3.381,0.0,-1.0,brak,21.0,1.0,0.0,0.0,0.0,319.0,PRZECENA KIEŁBASA ŻYWIECKA 100G BALCERZAK,670453.0,brak,-1.0,1.0,***PRZECENY,DF,0,IP,0.0,sprzedaz,0,przecena kielbasa zywiecka 100g balcerzak,przeceny,0,false
50221,2026-01-03 00:00:00,-1,0.0,0.0,4.0,0.0,0.0,3.381,0.0,-1.0,brak,21.0,1.0,0.0,0.0,0.0,319.0,PRZECENA KIEŁBASA ŻYWIECKA 100G BALCERZAK,670453.0,brak,-1.0,1.0,***PRZECENY,DF,0,IP,0.0,sprzedaz,0,przecena kielbasa zywiecka 100g balcerzak,przeceny,0,false
50221,2026-01-04 00:00:00,-1,0.0,0.0,4.0,0.0,0.0,3.381,0.0,-1.0,brak,21.0,1.0,0.0,0.0,0.0,319.0,PRZECENA KIEŁBASA ŻYWIECKA 100G BALCERZAK,670453.0,brak,-1.0,1.0,***PRZECENY,DF,0,IP,0.0,sprzedaz,0,przecena kielbasa zywiecka 100g balcerzak,przeceny,0,false
50221,2026-01-05 00:00:00,-1,0.0,0.0,4.0,0.0,0.0,3.381,0.0,-1.0,brak,21.0,1.0,0.0,0.0,0.0,319.0,PRZECENA KIEŁBASA ŻYWIECKA 100G BALCERZAK,670453.0,brak,-1.0,1.0,***PRZECENY,DF,0,IP,0.0,sprzedaz,0,przecena kielbasa zywiecka 100g balcerzak,przeceny,0,false
50221,2026-01-06 00:00:00,-1,0.0,0.0,4.0,0.0,0.0,3.381,0.0,-1.0,brak,21.0,1.0,0.0,0.0,0.0,319.0,PRZECENA KIEŁBASA ŻYWIECKA 100G BALCERZAK,670453.0,brak,-1.0,1.0,***PRZECENY,DF,0,IP,0.0,sprzedaz,0,przecena kielbasa zywiecka 100g balcerzak,przeceny,0,false
50221,2026-01-07 00:00:00,-1,0.0,0.0,4.0,0.0,0.0,3.381,0.0,-1.0,brak,21.0,1.0,0.0,0.0,0.0,319.0,PRZECENA KIEŁBASA ŻYWIECKA 100G BALCERZAK,670453.0,brak,-1.0,1.0,***PRZECENY,DF,0,IP,0.0,sprzedaz,0,przecena kielbasa zywiecka 100g balcerzak,przeceny,0,false
50221,2026-01-08 00:00:00,-1,0.0,0.0,4.0,0.0,0.0,3.381,0.0,-1.0,brak,21.0,1.0,0.0,0.0,0.0,319.0,PRZECENA KIEŁBASA ŻYWIECKA 100G BALCERZAK,670453.0,brak,-1.0,1.0,***PRZECENY,DF,0,IP,0.0,sprzedaz,0,przecena kielbasa zywiecka 100g balcerzak,przeceny,0,false
50221,2026-01-09 00:00:00,-1,0.0,0.0,4.0,0.0,0.0,3.381,0.0,-1.0,brak,21.0,1.0,0.0,0.0,0.0,319.0,PRZECENA KIEŁBASA ŻYWIECKA 100G BALCERZAK,670453.0,brak,-1.0,1.0,***PRZECENY,DF,0,IP,0.0,sprzedaz,0,przecena kielbasa zywiecka 100g balcerzak,przeceny,0,false
50221,2026-01-10 00:00:00,-1,0.0,0.0,4.0,0.0,0.0,3.381,0.0,-1.0,brak,21.0,1.0,0.0,0.0,0.0,319.0,PRZECENA KIEŁBASA ŻYWIECKA 100G BALCERZAK,670453.0,brak,-1.0,1.0,***PRZECENY,DF,0,IP,0.0,sprzedaz,0,przecena kielbasa zywiecka 100g balcerzak,przeceny,0,false
50221,2026-01-11 00:00:00,-1,0.0,0.0,4.0,0.0,0.0,3.381,0.0,-1.0,brak,21.0,1.0,0.0,0.0,0.0,319.0,PRZECENA KIEŁBASA ŻYWIECKA 100G BALCERZAK,670453.0,brak,-1.0,1.0,***PRZECENY,DF,0,IP,0.0,sprzedaz,0,przecena kielbasa zywiecka 100g balcerzak,przeceny,0,false
50221,2026-01-12 00:00:00,-1,0.0,0.0,4.0,0.0,0.0,3.381,0.0,-1.0,brak,21.0,1.0,0.0,0.0,0.0,319.0,PRZECENA KIEŁBASA ŻYWIECKA 100G BALCERZAK,670453.0,brak,-1.0,1.0,***PRZECENY,DF,0,IP,0.0,sprzedaz,0,przecena kielbasa zywiecka 100g balcerzak,przeceny,0,false
24806,2025-12-30 00:00:00,2210309,5.0,5.0,4.0,1.0,0.0,2.7143,2.7143,731.0,DF/PAR/251230/5985/1,21.0,1.0,9.31,9.31,9.31,319.0,PRZECENA NAPÓJ MLECZNY MONTE DRINK CZEKOL ORZECH 200ML ZOTT,41780.0,NABIAL,634.0,1.0,***PRZECENY,DF,1,IP,-1.0,sprzedaz,0,przecena napoj mleczny monte drink czekol orzech 200ml zott,przeceny,0,false
24806,2025-12-30 00:00:00,2210602,3.0,3.0,4.0,1.0,0.0,2.7143,2.7143,1018.0,DF/PAR/251230/15511/2,21.0,1.0,13.14,13.14,13.14,319.0,PRZECENA NAPÓJ MLECZNY MONTE DRINK CZEKOL ORZECH 200ML ZOTT,41780.0,NABIAL,634.0,1.0,***PRZECENY,DF,1,IP,-1.0,sprzedaz,0,przecena napoj mleczny monte drink czekol orzech 200ml zott,przeceny,0,false
24806,2025-12-30 00:00:00,2210602,4.0,4.0,4.0,1.0,0.0,2.7143,2.7143,1018.0,DF/PAR/251230/15511/2,21.0,1.0,13.14,13.14,13.14,319.0,PRZECENA NAPÓJ MLECZNY MONTE DRINK CZEKOL ORZECH 200ML ZOTT,41780.0,NABIAL,634.0,1.0,***PRZECENY,DF,1,IP,-1.0,sprzedaz,0,przecena napoj mleczny monte drink czekol orzech 200ml zott,przeceny,0,false
24806,2025-12-31 00:00:00,-1,0.0,0.0,4.0,0.0,0.0,2.7143,0.0,-1.0,brak,21.0,1.0,0.0,0.0,0.0,319.0,PRZECENA NAPÓJ MLECZNY MONTE DRINK CZEKOL ORZECH 200ML ZOTT,41780.0,brak,634.0,1.0,***PRZECENY,DF,0,IP,0.0,sprzedaz,0,przecena napoj mleczny monte drink czekol orzech 200ml zott,przeceny,0,false
24806,2026-01-01 00:00:00,-1,0.0,0.0,4.0,0.0,0.0,2.7143,0.0,-1.0,brak,21.0,1.0,0.0,0.0,0.0,319.0,PRZECENA NAPÓJ MLECZNY MONTE DRINK CZEKOL ORZECH 200ML ZOTT,41780.0,brak,634.0,1.0,***PRZECENY,DF,0,IP,0.0,sprzedaz,0,przecena napoj mleczny monte drink czekol orzech 200ml zott,przeceny,0,false
24806,2026-01-02 00:00:00,-1,0.0,0.0,4.0,0.0,0.0,2.7143,0.0,-1.0,brak,21.0,1.0,0.0,0.0,0.0,319.0,PRZECENA NAPÓJ MLECZNY MONTE DRINK CZEKOL ORZECH 200ML ZOTT,41780.0,brak,634.0,1.0,***PRZECENY,DF,0,IP,0.0,sprzedaz,0,przecena napoj mleczny monte drink czekol orzech 200ml zott,przeceny,0,false
24806,2026-01-03 00:00:00,-1,0.0,0.0,4.0,0.0,0.0,2.7143,0.0,-1.0,brak,21.0,1.0,0.0,0.0,0.0,319.0,PRZECENA NAPÓJ MLECZNY MONTE DRINK CZEKOL ORZECH 200ML ZOTT,41780.0,brak,634.0,1.0,***PRZECENY,DF,0,IP,0.0,sprzedaz,0,przecena napoj mleczny monte drink czekol orzech 200ml zott,przeceny,0,false
24806,2026-01-04 00:00:00,-1,0.0,0.0,4.0,0.0,0.0,2.7143,0.0,-1.0,brak,21.0,1.0,0.0,0.0,0.0,319.0,PRZECENA NAPÓJ MLECZNY MONTE DRINK CZEKOL ORZECH 200ML ZOTT,41780.0,brak,634.0,1.0,***PRZECENY,DF,0,IP,0.0,sprzedaz,0,przecena napoj mleczny monte drink czekol orzech 200ml zott,przeceny,0,false
24806,2026-01-05 00:00:00,-1,0.0,0.0,4.0,0.0,0.0,2.7143,0.0,-1.0,brak,21.0,1.0,0.0,0.0,0.0,319.0,PRZECENA NAPÓJ MLECZNY MONTE DRINK CZEKOL ORZECH 200ML ZOTT,41780.0,brak,634.0,1.0,***PRZECENY,DF,0,IP,0.0,sprzedaz,0,przecena napoj mleczny monte drink czekol orzech 200ml zott,przeceny,0,false
24806,2026-01-06 00:00:00,-1,0.0,0.0,4.0,0.0,0.0,2.7143,0.0,-1.0,brak,21.0,1.0,0.0,0.0,0.0,319.0,PRZECENA NAPÓJ MLECZNY MONTE DRINK CZEKOL ORZECH 200ML ZOTT,41780.0,brak,634.0,1.0,***PRZECENY,DF,0,IP,0.0,sprzedaz,0,przecena napoj mleczny monte drink czekol orzech 200ml zott,przeceny,0,false
24806,2026-01-07 00:00:00,-1,0.0,0.0,4.0,0.0,0.0,2.7143,0.0,-1.0,brak,21.0,1.0,0.0,0.0,0.0,319.0,PRZECENA NAPÓJ MLECZNY MONTE DRINK CZEKOL ORZECH 200ML ZOTT,41780.0,brak,634.0,1.0,***PRZECENY,DF,0,IP,0.0,sprzedaz,0,przecena napoj mleczny monte drink czekol orzech 200ml zott,przeceny,0,false
24806,2026-01-08 00:00:00,-1,0.0,0.0,4.0,0.0,0.0,2.7143,0.0,-1.0,brak,21.0,1.0,0.0,0.0,0.0,319.0,PRZECENA NAPÓJ MLECZNY MONTE DRINK CZEKOL ORZECH 200ML ZOTT,41780.0,brak,634.0,1.0,***PRZECENY,DF,0,IP,0.0,sprzedaz,0,przecena napoj mleczny monte drink czekol orzech 200ml zott,przeceny,0,false
24806,2026-01-09 00:00:00,-1,0.0,0.0,4.0,0.0,0.0,2.7143,0.0,-1.0,brak,21.0,1.0,0.0,0.0,0.0,319.0,PRZECENA NAPÓJ MLECZNY MONTE DRINK CZEKOL ORZECH 200ML ZOTT,41780.0,brak,634.0,1.0,***PRZECENY,DF,0,IP,0.0,sprzedaz,0,przecena napoj mleczny monte drink czekol orzech 200ml zott,przeceny,0,false
24806,2026-01-10 00:00:00,-1,0.0,0.0,4.0,0.0,0.0,2.7143,0.0,-1.0,brak,21.0,1.0,0.0,0.0,0.0,319.0,PRZECENA NAPÓJ MLECZNY MONTE DRINK CZEKOL ORZECH 200ML ZOTT,41780.0,brak,634.0,1.0,***PRZECENY,DF,0,IP,0.0,sprzedaz,0,przecena napoj mleczny monte drink czekol orzech 200ml zott,przeceny,0,false
24806,2026-01-11 00:00:00,-1,0.0,0.0,4.0,0.0,0.0,2.7143,0.0,-1.0,brak,21.0,1.0,0.0,0.0,0.0,319.0,PRZECENA NAPÓJ MLECZNY MONTE DRINK CZEKOL ORZECH 200ML ZOTT,41780.0,brak,634.0,1.0,***PRZECENY,DF,0,IP,0.0,sprzedaz,0,przecena napoj mleczny monte drink czekol orzech 200ml zott,przeceny,0,false
24806,2026-01-12 00:00:00,-1,0.0,0.0,4.0,0.0,0.0,2.7143,0.0,-1.0,brak,21.0,1.0,0.0,0.0,0.0,319.0,PRZECENA NAPÓJ MLECZNY MONTE DRINK CZEKOL ORZECH 200ML ZOTT,41780.0,brak,634.0,1.0,***PRZECENY,DF,0,IP,0.0,sprzedaz,0,przecena napoj mleczny monte drink czekol orzech 200ml zott,przeceny,0,false
24806,2026-01-13 00:00:00,-1,0.0,0.0,4.0,0.0,0.0,2.7143,0.0,-1.0,brak,21.0,1.0,0.0,0.0,0.0,319.0,PRZECENA NAPÓJ MLECZNY MONTE DRINK CZEKOL ORZECH 200ML ZOTT,41780.0,brak,634.0,1.0,***PRZECENY,DF,0,IP,0.0,sprzedaz,0,przecena napoj mleczny monte drink czekol orzech 200ml zott,przeceny,0,false
24524,2025-12-31 00:00:00,2211794,4.0,4.0,4.0,1.0,0.0,2.439,2.439,992.0,DF/PAR/251231/16234/2,21.0,1.0,15.77,15.77,15.77,296.0,PETARDY PICOLLO 40SZT,5901583650246.0,nan,-1.0,1.0,FAJERWERKI /przemysłowe,DF,1,IP,-1.0,sprzedaz,0,petardy picollo 40szt,fajerwerki przemyslowe,0,false
24524,2025-12-31 00:00:00,2211815,5.0,5.0,4.0,1.0,0.0,2.439,2.439,1013.0,DF/PAR/251231/16252/2,21.0,1.0,38.64,38.64,38.64,296.0,PETARDY PICOLLO 40SZT,5901583650246.0,nan,-1.0,1.0,FAJERWERKI /przemysłowe,DF,1,IP,-1.0,sprzedaz,0,petardy picollo 40szt,fajerwerki przemyslowe,0,false
24524,2025-12-31 00:00:00,2211825,1.0,1.0,4.0,1.0,0.0,2.439,2.439,1023.0,DF/PAR/251231/16262/2,21.0,1.0,3.0,3.0,3.0,296.0,PETARDY PICOLLO 40SZT,5901583650246.0,nan,-1.0,1.0,FAJERWERKI /przemysłowe,DF,1,IP,-1.0,sprzedaz,0,petardy picollo 40szt,fajerwerki przemyslowe,0,false
24524,2026-01-01 00:00:00,-1,0.0,0.0,4.0,0.0,0.0,2.439,0.0,-1.0,brak,21.0,1.0,0.0,0.0,0.0,296.0,PETARDY PICOLLO 40SZT,5901583650246.0,brak,-1.0,1.0,FAJERWERKI /przemysłowe,DF,0,IP,0.0,sprzedaz,0,petardy picollo 40szt,fajerwerki przemyslowe,0,false
24524,2026-01-02 00:00:00,-1,0.0,0.0,4.0,0.0,0.0,2.439,0.0,-1.0,brak,21.0,1.0,0.0,0.0,0.0,296.0,PETARDY PICOLLO 40SZT,5901583650246.0,brak,-1.0,1.0,FAJERWERKI /przemysłowe,DF,0,IP,0.0,sprzedaz,0,petardy picollo 40szt,fajerwerki przemyslowe,0,false
24524,2026-01-03 00:00:00,-1,0.0,0.0,4.0,0.0,0.0,2.439,0.0,-1.0,brak,21.0,1.0,0.0,0.0,0.0,296.0,PETARDY PICOLLO 40SZT,5901583650246.0,brak,-1.0,1.0,FAJERWERKI /przemysłowe,DF,0,IP,0.0,sprzedaz,0,petardy picollo 40szt,fajerwerki przemyslowe,0,false
24524,2026-01-04 00:00:00,-1,0.0,0.0,4.0,0.0,0.0,2.439,0.0,-1.0,brak,21.0,1.0,0.0,0.0,0.0,296.0,PETARDY PICOLLO 40SZT,5901583650246.0,brak,-1.0,1.0,FAJERWERKI /przemysłowe,DF,0,IP,0.0,sprzedaz,0,petardy picollo 40szt,fajerwerki przemyslowe,0,false
24524,2026-01-05 00:00:00,-1,0.0,0.0,4.0,0.0,0.0,2.439,0.0,-1.0,brak,21.0,1.0,0.0,0.0,0.0,296.0,PETARDY PICOLLO 40SZT,5901583650246.0,brak,-1.0,1.0,FAJERWERKI /przemysłowe,DF,0,IP,0.0,sprzedaz,0,petardy picollo 40szt,fajerwerki przemyslowe,0,false
24524,2026-01-06 00:00:00,-1,0.0,0.0,4.0,0.0,0.0,2.439,0.0,-1.0,brak,21.0,1.0,0.0,0.0,0.0,296.0,PETARDY PICOLLO 40SZT,5901583650246.0,brak,-1.0,1.0,FAJERWERKI /przemysłowe,DF,0,IP,0.0,sprzedaz,0,petardy picollo 40szt,fajerwerki przemyslowe,0,false
24524,2026-01-07 00:00:00,-1,0.0,0.0,4.0,0.0,0.0,2.439,0.0,-1.0,brak,21.0,1.0,0.0,0.0,0.0,296.0,PETARDY PICOLLO 40SZT,5901583650246.0,brak,-1.0,1.0,FAJERWERKI /przemysłowe,DF,0,IP,0.0,sprzedaz,0,petardy picollo 40szt,fajerwerki przemyslowe,0,false
24524,2026-01-08 00:00:00,-1,0.0,0.0,4.0,0.0,0.0,2.439,0.0,-1.0,brak,21.0,1.0,0.0,0.0,0.0,296.0,PETARDY PICOLLO 40SZT,5901583650246.0,brak,-1.0,1.0,FAJERWERKI /przemysłowe,DF,0,IP,0.0,sprzedaz,0,petardy picollo 40szt,fajerwerki przemyslowe,0,false
24524,2026-01-09 00:00:00,-1,0.0,0.0,4.0,0.0,0.0,2.439,0.0,-1.0,brak,21.0,1.0,0.0,0.0,0.0,296.0,PETARDY PICOLLO 40SZT,5901583650246.0,brak,-1.0,1.0,FAJERWERKI /przemysłowe,DF,0,IP,0.0,sprzedaz,0,petardy picollo 40szt,fajerwerki przemyslowe,0,false
24524,2026-01-10 00:00:00,-1,0.0,0.0,4.0,0.0,0.0,2.439,0.0,-1.0,brak,21.0,1.0,0.0,0.0,0.0,296.0,PETARDY PICOLLO 40SZT,5901583650246.0,brak,-1.0,1.0,FAJERWERKI /przemysłowe,DF,0,IP,0.0,sprzedaz,0,petardy picollo 40szt,fajerwerki przemyslowe,0,false
24524,2026-01-11 00:00:00,-1,0.0,0.0,4.0,0.0,0.0,2.439,0.0,-1.0,brak,21.0,1.0,0.0,0.0,0.0,296.0,PETARDY PICOLLO 40SZT,5901583650246.0,brak,-1.0,1.0,FAJERWERKI /przemysłowe,DF,0,IP,0.0,sprzedaz,0,petardy picollo 40szt,fajerwerki przemyslowe,0,false
24524,2026-01-12 00:00:00,-1,0.0,0.0,4.0,0.0,0.0,2.439,0.0,-1.0,brak,21.0,1.0,0.0,0.0,0.0,296.0,PETARDY PICOLLO 40SZT,5901583650246.0,brak,-1.0,1.0,FAJERWERKI /przemysłowe,DF,0,IP,0.0,sprzedaz,0,petardy picollo 40szt,fajerwerki przemyslowe,0,false
24524,2026-01-13 00:00:00,-1,0.0,0.0,4.0,0.0,0.0,2.439,0.0,-1.0,brak,21.0,1.0,0.0,0.0,0.0,296.0,PETARDY PICOLLO 40SZT,5901583650246.0,brak,-1.0,1.0,FAJERWERKI /przemysłowe,DF,0,IP,0.0,sprzedaz,0,petardy picollo 40szt,fajerwerki przemyslowe,0,false
24524,2026-01-14 00:00:00,-1,0.0,0.0,4.0,0.0,0.0,2.439,0.0,-1.0,brak,21.0,1.0,0.0,0.0,0.0,296.0,PETARDY PICOLLO 40SZT,5901583650246.0,brak,-1.0,1.0,FAJERWERKI /przemysłowe,DF,0,IP,0.0,sprzedaz,0,petardy picollo 40szt,fajerwerki przemyslowe,0,false
36426,2026-01-02 00:00:00,2212357,3.0,3.0,4.0,1.0,0.0,3.1333,3.1333,419.0,DF/PAR/260102/289/2,21.0,1.0,25.95,25.95,25.95,319.0,PRZECENA JOGURT FANTASIA KREM WEDEL MLECZNA CZEKOLADA 104G DANONE,4571.0,NABIAL,103.0,1.0,***PRZECENY,DF,1,IP,-1.0,sprzedaz,0,przecena jogurt fantasia krem wedel mleczna czekolada 104g danone,przeceny,0,false
36426,2026-01-03 00:00:00,-1,0.0,0.0,4.0,0.0,0.0,3.1333,0.0,-1.0,brak,21.0,1.0,0.0,0.0,0.0,319.0,PRZECENA JOGURT FANTASIA KREM WEDEL MLECZNA CZEKOLADA 104G DANONE,4571.0,brak,103.0,1.0,***PRZECENY,DF,0,IP,0.0,sprzedaz,0,przecena jogurt fantasia krem wedel mleczna czekolada 104g danone,przeceny,0,false
36426,2026-01-04 00:00:00,-1,0.0,0.0,4.0,0.0,0.0,3.1333,0.0,-1.0,brak,21.0,1.0,0.0,0.0,0.0,319.0,PRZECENA JOGURT FANTASIA KREM WEDEL MLECZNA CZEKOLADA 104G DANONE,4571.0,brak,103.0,1.0,***PRZECENY,DF,0,IP,0.0,sprzedaz,0,przecena jogurt fantasia krem wedel mleczna czekolada 104g danone,przeceny,0,false
36426,2026-01-05 00:00:00,-1,0.0,0.0,4.0,0.0,0.0,3.1333,0.0,-1.0,brak,21.0,1.0,0.0,0.0,0.0,319.0,PRZECENA JOGURT FANTASIA KREM WEDEL MLECZNA CZEKOLADA 104G DANONE,4571.0,brak,103.0,1.0,***PRZECENY,DF,0,IP,0.0,sprzedaz,0,przecena jogurt fantasia krem wedel mleczna czekolada 104g danone,przeceny,0,false
36426,2026-01-06 00:00:00,-1,0.0,0.0,4.0,0.0,0.0,3.1333,0.0,-1.0,brak,21.0,1.0,0.0,0.0,0.0,319.0,PRZECENA JOGURT FANTASIA KREM WEDEL MLECZNA CZEKOLADA 104G DANONE,4571.0,brak,103.0,1.0,***PRZECENY,DF,0,IP,0.0,sprzedaz,0,przecena jogurt fantasia krem wedel mleczna czekolada 104g danone,przeceny,0,false
36426,2026-01-07 00:00:00,-1,0.0,0.0,4.0,0.0,0.0,3.1333,0.0,-1.0,brak,21.0,1.0,0.0,0.0,0.0,319.0,PRZECENA JOGURT FANTASIA KREM WEDEL MLECZNA CZEKOLADA 104G DANONE,4571.0,brak,103.0,1.0,***PRZECENY,DF,0,IP,0.0,sprzedaz,0,przecena jogurt fantasia krem wedel mleczna czekolada 104g danone,przeceny,0,false
36426,2026-01-08 00:00:00,-1,0.0,0.0,4.0,0.0,0.0,3.1333,0.0,-1.0,brak,21.0,1.0,0.0,0.0,0.0,319.0,PRZECENA JOGURT FANTASIA KREM WEDEL MLECZNA CZEKOLADA 104G DANONE,4571.0,brak,103.0,1.0,***PRZECENY,DF,0,IP,0.0,sprzedaz,0,przecena jogurt fantasia krem wedel mleczna czekolada 104g danone,przeceny,0,false
36426,2026-01-09 00:00:00,-1,0.0,0.0,4.0,0.0,0.0,3.1333,0.0,-1.0,brak,21.0,1.0,0.0,0.0,0.0,319.0,PRZECENA JOGURT FANTASIA KREM WEDEL MLECZNA CZEKOLADA 104G DANONE,4571.0,brak,103.0,1.0,***PRZECENY,DF,0,IP,0.0,sprzedaz,0,przecena jogurt fantasia krem wedel mleczna czekolada 104g danone,przeceny,0,false
36426,2026-01-10 00:00:00,-1,0.0,0.0,4.0,0.0,0.0,3.1333,0.0,-1.0,brak,21.0,1.0,0.0,0.0,0.0,319.0,PRZECENA JOGURT FANTASIA KREM WEDEL MLECZNA CZEKOLADA 104G DANONE,4571.0,brak,103.0,1.0,***PRZECENY,DF,0,IP,0.0,sprzedaz,0,przecena jogurt fantasia krem wedel mleczna czekolada 104g danone,przeceny,0,false
36426,2026-01-11 00:00:00,-1,0.0,0.0,4.0,0.0,0.0,3.1333,0.0,-1.0,brak,21.0,1.0,0.0,0.0,0.0,319.0,PRZECENA JOGURT FANTASIA KREM WEDEL MLECZNA CZEKOLADA 104G DANONE,4571.0,brak,103.0,1.0,***PRZECENY,DF,0,IP,0.0,sprzedaz,0,przecena jogurt fantasia krem wedel mleczna czekolada 104g danone,przeceny,0,false
36426,2026-01-12 00:00:00,-1,0.0,0.0,4.0,0.0,0.0,3.1333,0.0,-1.0,brak,21.0,1.0,0.0,0.0,0.0,319.0,PRZECENA JOGURT FANTASIA KREM WEDEL MLECZNA CZEKOLADA 104G DANONE,4571.0,brak,103.0,1.0,***PRZECENY,DF,0,IP,0.0,sprzedaz,0,przecena jogurt fantasia krem wedel mleczna czekolada 104g danone,przeceny,0,false
36426,2026-01-13 00:00:00,-1,0.0,0.0,4.0,0.0,0.0,3.1333,0.0,-1.0,brak,21.0,1.0,0.0,0.0,0.0,319.0,PRZECENA JOGURT FANTASIA KREM WEDEL MLECZNA CZEKOLADA 104G DANONE,4571.0,brak,103.0,1.0,***PRZECENY,DF,0,IP,0.0,sprzedaz,0,przecena jogurt fantasia krem wedel mleczna czekolada 104g danone,przeceny,0,false
36426,2026-01-14 00:00:00,-1,0.0,0.0,4.0,0.0,0.0,3.1333,0.0,-1.0,brak,21.0,1.0,0.0,0.0,0.0,319.0,PRZECENA JOGURT FANTASIA KREM WEDEL MLECZNA CZEKOLADA 104G DANONE,4571.0,brak,103.0,1.0,***PRZECENY,DF,0,IP,0.0,sprzedaz,0,przecena jogurt fantasia krem wedel mleczna czekolada 104g danone,przeceny,0,false
36426,2026-01-15 00:00:00,-1,0.0,0.0,4.0,0.0,0.0,3.1333,0.0,-1.0,brak,21.0,1.0,0.0,0.0,0.0,319.0,PRZECENA JOGURT FANTASIA KREM WEDEL MLECZNA CZEKOLADA 104G DANONE,4571.0,brak,103.0,1.0,***PRZECENY,DF,0,IP,0.0,sprzedaz,0,przecena jogurt fantasia krem wedel mleczna czekolada 104g danone,przeceny,0,false
36426,2026-01-16 00:00:00,-1,0.0,0.0,4.0,0.0,0.0,3.1333,0.0,-1.0,brak,21.0,1.0,0.0,0.0,0.0,319.0,PRZECENA JOGURT FANTASIA KREM WEDEL MLECZNA CZEKOLADA 104G DANONE,4571.0,brak,103.0,1.0,***PRZECENY,DF,0,IP,0.0,sprzedaz,0,przecena jogurt fantasia krem wedel mleczna czekolada 104g danone,przeceny,0,false
24498,2026-01-03 00:00:00,2213684,27.0,27.0,4.0,1.0,0.0,1.2114,1.2114,830.0,DF/PAR/260103/1077/2,21.0,1.0,255.64,255.64,255.64,296.0,ZIMNE OGNIE 16,5902659903495.0,nan,-1.0,1.0,FAJERWERKI /przemysłowe,DF,1,IP,-1.0,sprzedaz,0,zimne ognie 16,fajerwerki przemyslowe,0,false
24498,2026-01-04 00:00:00,-1,0.0,0.0,4.0,0.0,0.0,1.2114,0.0,-1.0,brak,21.0,1.0,0.0,0.0,0.0,296.0,ZIMNE OGNIE 16,5902659903495.0,brak,-1.0,1.0,FAJERWERKI /przemysłowe,DF,0,IP,0.0,sprzedaz,0,zimne ognie 16,fajerwerki przemyslowe,0,false
24498,2026-01-05 00:00:00,-1,0.0,0.0,4.0,0.0,0.0,1.2114,0.0,-1.0,brak,21.0,1.0,0.0,0.0,0.0,296.0,ZIMNE OGNIE 16,5902659903495.0,brak,-1.0,1.0,FAJERWERKI /przemysłowe,DF,0,IP,0.0,sprzedaz,0,zimne ognie 16,fajerwerki przemyslowe,0,false
24498,2026-01-06 00:00:00,-1,0.0,0.0,4.0,0.0,0.0,1.2114,0.0,-1.0,brak,21.0,1.0,0.0,0.0,0.0,296.0,ZIMNE OGNIE 16,5902659903495.0,brak,-1.0,1.0,FAJERWERKI /przemysłowe,DF,0,IP,0.0,sprzedaz,0,zimne ognie 16,fajerwerki przemyslowe,0,false
24498,2026-01-07 00:00:00,-1,0.0,0.0,4.0,0.0,0.0,1.2114,0.0,-1.0,brak,21.0,1.0,0.0,0.0,0.0,296.0,ZIMNE OGNIE 16,5902659903495.0,brak,-1.0,1.0,FAJERWERKI /przemysłowe,DF,0,IP,0.0,sprzedaz,0,zimne ognie 16,fajerwerki przemyslowe,0,false
24498,2026-01-08 00:00:00,-1,0.0,0.0,4.0,0.0,0.0,1.2114,0.0,-1.0,brak,21.0,1.0,0.0,0.0,0.0,296.0,ZIMNE OGNIE 16,5902659903495.0,brak,-1.0,1.0,FAJERWERKI /przemysłowe,DF,0,IP,0.0,sprzedaz,0,zimne ognie 16,fajerwerki przemyslowe,0,false
24498,2026-01-09 00:00:00,-1,0.0,0.0,4.0,0.0,0.0,1.2114,0.0,-1.0,brak,21.0,1.0,0.0,0.0,0.0,296.0,ZIMNE OGNIE 16,5902659903495.0,brak,-1.0,1.0,FAJERWERKI /przemysłowe,DF,0,IP,0.0,sprzedaz,0,zimne ognie 16,fajerwerki przemyslowe,0,false
24498,2026-01-10 00:00:00,-1,0.0,0.0,4.0,0.0,0.0,1.2114,0.0,-1.0,brak,21.0,1.0,0.0,0.0,0.0,296.0,ZIMNE OGNIE 16,5902659903495.0,brak,-1.0,1.0,FAJERWERKI /przemysłowe,DF,0,IP,0.0,sprzedaz,0,zimne ognie 16,fajerwerki przemyslowe,0,false
24498,2026-01-11 00:00:00,-1,0.0,0.0,4.0,0.0,0.0,1.2114,0.0,-1.0,brak,21.0,1.0,0.0,0.0,0.0,296.0,ZIMNE OGNIE 16,5902659903495.0,brak,-1.0,1.0,FAJERWERKI /przemysłowe,DF,0,IP,0.0,sprzedaz,0,zimne ognie 16,fajerwerki przemyslowe,0,false
24498,2026-01-12 00:00:00,-1,0.0,0.0,4.0,0.0,0.0,1.2114,0.0,-1.0,brak,21.0,1.0,0.0,0.0,0.0,296.0,ZIMNE OGNIE 16,5902659903495.0,brak,-1.0,1.0,FAJERWERKI /przemysłowe,DF,0,IP,0.0,sprzedaz,0,zimne ognie 16,fajerwerki przemyslowe,0,false
24498,2026-01-13 00:00:00,-1,0.0,0.0,4.0,0.0,0.0,1.2114,0.0,-1.0,brak,21.0,1.0,0.0,0.0,0.0,296.0,ZIMNE OGNIE 16,5902659903495.0,brak,-1.0,1.0,FAJERWERKI /przemysłowe,DF,0,IP,0.0,sprzedaz,0,zimne ognie 16,fajerwerki przemyslowe,0,false
24498,2026-01-14 00:00:00,-1,0.0,0.0,4.0,0.0,0.0,1.2114,0.0,-1.0,brak,21.0,1.0,0.0,0.0,0.0,296.0,ZIMNE OGNIE 16,5902659903495.0,brak,-1.0,1.0,FAJERWERKI /przemysłowe,DF,0,IP,0.0,sprzedaz,0,zimne ognie 16,fajerwerki przemyslowe,0,false
24498,2026-01-15 00:00:00,-1,0.0,0.0,4.0,0.0,0.0,1.2114,0.0,-1.0,brak,21.0,1.0,0.0,0.0,0.0,296.0,ZIMNE OGNIE 16,5902659903495.0,brak,-1.0,1.0,FAJERWERKI /przemysłowe,DF,0,IP,0.0,sprzedaz,0,zimne ognie 16,fajerwerki przemyslowe,0,false
24498,2026-01-16 00:00:00,-1,0.0,0.0,4.0,0.0,0.0,1.2114,0.0,-1.0,brak,21.0,1.0,0.0,0.0,0.0,296.0,ZIMNE OGNIE 16,5902659903495.0,brak,-1.0,1.0,FAJERWERKI /przemysłowe,DF,0,IP,0.0,sprzedaz,0,zimne ognie 16,fajerwerki przemyslowe,0,false
24498,2026-01-17 00:00:00,-1,0.0,0.0,4.0,0.0,0.0,1.2114,0.0,-1.0,brak,21.0,1.0,0.0,0.0,0.0,296.0,ZIMNE OGNIE 16,5902659903495.0,brak,-1.0,1.0,FAJERWERKI /przemysłowe,DF,0,IP,0.0,sprzedaz,0,zimne ognie 16,fajerwerki przemyslowe,0,false
80069,2026-01-05 00:00:00,2214971,14.0,14.0,4.0,1.0,0.0,12.187,12.187,1159.0,DF/PAR/260105/722/1,21.0,1.0,81.32,81.32,81.32,11.0,PAPIER VELVET CAMOMILE 3W 10SZT,5901478011565.0,nan,-1.0,1.0,PAPIER TOALETOWY /papierniczo hig,DF,1,IP,-1.0,sprzedaz,0,papier velvet camomile 3w 10szt,papier toaletowy papierniczo hig,0,false
80069,2026-01-06 00:00:00,-1,0.0,0.0,4.0,0.0,0.0,12.187,0.0,-1.0,brak,21.0,1.0,0.0,0.0,0.0,11.0,PAPIER VELVET CAMOMILE 3W 10SZT,5901478011565.0,brak,-1.0,1.0,PAPIER TOALETOWY /papierniczo hig,DF,0,IP,0.0,sprzedaz,0,papier velvet camomile 3w 10szt,papier toaletowy papierniczo hig,0,false
80069,2026-01-07 00:00:00,-1,0.0,0.0,4.0,0.0,0.0,12.187,0.0,-1.0,brak,21.0,1.0,0.0,0.0,0.0,11.0,PAPIER VELVET CAMOMILE 3W 10SZT,5901478011565.0,brak,-1.0,1.0,PAPIER TOALETOWY /papierniczo hig,DF,0,IP,0.0,sprzedaz,0,papier velvet camomile 3w 10szt,papier toaletowy papierniczo hig,0,false
80069,2026-01-08 00:00:00,-1,0.0,0.0,4.0,0.0,0.0,12.187,0.0,-1.0,brak,21.0,1.0,0.0,0.0,0.0,11.0,PAPIER VELVET CAMOMILE 3W 10SZT,5901478011565.0,brak,-1.0,1.0,PAPIER TOALETOWY /papierniczo hig,DF,0,IP,0.0,sprzedaz,0,papier velvet camomile 3w 10szt,papier toaletowy papierniczo hig,0,false
80069,2026-01-09 00:00:00,-1,0.0,0.0,4.0,0.0,0.0,12.187,0.0,-1.0,brak,21.0,1.0,0.0,0.0,0.0,11.0,PAPIER VELVET CAMOMILE 3W 10SZT,5901478011565.0,brak,-1.0,1.0,PAPIER TOALETOWY /papierniczo hig,DF,0,IP,0.0,sprzedaz,0,papier velvet camomile 3w 10szt,papier toaletowy papierniczo hig,0,false
80069,2026-01-10 00:00:00,-1,0.0,0.0,4.0,0.0,0.0,12.187,0.0,-1.0,brak,21.0,1.0,0.0,0.0,0.0,11.0,PAPIER VELVET CAMOMILE 3W 10SZT,5901478011565.0,brak,-1.0,1.0,PAPIER TOALETOWY /papierniczo hig,DF,0,IP,0.0,sprzedaz,0,papier velvet camomile 3w 10szt,papier toaletowy papierniczo hig,0,false
80069,2026-01-11 00:00:00,-1,0.0,0.0,4.0,0.0,0.0,12.187,0.0,-1.0,brak,21.0,1.0,0.0,0.0,0.0,11.0,PAPIER VELVET CAMOMILE 3W 10SZT,5901478011565.0,brak,-1.0,1.0,PAPIER TOALETOWY /papierniczo hig,DF,0,IP,0.0,sprzedaz,0,papier velvet camomile 3w 10szt,papier toaletowy papierniczo hig,0,false
80069,2026-01-12 00:00:00,-1,0.0,0.0,4.0,0.0,0.0,12.187,0.0,-1.0,brak,21.0,1.0,0.0,0.0,0.0,11.0,PAPIER VELVET CAMOMILE 3W 10SZT,5901478011565.0,brak,-1.0,1.0,PAPIER TOALETOWY /papierniczo hig,DF,0,IP,0.0,sprzedaz,0,papier velvet camomile 3w 10szt,papier toaletowy papierniczo hig,0,false
80069,2026-01-13 00:00:00,-1,0.0,0.0,4.0,0.0,0.0,12.187,0.0,-1.0,brak,21.0,1.0,0.0,0.0,0.0,11.0,PAPIER VELVET CAMOMILE 3W 10SZT,5901478011565.0,brak,-1.0,1.0,PAPIER TOALETOWY /papierniczo hig,DF,0,IP,0.0,sprzedaz,0,papier velvet camomile 3w 10szt,papier toaletowy papierniczo hig,0,false
80069,2026-01-14 00:00:00,-1,0.0,0.0,4.0,0.0,0.0,12.187,0.0,-1.0,brak,21.0,1.0,0.0,0.0,0.0,11.0,PAPIER VELVET CAMOMILE 3W 10SZT,5901478011565.0,brak,-1.0,1.0,PAPIER TOALETOWY /papierniczo hig,DF,0,IP,0.0,sprzedaz,0,papier velvet camomile 3w 10szt,papier toaletowy papierniczo hig,0,false
80069,2026-01-15 00:00:00,-1,0.0,0.0,4.0,0.0,0.0,12.187,0.0,-1.0,brak,21.0,1.0,0.0,0.0,0.0,11.0,PAPIER VELVET CAMOMILE 3W 10SZT,5901478011565.0,brak,-1.0,1.0,PAPIER TOALETOWY /papierniczo hig,DF,0,IP,0.0,sprzedaz,0,papier velvet camomile 3w 10szt,papier toaletowy papierniczo hig,0,false
80069,2026-01-16 00:00:00,-1,0.0,0.0,4.0,0.0,0.0,12.187,0.0,-1.0,brak,21.0,1.0,0.0,0.0,0.0,11.0,PAPIER VELVET CAMOMILE 3W 10SZT,5901478011565.0,brak,-1.0,1.0,PAPIER TOALETOWY /papierniczo hig,DF,0,IP,0.0,sprzedaz,0,papier velvet camomile 3w 10szt,papier toaletowy papierniczo hig,0,false
80069,2026-01-17 00:00:00,-1,0.0,0.0,4.0,0.0,0.0,12.187,0.0,-1.0,brak,21.0,1.0,0.0,0.0,0.0,11.0,PAPIER VELVET CAMOMILE 3W 10SZT,5901478011565.0,brak,-1.0,1.0,PAPIER TOALETOWY /papierniczo hig,DF,0,IP,0.0,sprzedaz,0,papier velvet camomile 3w 10szt,papier toaletowy papierniczo hig,0,false
80069,2026-01-18 00:00:00,-1,0.0,0.0,4.0,0.0,0.0,12.187,0.0,-1.0,brak,21.0,1.0,0.0,0.0,0.0,11.0,PAPIER VELVET CAMOMILE 3W 10SZT,5901478011565.0,brak,-1.0,1.0,PAPIER TOALETOWY /papierniczo hig,DF,0,IP,0.0,sprzedaz,0,papier velvet camomile 3w 10szt,papier toaletowy papierniczo hig,0,false
80069,2026-01-19 00:00:00,-1,0.0,0.0,4.0,0.0,0.0,12.187,0.0,-1.0,brak,21.0,1.0,0.0,0.0,0.0,11.0,PAPIER VELVET CAMOMILE 3W 10SZT,5901478011565.0,brak,-1.0,1.0,PAPIER TOALETOWY /papierniczo hig,DF,0,IP,0.0,sprzedaz,0,papier velvet camomile 3w 10szt,papier toaletowy papierniczo hig,0,false
80069,2026-01-20 00:00:00,2226523,1.0,1.0,4.0,1.0,0.0,12.187,12.187,159.0,DF/PAR/260120/4238/1,21.0,1.0,14.99,14.99,14.99,11.0,PAPIER VELVET CAMOMILE 3W 10SZT,5901478011565.0,nan,-1.0,1.0,PAPIER TOALETOWY /papierniczo hig,DF,1,IP,-1.0,sprzedaz,0,papier velvet camomile 3w 10szt,papier toaletowy papierniczo hig,0,false
80069,2026-01-21 00:00:00,2228039,1.0,1.0,4.0,1.0,0.0,12.187,12.187,627.0,DF/PAR/260121/8264/2,21.0,1.0,18.98,18.98,18.98,11.0,PAPIER VELVET CAMOMILE 3W 10SZT,5901478011565.0,nan,-1.0,1.0,PAPIER TOALETOWY /papierniczo hig,DF,1,IP,-1.0,sprzedaz,0,papier velvet camomile 3w 10szt,papier toaletowy papierniczo hig,0,false
80069,2026-01-22 00:00:00,2229333,1.0,1.0,4.0,1.0,0.0,12.187,12.187,916.0,DF/PAR/260122/8851/2,21.0,1.0,32.53,32.53,32.53,11.0,PAPIER VELVET CAMOMILE 3W 10SZT,5901478011565.0,nan,-1.0,1.0,PAPIER TOALETOWY /papierniczo hig,DF,1,IP,-1.0,sprzedaz,0,papier velvet camomile 3w 10szt,papier toaletowy papierniczo hig,0,false
80069,2026-01-23 00:00:00,-1,0.0,0.0,4.0,0.0,0.0,12.187,0.0,-1.0,brak,21.0,1.0,0.0,0.0,0.0,11.0,PAPIER VELVET CAMOMILE 3W 10SZT,5901478011565.0,brak,-1.0,1.0,PAPIER TOALETOWY /papierniczo hig,DF,0,IP,0.0,sprzedaz,0,papier velvet camomile 3w 10szt,papier toaletowy papierniczo hig,0,false
80069,2026-01-24 00:00:00,2230781,1.0,1.0,4.0,1.0,0.0,12.187,12.187,270.0,DF/PAR/260124/6106/1,21.0,1.0,159.84,159.84,159.84,11.0,PAPIER VELVET CAMOMILE 3W 10SZT,5901478011565.0,nan,-1.0,1.0,PAPIER TOALETOWY /papierniczo hig,DF,1,IP,-1.0,sprzedaz,0,papier velvet camomile 3w 10szt,papier toaletowy papierniczo hig,0,false
80069,2026-01-25 00:00:00,-1,0.0,0.0,4.0,0.0,0.0,12.187,0.0,-1.0,brak,21.0,1.0,0.0,0.0,0.0,11.0,PAPIER VELVET CAMOMILE 3W 10SZT,5901478011565.0,brak,-1.0,1.0,PAPIER TOALETOWY /papierniczo hig,DF,0,IP,0.0,sprzedaz,0,papier velvet camomile 3w 10szt,papier toaletowy papierniczo hig,0,false
80069,2026-01-26 00:00:00,2231959,1.0,1.0,4.0,1.0,0.0,12.187,12.187,173.0,DF/PAR/260126/10023/2,21.0,1.0,17.79,17.79,17.79,11.0,PAPIER VELVET CAMOMILE 3W 10SZT,5901478011565.0,nan,-1.0,1.0,PAPIER TOALETOWY /papierniczo hig,DF,1,IP,-1.0,sprzedaz,0,papier velvet camomile 3w 10szt,papier toaletowy papierniczo hig,0,false
80069,2026-01-26 00:00:00,2232433,1.0,1.0,4.0,1.0,0.0,12.187,12.187,645.0,DF/PAR/260126/6665/1,21.0,1.0,14.99,14.99,14.99,11.0,PAPIER VELVET CAMOMILE 3W 10SZT,5901478011565.0,nan,-1.0,1.0,PAPIER TOALETOWY /papierniczo hig,DF,1,IP,-1.0,sprzedaz,0,papier velvet camomile 3w 10szt,papier toaletowy papierniczo hig,0,false
80069,2026-01-27 00:00:00,-1,0.0,0.0,4.0,0.0,0.0,12.187,0.0,-1.0,brak,21.0,1.0,0.0,0.0,0.0,11.0,PAPIER VELVET CAMOMILE 3W 10SZT,5901478011565.0,brak,-1.0,1.0,PAPIER TOALETOWY /papierniczo hig,DF,0,IP,0.0,sprzedaz,0,papier velvet camomile 3w 10szt,papier toaletowy papierniczo hig,0,false
80069,2026-01-28 00:00:00,-1,0.0,0.0,4.0,0.0,0.0,12.187,0.0,-1.0,brak,21.0,1.0,0.0,0.0,0.0,11.0,PAPIER VELVET CAMOMILE 3W 10SZT,5901478011565.0,brak,-1.0,1.0,PAPIER TOALETOWY /papierniczo hig,DF,0,IP,0.0,sprzedaz,0,papier velvet camomile 3w 10szt,papier toaletowy papierniczo hig,0,false
80069,2026-01-29 00:00:00,-1,0.0,0.0,4.0,0.0,0.0,12.187,0.0,-1.0,brak,21.0,1.0,0.0,0.0,0.0,11.0,PAPIER VELVET CAMOMILE 3W 10SZT,5901478011565.0,brak,-1.0,1.0,PAPIER TOALETOWY /papierniczo hig,DF,0,IP,0.0,sprzedaz,0,papier velvet camomile 3w 10szt,papier toaletowy papierniczo hig,0,false
80069,2026-01-30 00:00:00,-1,0.0,0.0,4.0,0.0,0.0,12.187,0.0,-1.0,brak,21.0,1.0,0.0,0.0,0.0,11.0,PAPIER VELVET CAMOMILE 3W 10SZT,5901478011565.0,brak,-1.0,1.0,PAPIER TOALETOWY /papierniczo hig,DF,0,IP,0.0,sprzedaz,0,papier velvet camomile 3w 10szt,papier toaletowy papierniczo hig,0,false
80069,2026-01-31 00:00:00,-1,0.0,0.0,4.0,0.0,0.0,12.187,0.0,-1.0,brak,21.0,1.0,0.0,0.0,0.0,11.0,PAPIER VELVET CAMOMILE 3W 10SZT,5901478011565.0,brak,-1.0,1.0,PAPIER TOALETOWY /papierniczo hig,DF,0,IP,0.0,sprzedaz,0,papier velvet camomile 3w 10szt,papier toaletowy papierniczo hig,0,false
79073,2026-01-07 00:00:00,2215338,1.0,1.0,4.0,1.0,0.0,14.626,14.626,274.0,DF/PAR/260107/2095/2,21.0,1.0,17.99,17.99,17.99,104.0,HERB LOYD BLACK INTENSE 100SZT MOKATE,5900396033826.0,nan,-1.0,1.0,HERBATY,DF,1,IP,-1.0,sprzedaz,0,herb loyd black intense 100szt mokate,herbaty,0,false
79073,2026-01-08 00:00:00,-1,0.0,0.0,4.0,0.0,0.0,14.626,0.0,-1.0,brak,21.0,1.0,0.0,0.0,0.0,104.0,HERB LOYD BLACK INTENSE 100SZT MOKATE,5900396033826.0,brak,-1.0,1.0,HERBATY,DF,0,IP,0.0,sprzedaz,0,herb loyd black intense 100szt mokate,herbaty,0,false
79073,2026-01-09 00:00:00,-1,0.0,0.0,4.0,0.0,0.0,14.626,0.0,-1.0,brak,21.0,1.0,0.0,0.0,0.0,104.0,HERB LOYD BLACK INTENSE 100SZT MOKATE,5900396033826.0,brak,-1.0,1.0,HERBATY,DF,0,IP,0.0,sprzedaz,0,herb loyd black intense 100szt mokate,herbaty,0,false
79073,2026-01-10 00:00:00,2218731,7.0,7.0,4.0,1.0,0.0,14.626,14.626,492.0,DF/PAR/260110/4188/2,21.0,1.0,56.38,56.38,56.38,104.0,HERB LOYD BLACK INTENSE 100SZT MOKATE,5900396033826.0,nan,-1.0,1.0,HERBATY,DF,1,IP,-1.0,sprzedaz,0,herb loyd black intense 100szt mokate,herbaty,0,false
79073,2026-01-11 00:00:00,-1,0.0,0.0,4.0,0.0,0.0,14.626,0.0,-1.0,brak,21.0,1.0,0.0,0.0,0.0,104.0,HERB LOYD BLACK INTENSE 100SZT MOKATE,5900396033826.0,brak,-1.0,1.0,HERBATY,DF,0,IP,0.0,sprzedaz,0,herb loyd black intense 100szt mokate,herbaty,0,false
79073,2026-01-12 00:00:00,-1,0.0,0.0,4.0,0.0,0.0,14.626,0.0,-1.0,brak,21.0,1.0,0.0,0.0,0.0,104.0,HERB LOYD BLACK INTENSE 100SZT MOKATE,5900396033826.0,brak,-1.0,1.0,HERBATY,DF,0,IP,0.0,sprzedaz,0,herb loyd black intense 100szt mokate,herbaty,0,false
79073,2026-01-13 00:00:00,-1,0.0,0.0,4.0,0.0,0.0,14.626,0.0,-1.0,brak,21.0,1.0,0.0,0.0,0.0,104.0,HERB LOYD BLACK INTENSE 100SZT MOKATE,5900396033826.0,brak,-1.0,1.0,HERBATY,DF,0,IP,0.0,sprzedaz,0,herb loyd black intense 100szt mokate,herbaty,0,false
79073,2026-01-14 00:00:00,-1,0.0,0.0,4.0,0.0,0.0,14.626,0.0,-1.0,brak,21.0,1.0,0.0,0.0,0.0,104.0,HERB LOYD BLACK INTENSE 100SZT MOKATE,5900396033826.0,brak,-1.0,1.0,HERBATY,DF,0,IP,0.0,sprzedaz,0,herb loyd black intense 100szt mokate,herbaty,0,false
79073,2026-01-15 00:00:00,-1,0.0,0.0,4.0,0.0,0.0,14.626,0.0,-1.0,brak,21.0,1.0,0.0,0.0,0.0,104.0,HERB LOYD BLACK INTENSE 100SZT MOKATE,5900396033826.0,brak,-1.0,1.0,HERBATY,DF,0,IP,0.0,sprzedaz,0,herb loyd black intense 100szt mokate,herbaty,0,false
79073,2026-01-16 00:00:00,-1,0.0,0.0,4.0,0.0,0.0,14.626,0.0,-1.0,brak,21.0,1.0,0.0,0.0,0.0,104.0,HERB LOYD BLACK INTENSE 100SZT MOKATE,5900396033826.0,brak,-1.0,1.0,HERBATY,DF,0,IP,0.0,sprzedaz,0,herb loyd black intense 100szt mokate,herbaty,0,false
79073,2026-01-17 00:00:00,-1,0.0,0.0,4.0,0.0,0.0,14.626,0.0,-1.0,brak,21.0,1.0,0.0,0.0,0.0,104.0,HERB LOYD BLACK INTENSE 100SZT MOKATE,5900396033826.0,brak,-1.0,1.0,HERBATY,DF,0,IP,0.0,sprzedaz,0,herb loyd black intense 100szt mokate,herbaty,0,false
79073,2026-01-18 00:00:00,-1,0.0,0.0,4.0,0.0,0.0,14.626,0.0,-1.0,brak,21.0,1.0,0.0,0.0,0.0,104.0,HERB LOYD BLACK INTENSE 100SZT MOKATE,5900396033826.0,brak,-1.0,1.0,HERBATY,DF,0,IP,0.0,sprzedaz,0,herb loyd black intense 100szt mokate,herbaty,0,false
79073,2026-01-19 00:00:00,-1,0.0,0.0,4.0,0.0,0.0,14.626,0.0,-1.0,brak,21.0,1.0,0.0,0.0,0.0,104.0,HERB LOYD BLACK INTENSE 100SZT MOKATE,5900396033826.0,brak,-1.0,1.0,HERBATY,DF,0,IP,0.0,sprzedaz,0,herb loyd black intense 100szt mokate,herbaty,0,false
79073,2026-01-20 00:00:00,-1,0.0,0.0,4.0,0.0,0.0,14.626,0.0,-1.0,brak,21.0,1.0,0.0,0.0,0.0,104.0,HERB LOYD BLACK INTENSE 100SZT MOKATE,5900396033826.0,brak,-1.0,1.0,HERBATY,DF,0,IP,0.0,sprzedaz,0,herb loyd black intense 100szt mokate,herbaty,0,false
79073,2026-01-21 00:00:00,-1,0.0,0.0,4.0,0.0,0.0,14.626,0.0,-1.0,brak,21.0,1.0,0.0,0.0,0.0,104.0,HERB LOYD BLACK INTENSE 100SZT MOKATE,5900396033826.0,brak,-1.0,1.0,HERBATY,DF,0,IP,0.0,sprzedaz,0,herb loyd black intense 100szt mokate,herbaty,0,false
79073,2026-01-22 00:00:00,-1,0.0,0.0,4.0,0.0,0.0,14.626,0.0,-1.0,brak,21.0,1.0,0.0,0.0,0.0,104.0,HERB LOYD BLACK INTENSE 100SZT MOKATE,5900396033826.0,brak,-1.0,1.0,HERBATY,DF,0,IP,0.0,sprzedaz,0,herb loyd black intense 100szt mokate,herbaty,0,false
79073,2026-01-23 00:00:00,-1,0.0,0.0,4.0,0.0,0.0,14.626,0.0,-1.0,brak,21.0,1.0,0.0,0.0,0.0,104.0,HERB LOYD BLACK INTENSE 100SZT MOKATE,5900396033826.0,brak,-1.0,1.0,HERBATY,DF,0,IP,0.0,sprzedaz,0,herb loyd black intense 100szt mokate,herbaty,0,false
79073,2026-01-24 00:00:00,-1,0.0,0.0,4.0,0.0,0.0,14.626,0.0,-1.0,brak,21.0,1.0,0.0,0.0,0.0,104.0,HERB LOYD BLACK INTENSE 100SZT MOKATE,5900396033826.0,brak,-1.0,1.0,HERBATY,DF,0,IP,0.0,sprzedaz,0,herb loyd black intense 100szt mokate,herbaty,0,false
79190,2026-01-07 00:00:00,2216012,10.0,10.0,4.0,1.0,0.0,11.419,11.419,928.0,DF/PAR/260107/2518/2,21.0,1.0,54.44,54.44,54.44,156.0,PŁATKI COOKIE CRISP 450G PACYFIC,5900020041968.0,nan,-1.0,1.0,PŁATKI ŚNIADANIOWE /zbożowe i sypkie,DF,1,IP,-1.0,sprzedaz,0,platki cookie crisp 450g pacyfic,platki sniadaniowe zbozowe i sypkie,0,false
79190,2026-01-08 00:00:00,-1,0.0,0.0,4.0,0.0,0.0,11.419,0.0,-1.0,brak,21.0,1.0,0.0,0.0,0.0,156.0,PŁATKI COOKIE CRISP 450G PACYFIC,5900020041968.0,brak,-1.0,1.0,PŁATKI ŚNIADANIOWE /zbożowe i sypkie,DF,0,IP,0.0,sprzedaz,0,platki cookie crisp 450g pacyfic,platki sniadaniowe zbozowe i sypkie,0,false
79190,2026-01-09 00:00:00,-1,0.0,0.0,4.0,0.0,0.0,11.419,0.0,-1.0,brak,21.0,1.0,0.0,0.0,0.0,156.0,PŁATKI COOKIE CRISP 450G PACYFIC,5900020041968.0,brak,-1.0,1.0,PŁATKI ŚNIADANIOWE /zbożowe i sypkie,DF,0,IP,0.0,sprzedaz,0,platki cookie crisp 450g pacyfic,platki sniadaniowe zbozowe i sypkie,0,false
79190,2026-01-10 00:00:00,-1,0.0,0.0,4.0,0.0,0.0,11.419,0.0,-1.0,brak,21.0,1.0,0.0,0.0,0.0,156.0,PŁATKI COOKIE CRISP 450G PACYFIC,5900020041968.0,brak,-1.0,1.0,PŁATKI ŚNIADANIOWE /zbożowe i sypkie,DF,0,IP,0.0,sprzedaz,0,platki cookie crisp 450g pacyfic,platki sniadaniowe zbozowe i sypkie,0,false
79190,2026-01-11 00:00:00,-1,0.0,0.0,4.0,0.0,0.0,11.419,0.0,-1.0,brak,21.0,1.0,0.0,0.0,0.0,156.0,PŁATKI COOKIE CRISP 450G PACYFIC,5900020041968.0,brak,-1.0,1.0,PŁATKI ŚNIADANIOWE /zbożowe i sypkie,DF,0,IP,0.0,sprzedaz,0,platki cookie crisp 450g pacyfic,platki sniadaniowe zbozowe i sypkie,0,false
79190,2026-01-12 00:00:00,-1,0.0,0.0,4.0,0.0,0.0,11.419,0.0,-1.0,brak,21.0,1.0,0.0,0.0,0.0,156.0,PŁATKI COOKIE CRISP 450G PACYFIC,5900020041968.0,brak,-1.0,1.0,PŁATKI ŚNIADANIOWE /zbożowe i sypkie,DF,0,IP,0.0,sprzedaz,0,platki cookie crisp 450g pacyfic,platki sniadaniowe zbozowe i sypkie,0,false
79190,2026-01-13 00:00:00,-1,0.0,0.0,4.0,0.0,0.0,11.419,0.0,-1.0,brak,21.0,1.0,0.0,0.0,0.0,156.0,PŁATKI COOKIE CRISP 450G PACYFIC,5900020041968.0,brak,-1.0,1.0,PŁATKI ŚNIADANIOWE /zbożowe i sypkie,DF,0,IP,0.0,sprzedaz,0,platki cookie crisp 450g pacyfic,platki sniadaniowe zbozowe i sypkie,0,false
79190,2026-01-14 00:00:00,-1,0.0,0.0,4.0,0.0,0.0,11.419,0.0,-1.0,brak,21.0,1.0,0.0,0.0,0.0,156.0,PŁATKI COOKIE CRISP 450G PACYFIC,5900020041968.0,brak,-1.0,1.0,PŁATKI ŚNIADANIOWE /zbożowe i sypkie,DF,0,IP,0.0,sprzedaz,0,platki cookie crisp 450g pacyfic,platki sniadaniowe zbozowe i sypkie,0,false
79190,2026-01-15 00:00:00,-1,0.0,0.0,4.0,0.0,0.0,11.419,0.0,-1.0,brak,21.0,1.0,0.0,0.0,0.0,156.0,PŁATKI COOKIE CRISP 450G PACYFIC,5900020041968.0,brak,-1.0,1.0,PŁATKI ŚNIADANIOWE /zbożowe i sypkie,DF,0,IP,0.0,sprzedaz,0,platki cookie crisp 450g pacyfic,platki sniadaniowe zbozowe i sypkie,0,false
79190,2026-01-16 00:00:00,-1,0.0,0.0,4.0,0.0,0.0,11.419,0.0,-1.0,brak,21.0,1.0,0.0,0.0,0.0,156.0,PŁATKI COOKIE CRISP 450G PACYFIC,5900020041968.0,brak,-1.0,1.0,PŁATKI ŚNIADANIOWE /zbożowe i sypkie,DF,0,IP,0.0,sprzedaz,0,platki cookie crisp 450g pacyfic,platki sniadaniowe zbozowe i sypkie,0,false
79190,2026-01-17 00:00:00,-1,0.0,0.0,4.0,0.0,0.0,11.419,0.0,-1.0,brak,21.0,1.0,0.0,0.0,0.0,156.0,PŁATKI COOKIE CRISP 450G PACYFIC,5900020041968.0,brak,-1.0,1.0,PŁATKI ŚNIADANIOWE /zbożowe i sypkie,DF,0,IP,0.0,sprzedaz,0,platki cookie crisp 450g pacyfic,platki sniadaniowe zbozowe i sypkie,0,false
79190,2026-01-18 00:00:00,-1,0.0,0.0,4.0,0.0,0.0,11.419,0.0,-1.0,brak,21.0,1.0,0.0,0.0,0.0,156.0,PŁATKI COOKIE CRISP 450G PACYFIC,5900020041968.0,brak,-1.0,1.0,PŁATKI ŚNIADANIOWE /zbożowe i sypkie,DF,0,IP,0.0,sprzedaz,0,platki cookie crisp 450g pacyfic,platki sniadaniowe zbozowe i sypkie,0,false
79190,2026-01-19 00:00:00,-1,0.0,0.0,4.0,0.0,0.0,11.419,0.0,-1.0,brak,21.0,1.0,0.0,0.0,0.0,156.0,PŁATKI COOKIE CRISP 450G PACYFIC,5900020041968.0,brak,-1.0,1.0,PŁATKI ŚNIADANIOWE /zbożowe i sypkie,DF,0,IP,0.0,sprzedaz,0,platki cookie crisp 450g pacyfic,platki sniadaniowe zbozowe i sypkie,0,false
79190,2026-01-20 00:00:00,-1,0.0,0.0,4.0,0.0,0.0,11.419,0.0,-1.0,brak,21.0,1.0,0.0,0.0,0.0,156.0,PŁATKI COOKIE CRISP 450G PACYFIC,5900020041968.0,brak,-1.0,1.0,PŁATKI ŚNIADANIOWE /zbożowe i sypkie,DF,0,IP,0.0,sprzedaz,0,platki cookie crisp 450g pacyfic,platki sniadaniowe zbozowe i sypkie,0,false
79190,2026-01-21 00:00:00,-1,0.0,0.0,4.0,0.0,0.0,11.419,0.0,-1.0,brak,21.0,1.0,0.0,0.0,0.0,156.0,PŁATKI COOKIE CRISP 450G PACYFIC,5900020041968.0,brak,-1.0,1.0,PŁATKI ŚNIADANIOWE /zbożowe i sypkie,DF,0,IP,0.0,sprzedaz,0,platki cookie crisp 450g pacyfic,platki sniadaniowe zbozowe i sypkie,0,false
81357,2026-01-12 00:00:00,2219764,3.0,3.0,4.0,1.0,0.0,16.181,16.181,473.0,DF/PAR/260112/1640/1,21.0,1.0,33.47,33.47,33.47,314.0,"SOK POMARAŃCZ 0,85L ORYGINALNY SOK",5903175642424.0,nan,-1.0,1.0,ORYGINALNY SOK,DF,1,IP,-1.0,sprzedaz,0,sok pomarancz 0 85l oryginalny sok,oryginalny sok,0,false
81357,2026-01-13 00:00:00,-1,0.0,0.0,4.0,0.0,0.0,16.181,0.0,-1.0,brak,21.0,1.0,0.0,0.0,0.0,314.0,"SOK POMARAŃCZ 0,85L ORYGINALNY SOK",5903175642424.0,brak,-1.0,1.0,ORYGINALNY SOK,DF,0,IP,0.0,sprzedaz,0,sok pomarancz 0 85l oryginalny sok,oryginalny sok,0,false
81357,2026-01-14 00:00:00,-1,0.0,0.0,4.0,0.0,0.0,16.181,0.0,-1.0,brak,21.0,1.0,0.0,0.0,0.0,314.0,"SOK POMARAŃCZ 0,85L ORYGINALNY SOK",5903175642424.0,brak,-1.0,1.0,ORYGINALNY SOK,DF,0,IP,0.0,sprzedaz,0,sok pomarancz 0 85l oryginalny sok,oryginalny sok,0,false
81357,2026-01-15 00:00:00,-1,0.0,0.0,4.0,0.0,0.0,16.181,0.0,-1.0,brak,21.0,1.0,0.0,0.0,0.0,314.0,"SOK POMARAŃCZ 0,85L ORYGINALNY SOK",5903175642424.0,brak,-1.0,1.0,ORYGINALNY SOK,DF,0,IP,0.0,sprzedaz,0,sok pomarancz 0 85l oryginalny sok,oryginalny sok,0,false
81357,2026-01-16 00:00:00,-1,0.0,0.0,4.0,0.0,0.0,16.181,0.0,-1.0,brak,21.0,1.0,0.0,0.0,0.0,314.0,"SOK POMARAŃCZ 0,85L ORYGINALNY SOK",5903175642424.0,brak,-1.0,1.0,ORYGINALNY SOK,DF,0,IP,0.0,sprzedaz,0,sok pomarancz 0 85l oryginalny sok,oryginalny sok,0,false
81357,2026-01-17 00:00:00,-1,0.0,0.0,4.0,0.0,0.0,16.181,0.0,-1.0,brak,21.0,1.0,0.0,0.0,0.0,314.0,"SOK POMARAŃCZ 0,85L ORYGINALNY SOK",5903175642424.0,brak,-1.0,1.0,ORYGINALNY SOK,DF,0,IP,0.0,sprzedaz,0,sok pomarancz 0 85l oryginalny sok,oryginalny sok,0,false
81357,2026-01-18 00:00:00,-1,0.0,0.0,4.0,0.0,0.0,16.181,0.0,-1.0,brak,21.0,1.0,0.0,0.0,0.0,314.0,"SOK POMARAŃCZ 0,85L ORYGINALNY SOK",5903175642424.0,brak,-1.0,1.0,ORYGINALNY SOK,DF,0,IP,0.0,sprzedaz,0,sok pomarancz 0 85l oryginalny sok,oryginalny sok,0,false
81357,2026-01-19 00:00:00,-1,0.0,0.0,4.0,0.0,0.0,16.181,0.0,-1.0,brak,21.0,1.0,0.0,0.0,0.0,314.0,"SOK POMARAŃCZ 0,85L ORYGINALNY SOK",5903175642424.0,brak,-1.0,1.0,ORYGINALNY SOK,DF,0,IP,0.0,sprzedaz,0,sok pomarancz 0 85l oryginalny sok,oryginalny sok,0,false
81357,2026-01-20 00:00:00,-1,0.0,0.0,4.0,0.0,0.0,16.181,0.0,-1.0,brak,21.0,1.0,0.0,0.0,0.0,314.0,"SOK POMARAŃCZ 0,85L ORYGINALNY SOK",5903175642424.0,brak,-1.0,1.0,ORYGINALNY SOK,DF,0,IP,0.0,sprzedaz,0,sok pomarancz 0 85l oryginalny sok,oryginalny sok,0,false
81357,2026-01-21 00:00:00,-1,0.0,0.0,4.0,0.0,0.0,16.181,0.0,-1.0,brak,21.0,1.0,0.0,0.0,0.0,314.0,"SOK POMARAŃCZ 0,85L ORYGINALNY SOK",5903175642424.0,brak,-1.0,1.0,ORYGINALNY SOK,DF,0,IP,0.0,sprzedaz,0,sok pomarancz 0 85l oryginalny sok,oryginalny sok,0,false
81357,2026-01-22 00:00:00,-1,0.0,0.0,4.0,0.0,0.0,16.181,0.0,-1.0,brak,21.0,1.0,0.0,0.0,0.0,314.0,"SOK POMARAŃCZ 0,85L ORYGINALNY SOK",5903175642424.0,brak,-1.0,1.0,ORYGINALNY SOK,DF,0,IP,0.0,sprzedaz,0,sok pomarancz 0 85l oryginalny sok,oryginalny sok,0,false
81357,2026-01-23 00:00:00,-1,0.0,0.0,4.0,0.0,0.0,16.181,0.0,-1.0,brak,21.0,1.0,0.0,0.0,0.0,314.0,"SOK POMARAŃCZ 0,85L ORYGINALNY SOK",5903175642424.0,brak,-1.0,1.0,ORYGINALNY SOK,DF,0,IP,0.0,sprzedaz,0,sok pomarancz 0 85l oryginalny sok,oryginalny sok,0,false
81357,2026-01-24 00:00:00,-1,0.0,0.0,4.0,0.0,0.0,16.181,0.0,-1.0,brak,21.0,1.0,0.0,0.0,0.0,314.0,"SOK POMARAŃCZ 0,85L ORYGINALNY SOK",5903175642424.0,brak,-1.0,1.0,ORYGINALNY SOK,DF,0,IP,0.0,sprzedaz,0,sok pomarancz 0 85l oryginalny sok,oryginalny sok,0,false
81357,2026-01-25 00:00:00,-1,0.0,0.0,4.0,0.0,0.0,16.181,0.0,-1.0,brak,21.0,1.0,0.0,0.0,0.0,314.0,"SOK POMARAŃCZ 0,85L ORYGINALNY SOK",5903175642424.0,brak,-1.0,1.0,ORYGINALNY SOK,DF,0,IP,0.0,sprzedaz,0,sok pomarancz 0 85l oryginalny sok,oryginalny sok,0,false
81357,2026-01-26 00:00:00,-1,0.0,0.0,4.0,0.0,0.0,16.181,0.0,-1.0,brak,21.0,1.0,0.0,0.0,0.0,314.0,"SOK POMARAŃCZ 0,85L ORYGINALNY SOK",5903175642424.0,brak,-1.0,1.0,ORYGINALNY SOK,DF,0,IP,0.0,sprzedaz,0,sok pomarancz 0 85l oryginalny sok,oryginalny sok,0,false
81357,2026-01-27 00:00:00,-1,0.0,0.0,4.0,0.0,0.0,16.181,0.0,-1.0,brak,21.0,1.0,0.0,0.0,0.0,314.0,"SOK POMARAŃCZ 0,85L ORYGINALNY SOK",5903175642424.0,brak,-1.0,1.0,ORYGINALNY SOK,DF,0,IP,0.0,sprzedaz,0,sok pomarancz 0 85l oryginalny sok,oryginalny sok,0,false
81357,2026-01-28 00:00:00,-1,0.0,0.0,4.0,0.0,0.0,16.181,0.0,-1.0,brak,21.0,1.0,0.0,0.0,0.0,314.0,"SOK POMARAŃCZ 0,85L ORYGINALNY SOK",5903175642424.0,brak,-1.0,1.0,ORYGINALNY SOK,DF,0,IP,0.0,sprzedaz,0,sok pomarancz 0 85l oryginalny sok,oryginalny sok,0,false
81357,2026-01-29 00:00:00,-1,0.0,0.0,4.0,0.0,0.0,16.181,0.0,-1.0,brak,21.0,1.0,0.0,0.0,0.0,314.0,"SOK POMARAŃCZ 0,85L ORYGINALNY SOK",5903175642424.0,brak,-1.0,1.0,ORYGINALNY SOK,DF,0,IP,0.0,sprzedaz,0,sok pomarancz 0 85l oryginalny sok,oryginalny sok,0,false
81357,2026-01-30 00:00:00,-1,0.0,0.0,4.0,0.0,0.0,16.181,0.0,-1.0,brak,21.0,1.0,0.0,0.0,0.0,314.0,"SOK POMARAŃCZ 0,85L ORYGINALNY SOK",5903175642424.0,brak,-1.0,1.0,ORYGINALNY SOK,DF,0,IP,0.0,sprzedaz,0,sok pomarancz 0 85l oryginalny sok,oryginalny sok,0,false
81357,2026-01-31 00:00:00,2236786,11.0,11.0,4.0,1.0,0.0,16.181,16.181,75.0,DF/PAR/260131/8441/1,21.0,1.0,96.19,96.19,96.19,314.0,"SOK POMARAŃCZ 0,85L ORYGINALNY SOK",5903175642424.0,nan,-1.0,1.0,ORYGINALNY SOK,DF,1,IP,-1.0,sprzedaz,0,sok pomarancz 0 85l oryginalny sok,oryginalny sok,0,false
81357,2026-01-31 00:00:00,2237252,10.0,9.0,4.0,1.0,0.0,16.181,16.181,540.0,DF/PAR/260131/8657/1,21.0,1.0,55.82,55.82,55.82,314.0,"SOK POMARAŃCZ 0,85L ORYGINALNY SOK",5903175642424.0,nan,-1.0,1.0,ORYGINALNY SOK,DF,1,IP,-1.0,sprzedaz,0,sok pomarancz 0 85l oryginalny sok,oryginalny sok,0,false
81357,2026-01-31 00:00:00,2237540,4.0,4.0,4.0,1.0,0.0,16.181,16.181,826.0,DF/PAR/260131/12338/2,21.0,1.0,28.27,28.27,28.27,314.0,"SOK POMARAŃCZ 0,85L ORYGINALNY SOK",5903175642424.0,nan,-1.0,1.0,ORYGINALNY SOK,DF,1,IP,-1.0,sprzedaz,0,sok pomarancz 0 85l oryginalny sok,oryginalny sok,0,false
55203,2026-01-12 00:00:00,2220038,4.0,4.0,4.0,1.0,0.0,5.2286,5.2286,743.0,DF/PAR/260112/5054/2,21.0,1.0,16.86,16.86,16.86,100.0,SOK JABŁKO PORZECZKA 750ML ACTIV,5901780373429.0,nan,-1.0,1.0,SOKI I NEKTARY,DF,1,IP,-1.0,sprzedaz,0,sok jablko porzeczka 750ml activ,soki i nektary,0,false
55203,2026-01-13 00:00:00,-1,0.0,0.0,4.0,0.0,0.0,5.2286,0.0,-1.0,brak,21.0,1.0,0.0,0.0,0.0,100.0,SOK JABŁKO PORZECZKA 750ML ACTIV,5901780373429.0,brak,-1.0,1.0,SOKI I NEKTARY,DF,0,IP,0.0,sprzedaz,0,sok jablko porzeczka 750ml activ,soki i nektary,0,false
55203,2026-01-14 00:00:00,-1,0.0,0.0,4.0,0.0,0.0,5.2286,0.0,-1.0,brak,21.0,1.0,0.0,0.0,0.0,100.0,SOK JABŁKO PORZECZKA 750ML ACTIV,5901780373429.0,brak,-1.0,1.0,SOKI I NEKTARY,DF,0,IP,0.0,sprzedaz,0,sok jablko porzeczka 750ml activ,soki i nektary,0,false
55203,2026-01-15 00:00:00,-1,0.0,0.0,4.0,0.0,0.0,5.2286,0.0,-1.0,brak,21.0,1.0,0.0,0.0,0.0,100.0,SOK JABŁKO PORZECZKA 750ML ACTIV,5901780373429.0,brak,-1.0,1.0,SOKI I NEKTARY,DF,0,IP,0.0,sprzedaz,0,sok jablko porzeczka 750ml activ,soki i nektary,0,false
55203,2026-01-16 00:00:00,-1,0.0,0.0,4.0,0.0,0.0,5.2286,0.0,-1.0,brak,21.0,1.0,0.0,0.0,0.0,100.0,SOK JABŁKO PORZECZKA 750ML ACTIV,5901780373429.0,brak,-1.0,1.0,SOKI I NEKTARY,DF,0,IP,0.0,sprzedaz,0,sok jablko porzeczka 750ml activ,soki i nektary,0,false
55203,2026-01-17 00:00:00,-1,0.0,0.0,4.0,0.0,0.0,5.2286,0.0,-1.0,brak,21.0,1.0,0.0,0.0,0.0,100.0,SOK JABŁKO PORZECZKA 750ML ACTIV,5901780373429.0,brak,-1.0,1.0,SOKI I NEKTARY,DF,0,IP,0.0,sprzedaz,0,sok jablko porzeczka 750ml activ,soki i nektary,0,false
55203,2026-01-18 00:00:00,-1,0.0,0.0,4.0,0.0,0.0,5.2286,0.0,-1.0,brak,21.0,1.0,0.0,0.0,0.0,100.0,SOK JABŁKO PORZECZKA 750ML ACTIV,5901780373429.0,brak,-1.0,1.0,SOKI I NEKTARY,DF,0,IP,0.0,sprzedaz,0,sok jablko porzeczka 750ml activ,soki i nektary,0,false
55203,2026-01-19 00:00:00,-1,0.0,0.0,4.0,0.0,0.0,5.2286,0.0,-1.0,brak,21.0,1.0,0.0,0.0,0.0,100.0,SOK JABŁKO PORZECZKA 750ML ACTIV,5901780373429.0,brak,-1.0,1.0,SOKI I NEKTARY,DF,0,IP,0.0,sprzedaz,0,sok jablko porzeczka 750ml activ,soki i nektary,0,false
55203,2026-01-20 00:00:00,-1,0.0,0.0,4.0,0.0,0.0,5.2286,0.0,-1.0,brak,21.0,1.0,0.0,0.0,0.0,100.0,SOK JABŁKO PORZECZKA 750ML ACTIV,5901780373429.0,brak,-1.0,1.0,SOKI I NEKTARY,DF,0,IP,0.0,sprzedaz,0,sok jablko porzeczka 750ml activ,soki i nektary,0,false
55203,2026-01-21 00:00:00,-1,0.0,0.0,4.0,0.0,0.0,5.2286,0.0,-1.0,brak,21.0,1.0,0.0,0.0,0.0,100.0,SOK JABŁKO PORZECZKA 750ML ACTIV,5901780373429.0,brak,-1.0,1.0,SOKI I NEKTARY,DF,0,IP,0.0,sprzedaz,0,sok jablko porzeczka 750ml activ,soki i nektary,0,false
55203,2026-01-22 00:00:00,-1,0.0,0.0,4.0,0.0,0.0,5.2286,0.0,-1.0,brak,21.0,1.0,0.0,0.0,0.0,100.0,SOK JABŁKO PORZECZKA 750ML ACTIV,5901780373429.0,brak,-1.0,1.0,SOKI I NEKTARY,DF,0,IP,0.0,sprzedaz,0,sok jablko porzeczka 750ml activ,soki i nektary,0,false
55203,2026-01-23 00:00:00,-1,0.0,0.0,4.0,0.0,0.0,5.2286,0.0,-1.0,brak,21.0,1.0,0.0,0.0,0.0,100.0,SOK JABŁKO PORZECZKA 750ML ACTIV,5901780373429.0,brak,-1.0,1.0,SOKI I NEKTARY,DF,0,IP,0.0,sprzedaz,0,sok jablko porzeczka 750ml activ,soki i nektary,0,false
55203,2026-01-24 00:00:00,-1,0.0,0.0,4.0,0.0,0.0,5.2286,0.0,-1.0,brak,21.0,1.0,0.0,0.0,0.0,100.0,SOK JABŁKO PORZECZKA 750ML ACTIV,5901780373429.0,brak,-1.0,1.0,SOKI I NEKTARY,DF,0,IP,0.0,sprzedaz,0,sok jablko porzeczka 750ml activ,soki i nektary,0,false
55203,2026-01-25 00:00:00,-1,0.0,0.0,4.0,0.0,0.0,5.2286,0.0,-1.0,brak,21.0,1.0,0.0,0.0,0.0,100.0,SOK JABŁKO PORZECZKA 750ML ACTIV,5901780373429.0,brak,-1.0,1.0,SOKI I NEKTARY,DF,0,IP,0.0,sprzedaz,0,sok jablko porzeczka 750ml activ,soki i nektary,0,false
55203,2026-01-26 00:00:00,-1,0.0,0.0,4.0,0.0,0.0,5.2286,0.0,-1.0,brak,21.0,1.0,0.0,0.0,0.0,100.0,SOK JABŁKO PORZECZKA 750ML ACTIV,5901780373429.0,brak,-1.0,1.0,SOKI I NEKTARY,DF,0,IP,0.0,sprzedaz,0,sok jablko porzeczka 750ml activ,soki i nektary,0,false
16032,2026-01-15 00:00:00,2222914,1.0,1.0,4.0,1.0,0.0,6.6571,6.6571,712.0,DF/PAR/260115/2612/1,21.0,1.0,41.97,41.97,41.97,207.0,SAŁATKA Z KURCZAKIEM 200G WITAMINA,5908252201372.0,SWIEZE,609.0,0.0,WARZYWNE /przetwory owocowe,DF,1,IP,-1.0,sprzedaz,0,salatka z kurczakiem 200g witamina,warzywne przetwory owocowe,0,false
16032,2026-01-15 00:00:00,2223085,4.0,4.0,4.0,1.0,0.0,6.6571,6.6571,883.0,DF/PAR/260115/2765/1,21.0,1.0,41.91,41.91,41.91,207.0,SAŁATKA Z KURCZAKIEM 200G WITAMINA,5908252201372.0,SWIEZE,609.0,0.0,WARZYWNE /przetwory owocowe,DF,1,IP,-1.0,sprzedaz,0,salatka z kurczakiem 200g witamina,warzywne przetwory owocowe,0,false
16032,2026-01-16 00:00:00,-1,0.0,0.0,4.0,0.0,0.0,6.6571,0.0,-1.0,brak,21.0,1.0,0.0,0.0,0.0,207.0,SAŁATKA Z KURCZAKIEM 200G WITAMINA,5908252201372.0,brak,609.0,1.0,WARZYWNE /przetwory owocowe,DF,0,IP,0.0,sprzedaz,0,salatka z kurczakiem 200g witamina,warzywne przetwory owocowe,0,false
16032,2026-01-17 00:00:00,-1,0.0,0.0,4.0,0.0,0.0,6.6571,0.0,-1.0,brak,21.0,1.0,0.0,0.0,0.0,207.0,SAŁATKA Z KURCZAKIEM 200G WITAMINA,5908252201372.0,brak,609.0,1.0,WARZYWNE /przetwory owocowe,DF,0,IP,0.0,sprzedaz,0,salatka z kurczakiem 200g witamina,warzywne przetwory owocowe,0,false
16032,2026-01-18 00:00:00,-1,0.0,0.0,4.0,0.0,0.0,6.6571,0.0,-1.0,brak,21.0,1.0,0.0,0.0,0.0,207.0,SAŁATKA Z KURCZAKIEM 200G WITAMINA,5908252201372.0,brak,609.0,1.0,WARZYWNE /przetwory owocowe,DF,0,IP,0.0,sprzedaz,0,salatka z kurczakiem 200g witamina,warzywne przetwory owocowe,0,false
16032,2026-01-19 00:00:00,-1,0.0,0.0,4.0,0.0,0.0,6.6571,0.0,-1.0,brak,21.0,1.0,0.0,0.0,0.0,207.0,SAŁATKA Z KURCZAKIEM 200G WITAMINA,5908252201372.0,brak,609.0,1.0,WARZYWNE /przetwory owocowe,DF,0,IP,0.0,sprzedaz,0,salatka z kurczakiem 200g witamina,warzywne przetwory owocowe,0,false
16032,2026-01-20 00:00:00,-1,0.0,0.0,4.0,0.0,0.0,6.6571,0.0,-1.0,brak,21.0,1.0,0.0,0.0,0.0,207.0,SAŁATKA Z KURCZAKIEM 200G WITAMINA,5908252201372.0,brak,609.0,1.0,WARZYWNE /przetwory owocowe,DF,0,IP,0.0,sprzedaz,0,salatka z kurczakiem 200g witamina,warzywne przetwory owocowe,0,false
16032,2026-01-21 00:00:00,-1,0.0,0.0,4.0,0.0,0.0,6.6571,0.0,-1.0,brak,21.0,1.0,0.0,0.0,0.0,207.0,SAŁATKA Z KURCZAKIEM 200G WITAMINA,5908252201372.0,brak,609.0,1.0,WARZYWNE /przetwory owocowe,DF,0,IP,0.0,sprzedaz,0,salatka z kurczakiem 200g witamina,warzywne przetwory owocowe,0,false
16032,2026-01-22 00:00:00,2229215,1.0,1.0,4.0,1.0,0.0,6.6571,6.6571,798.0,DF/PAR/260122/8745/2,21.0,1.0,6.99,6.99,6.99,207.0,SAŁATKA Z KURCZAKIEM 200G WITAMINA,5908252201372.0,SWIEZE,609.0,0.0,WARZYWNE /przetwory owocowe,DF,1,IP,-1.0,sprzedaz,0,salatka z kurczakiem 200g witamina,warzywne przetwory owocowe,0,false
16032,2026-01-22 00:00:00,2229240,3.0,3.0,4.0,1.0,0.0,6.6571,6.6571,823.0,DF/PAR/260122/5518/1,21.0,1.0,29.54,29.54,29.54,207.0,SAŁATKA Z KURCZAKIEM 200G WITAMINA,5908252201372.0,SWIEZE,609.0,0.0,WARZYWNE /przetwory owocowe,DF,1,IP,-1.0,sprzedaz,0,salatka z kurczakiem 200g witamina,warzywne przetwory owocowe,0,false
16032,2026-01-23 00:00:00,2230439,2.0,2.0,4.0,1.0,0.0,6.6571,6.6571,1026.0,DF/PAR/260123/6000/1,21.0,1.0,63.55,63.55,63.55,207.0,SAŁATKA Z KURCZAKIEM 200G WITAMINA,5908252201372.0,SWIEZE,609.0,0.0,WARZYWNE /przetwory owocowe,DF,1,IP,-1.0,sprzedaz,0,salatka z kurczakiem 200g witamina,warzywne przetwory owocowe,0,false
16032,2026-01-24 00:00:00,-1,0.0,0.0,4.0,0.0,0.0,6.6571,0.0,-1.0,brak,21.0,1.0,0.0,0.0,0.0,207.0,SAŁATKA Z KURCZAKIEM 200G WITAMINA,5908252201372.0,brak,609.0,1.0,WARZYWNE /przetwory owocowe,DF,0,IP,0.0,sprzedaz,0,salatka z kurczakiem 200g witamina,warzywne przetwory owocowe,0,false
16032,2026-01-25 00:00:00,-1,0.0,0.0,4.0,0.0,0.0,6.6571,0.0,-1.0,brak,21.0,1.0,0.0,0.0,0.0,207.0,SAŁATKA Z KURCZAKIEM 200G WITAMINA,5908252201372.0,brak,609.0,1.0,WARZYWNE /przetwory owocowe,DF,0,IP,0.0,sprzedaz,0,salatka z kurczakiem 200g witamina,warzywne przetwory owocowe,0,false
16032,2026-01-26 00:00:00,-1,0.0,0.0,4.0,0.0,0.0,6.6571,0.0,-1.0,brak,21.0,1.0,0.0,0.0,0.0,207.0,SAŁATKA Z KURCZAKIEM 200G WITAMINA,5908252201372.0,brak,609.0,1.0,WARZYWNE /przetwory owocowe,DF,0,IP,0.0,sprzedaz,0,salatka z kurczakiem 200g witamina,warzywne przetwory owocowe,0,false
16032,2026-01-27 00:00:00,-1,0.0,0.0,4.0,0.0,0.0,6.6571,0.0,-1.0,brak,21.0,1.0,0.0,0.0,0.0,207.0,SAŁATKA Z KURCZAKIEM 200G WITAMINA,5908252201372.0,brak,609.0,1.0,WARZYWNE /przetwory owocowe,DF,0,IP,0.0,sprzedaz,0,salatka z kurczakiem 200g witamina,warzywne przetwory owocowe,0,false
16032,2026-01-28 00:00:00,-1,0.0,0.0,4.0,0.0,0.0,6.6571,0.0,-1.0,brak,21.0,1.0,0.0,0.0,0.0,207.0,SAŁATKA Z KURCZAKIEM 200G WITAMINA,5908252201372.0,brak,609.0,1.0,WARZYWNE /przetwory owocowe,DF,0,IP,0.0,sprzedaz,0,salatka z kurczakiem 200g witamina,warzywne przetwory owocowe,0,false
16032,2026-01-29 00:00:00,2235130,1.0,1.0,4.0,1.0,0.0,6.6571,6.6571,421.0,DF/PAR/260129/7670/1,21.0,1.0,29.96,29.96,29.96,207.0,SAŁATKA Z KURCZAKIEM 200G WITAMINA,5908252201372.0,SWIEZE,609.0,0.0,WARZYWNE /przetwory owocowe,DF,1,IP,-1.0,sprzedaz,0,salatka z kurczakiem 200g witamina,warzywne przetwory owocowe,0,false
16032,2026-01-29 00:00:00,2235130,2.0,2.0,4.0,1.0,0.0,6.6571,6.6571,421.0,DF/PAR/260129/7670/1,21.0,1.0,29.96,29.96,29.96,207.0,SAŁATKA Z KURCZAKIEM 200G WITAMINA,5908252201372.0,SWIEZE,609.0,0.0,WARZYWNE /przetwory owocowe,DF,1,IP,-1.0,sprzedaz,0,salatka z kurczakiem 200g witamina,warzywne przetwory owocowe,0,false
16032,2026-01-29 00:00:00,2235257,1.0,1.0,4.0,1.0,0.0,6.6571,6.6571,546.0,DF/PAR/260129/11499/2,21.0,1.0,35.53,35.53,35.53,207.0,SAŁATKA Z KURCZAKIEM 200G WITAMINA,5908252201372.0,SWIEZE,609.0,0.0,WARZYWNE /przetwory owocowe,DF,1,IP,-1.0,sprzedaz,0,salatka z kurczakiem 200g witamina,warzywne przetwory owocowe,0,false
16032,2026-01-29 00:00:00,2235257,2.0,2.0,4.0,1.0,0.0,6.6571,6.6571,546.0,DF/PAR/260129/11499/2,21.0,1.0,35.53,35.53,35.53,207.0,SAŁATKA Z KURCZAKIEM 200G WITAMINA,5908252201372.0,SWIEZE,609.0,0.0,WARZYWNE /przetwory owocowe,DF,1,IP,-1.0,sprzedaz,0,salatka z kurczakiem 200g witamina,warzywne przetwory owocowe,0,false
16032,2026-01-29 00:00:00,2235378,7.0,7.0,4.0,1.0,0.0,6.6571,6.6571,665.0,DF/PAR/260129/7794/1,21.0,1.0,72.41,72.41,72.41,207.0,SAŁATKA Z KURCZAKIEM 200G WITAMINA,5908252201372.0,SWIEZE,609.0,0.0,WARZYWNE /przetwory owocowe,DF,1,IP,-1.0,sprzedaz,0,salatka z kurczakiem 200g witamina,warzywne przetwory owocowe,0,false
16032,2026-01-29 00:00:00,2235398,1.0,1.0,4.0,1.0,0.0,6.6571,6.6571,685.0,DF/PAR/260129/7814/1,21.0,1.0,11.98,11.98,11.98,207.0,SAŁATKA Z KURCZAKIEM 200G WITAMINA,5908252201372.0,SWIEZE,609.0,0.0,WARZYWNE /przetwory owocowe,DF,1,IP,-1.0,sprzedaz,0,salatka z kurczakiem 200g witamina,warzywne przetwory owocowe,0,false
16032,2026-01-30 00:00:00,-1,0.0,0.0,4.0,0.0,0.0,6.6571,0.0,-1.0,brak,21.0,1.0,0.0,0.0,0.0,207.0,SAŁATKA Z KURCZAKIEM 200G WITAMINA,5908252201372.0,brak,609.0,1.0,WARZYWNE /przetwory owocowe,DF,0,IP,0.0,sprzedaz,0,salatka z kurczakiem 200g witamina,warzywne przetwory owocowe,0,false
16032,2026-01-31 00:00:00,-1,0.0,0.0,4.0,0.0,0.0,6.6571,0.0,-1.0,brak,21.0,1.0,0.0,0.0,0.0,207.0,SAŁATKA Z KURCZAKIEM 200G WITAMINA,5908252201372.0,brak,609.0,1.0,WARZYWNE /przetwory owocowe,DF,0,IP,0.0,sprzedaz,0,salatka z kurczakiem 200g witamina,warzywne przetwory owocowe,0,false
80890,2026-01-15 00:00:00,2222979,2.0,2.0,4.0,1.0,0.0,12.1951,12.1951,777.0,DF/PAR/260115/2667/1,21.0,1.0,25.99,25.99,25.99,322.0,WKŁAD VEO POLAR TWIST BAT,5905658914363.0,nan,-1.0,1.0,PAPIEROSY,DF,1,IP,-1.0,sprzedaz,0,wklad veo polar twist bat,papierosy,0,false
80890,2026-01-16 00:00:00,-1,0.0,0.0,4.0,0.0,0.0,12.1951,0.0,-1.0,brak,21.0,1.0,0.0,0.0,0.0,322.0,WKŁAD VEO POLAR TWIST BAT,5905658914363.0,brak,-1.0,1.0,PAPIEROSY,DF,0,IP,0.0,sprzedaz,0,wklad veo polar twist bat,papierosy,0,false
80890,2026-01-17 00:00:00,2224838,3.0,3.0,4.0,1.0,0.0,12.1951,12.1951,525.0,DF/PAR/260117/3482/1,21.0,1.0,30.48,30.48,30.48,322.0,WKŁAD VEO POLAR TWIST BAT,5905658914363.0,nan,-1.0,1.0,PAPIEROSY,DF,1,IP,-1.0,sprzedaz,0,wklad veo polar twist bat,papierosy,0,false
80890,2026-01-18 00:00:00,-1,0.0,0.0,4.0,0.0,0.0,12.1951,0.0,-1.0,brak,21.0,1.0,0.0,0.0,0.0,322.0,WKŁAD VEO POLAR TWIST BAT,5905658914363.0,brak,-1.0,1.0,PAPIEROSY,DF,0,IP,0.0,sprzedaz,0,wklad veo polar twist bat,papierosy,0,false
80890,2026-01-19 00:00:00,-1,0.0,0.0,4.0,0.0,0.0,12.1951,0.0,-1.0,brak,21.0,1.0,0.0,0.0,0.0,322.0,WKŁAD VEO POLAR TWIST BAT,5905658914363.0,brak,-1.0,1.0,PAPIEROSY,DF,0,IP,0.0,sprzedaz,0,wklad veo polar twist bat,papierosy,0,false
80890,2026-01-20 00:00:00,-1,0.0,0.0,4.0,0.0,0.0,12.1951,0.0,-1.0,brak,21.0,1.0,0.0,0.0,0.0,322.0,WKŁAD VEO POLAR TWIST BAT,5905658914363.0,brak,-1.0,1.0,PAPIEROSY,DF,0,IP,0.0,sprzedaz,0,wklad veo polar twist bat,papierosy,0,false
80890,2026-01-21 00:00:00,-1,0.0,0.0,4.0,0.0,0.0,12.1951,0.0,-1.0,brak,21.0,1.0,0.0,0.0,0.0,322.0,WKŁAD VEO POLAR TWIST BAT,5905658914363.0,brak,-1.0,1.0,PAPIEROSY,DF,0,IP,0.0,sprzedaz,0,wklad veo polar twist bat,papierosy,0,false
80890,2026-01-22 00:00:00,-1,0.0,0.0,4.0,0.0,0.0,12.1951,0.0,-1.0,brak,21.0,1.0,0.0,0.0,0.0,322.0,WKŁAD VEO POLAR TWIST BAT,5905658914363.0,brak,-1.0,1.0,PAPIEROSY,DF,0,IP,0.0,sprzedaz,0,wklad veo polar twist bat,papierosy,0,false
80890,2026-01-23 00:00:00,-1,0.0,0.0,4.0,0.0,0.0,12.1951,0.0,-1.0,brak,21.0,1.0,0.0,0.0,0.0,322.0,WKŁAD VEO POLAR TWIST BAT,5905658914363.0,brak,-1.0,1.0,PAPIEROSY,DF,0,IP,0.0,sprzedaz,0,wklad veo polar twist bat,papierosy,0,false
80890,2026-01-24 00:00:00,-1,0.0,0.0,4.0,0.0,0.0,12.1951,0.0,-1.0,brak,21.0,1.0,0.0,0.0,0.0,322.0,WKŁAD VEO POLAR TWIST BAT,5905658914363.0,brak,-1.0,1.0,PAPIEROSY,DF,0,IP,0.0,sprzedaz,0,wklad veo polar twist bat,papierosy,0,false
80890,2026-01-25 00:00:00,-1,0.0,0.0,4.0,0.0,0.0,12.1951,0.0,-1.0,brak,21.0,1.0,0.0,0.0,0.0,322.0,WKŁAD VEO POLAR TWIST BAT,5905658914363.0,brak,-1.0,1.0,PAPIEROSY,DF,0,IP,0.0,sprzedaz,0,wklad veo polar twist bat,papierosy,0,false
80890,2026-01-26 00:00:00,-1,0.0,0.0,4.0,0.0,0.0,12.1951,0.0,-1.0,brak,21.0,1.0,0.0,0.0,0.0,322.0,WKŁAD VEO POLAR TWIST BAT,5905658914363.0,brak,-1.0,1.0,PAPIEROSY,DF,0,IP,0.0,sprzedaz,0,wklad veo polar twist bat,papierosy,0,false
80890,2026-01-27 00:00:00,-1,0.0,0.0,4.0,0.0,0.0,12.1951,0.0,-1.0,brak,21.0,1.0,0.0,0.0,0.0,322.0,WKŁAD VEO POLAR TWIST BAT,5905658914363.0,brak,-1.0,1.0,PAPIEROSY,DF,0,IP,0.0,sprzedaz,0,wklad veo polar twist bat,papierosy,0,false
80890,2026-01-28 00:00:00,-1,0.0,0.0,4.0,0.0,0.0,12.1951,0.0,-1.0,brak,21.0,1.0,0.0,0.0,0.0,322.0,WKŁAD VEO POLAR TWIST BAT,5905658914363.0,brak,-1.0,1.0,PAPIEROSY,DF,0,IP,0.0,sprzedaz,0,wklad veo polar twist bat,papierosy,0,false
80890,2026-01-29 00:00:00,-1,0.0,0.0,4.0,0.0,0.0,12.1951,0.0,-1.0,brak,21.0,1.0,0.0,0.0,0.0,322.0,WKŁAD VEO POLAR TWIST BAT,5905658914363.0,brak,-1.0,1.0,PAPIEROSY,DF,0,IP,0.0,sprzedaz,0,wklad veo polar twist bat,papierosy,0,false
80890,2026-01-30 00:00:00,-1,0.0,0.0,4.0,0.0,0.0,12.1951,0.0,-1.0,brak,21.0,1.0,0.0,0.0,0.0,322.0,WKŁAD VEO POLAR TWIST BAT,5905658914363.0,brak,-1.0,1.0,PAPIEROSY,DF,0,IP,0.0,sprzedaz,0,wklad veo polar twist bat,papierosy,0,false
80890,2026-01-31 00:00:00,-1,0.0,0.0,4.0,0.0,0.0,12.1951,0.0,-1.0,brak,21.0,1.0,0.0,0.0,0.0,322.0,WKŁAD VEO POLAR TWIST BAT,5905658914363.0,brak,-1.0,1.0,PAPIEROSY,DF,0,IP,0.0,sprzedaz,0,wklad veo polar twist bat,papierosy,0,false
16034,2026-01-15 00:00:00,2223146,8.0,8.0,4.0,1.0,0.0,6.6571,6.6571,944.0,DF/PAR/260115/6439/2,21.0,1.0,45.6,45.6,45.6,211.0,SAŁATKA Z TUŃCZYKIEM 200G WITAMINA,5908252201396.0,SWIEZE,609.0,1.0,PRZETWORY RYBNE /ryby,DF,1,IP,-1.0,sprzedaz,0,salatka z tunczykiem 200g witamina,przetwory rybne ryby,0,false
16034,2026-01-16 00:00:00,2223356,1.0,1.0,4.0,1.0,0.0,6.6571,6.6571,140.0,DF/PAR/260116/6539/2,21.0,1.0,9.98,9.98,9.98,211.0,SAŁATKA Z TUŃCZYKIEM 200G WITAMINA,5908252201396.0,SWIEZE,609.0,1.0,PRZETWORY RYBNE /ryby,DF,1,IP,-1.0,sprzedaz,0,salatka z tunczykiem 200g witamina,przetwory rybne ryby,0,false
16034,2026-01-16 00:00:00,2223359,3.0,3.0,4.0,1.0,0.0,6.6571,6.6571,143.0,DF/PAR/260116/2864/1,21.0,1.0,13.88,13.88,13.88,211.0,SAŁATKA Z TUŃCZYKIEM 200G WITAMINA,5908252201396.0,SWIEZE,609.0,1.0,PRZETWORY RYBNE /ryby,DF,1,IP,-1.0,sprzedaz,0,salatka z tunczykiem 200g witamina,przetwory rybne ryby,0,false
16034,2026-01-17 00:00:00,-1,0.0,0.0,4.0,0.0,0.0,6.6571,0.0,-1.0,brak,21.0,1.0,0.0,0.0,0.0,211.0,SAŁATKA Z TUŃCZYKIEM 200G WITAMINA,5908252201396.0,brak,609.0,1.0,PRZETWORY RYBNE /ryby,DF,0,IP,0.0,sprzedaz,0,salatka z tunczykiem 200g witamina,przetwory rybne ryby,0,false
16034,2026-01-18 00:00:00,-1,0.0,0.0,4.0,0.0,0.0,6.6571,0.0,-1.0,brak,21.0,1.0,0.0,0.0,0.0,211.0,SAŁATKA Z TUŃCZYKIEM 200G WITAMINA,5908252201396.0,brak,609.0,1.0,PRZETWORY RYBNE /ryby,DF,0,IP,0.0,sprzedaz,0,salatka z tunczykiem 200g witamina,przetwory rybne ryby,0,false
16034,2026-01-19 00:00:00,-1,0.0,0.0,4.0,0.0,0.0,6.6571,0.0,-1.0,brak,21.0,1.0,0.0,0.0,0.0,211.0,SAŁATKA Z TUŃCZYKIEM 200G WITAMINA,5908252201396.0,brak,609.0,1.0,PRZETWORY RYBNE /ryby,DF,0,IP,0.0,sprzedaz,0,salatka z tunczykiem 200g witamina,przetwory rybne ryby,0,false
16034,2026-01-20 00:00:00,-1,0.0,0.0,4.0,0.0,0.0,6.6571,0.0,-1.0,brak,21.0,1.0,0.0,0.0,0.0,211.0,SAŁATKA Z TUŃCZYKIEM 200G WITAMINA,5908252201396.0,brak,609.0,1.0,PRZETWORY RYBNE /ryby,DF,0,IP,0.0,sprzedaz,0,salatka z tunczykiem 200g witamina,przetwory rybne ryby,0,false
16034,2026-01-21 00:00:00,-1,0.0,0.0,4.0,0.0,0.0,6.6571,0.0,-1.0,brak,21.0,1.0,0.0,0.0,0.0,211.0,SAŁATKA Z TUŃCZYKIEM 200G WITAMINA,5908252201396.0,brak,609.0,1.0,PRZETWORY RYBNE /ryby,DF,0,IP,0.0,sprzedaz,0,salatka z tunczykiem 200g witamina,przetwory rybne ryby,0,false
16034,2026-01-22 00:00:00,-1,0.0,0.0,4.0,0.0,0.0,6.6571,0.0,-1.0,brak,21.0,1.0,0.0,0.0,0.0,211.0,SAŁATKA Z TUŃCZYKIEM 200G WITAMINA,5908252201396.0,brak,609.0,1.0,PRZETWORY RYBNE /ryby,DF,0,IP,0.0,sprzedaz,0,salatka z tunczykiem 200g witamina,przetwory rybne ryby,0,false
16034,2026-01-23 00:00:00,-1,0.0,0.0,4.0,0.0,0.0,6.6571,0.0,-1.0,brak,21.0,1.0,0.0,0.0,0.0,211.0,SAŁATKA Z TUŃCZYKIEM 200G WITAMINA,5908252201396.0,brak,609.0,1.0,PRZETWORY RYBNE /ryby,DF,0,IP,0.0,sprzedaz,0,salatka z tunczykiem 200g witamina,przetwory rybne ryby,0,false
16034,2026-01-24 00:00:00,-1,0.0,0.0,4.0,0.0,0.0,6.6571,0.0,-1.0,brak,21.0,1.0,0.0,0.0,0.0,211.0,SAŁATKA Z TUŃCZYKIEM 200G WITAMINA,5908252201396.0,brak,609.0,1.0,PRZETWORY RYBNE /ryby,DF,0,IP,0.0,sprzedaz,0,salatka z tunczykiem 200g witamina,przetwory rybne ryby,0,false
16034,2026-01-25 00:00:00,-1,0.0,0.0,4.0,0.0,0.0,6.6571,0.0,-1.0,brak,21.0,1.0,0.0,0.0,0.0,211.0,SAŁATKA Z TUŃCZYKIEM 200G WITAMINA,5908252201396.0,brak,609.0,1.0,PRZETWORY RYBNE /ryby,DF,0,IP,0.0,sprzedaz,0,salatka z tunczykiem 200g witamina,przetwory rybne ryby,0,false
16034,2026-01-26 00:00:00,2232449,5.0,5.0,4.0,1.0,0.0,6.6571,6.6571,661.0,DF/PAR/260126/10259/2,21.0,1.0,73.35,73.35,73.35,211.0,SAŁATKA Z TUŃCZYKIEM 200G WITAMINA,5908252201396.0,SWIEZE,609.0,1.0,PRZETWORY RYBNE /ryby,DF,1,IP,-1.0,sprzedaz,0,salatka z tunczykiem 200g witamina,przetwory rybne ryby,0,false
16034,2026-01-27 00:00:00,-1,0.0,0.0,4.0,0.0,0.0,6.6571,0.0,-1.0,brak,21.0,1.0,0.0,0.0,0.0,211.0,SAŁATKA Z TUŃCZYKIEM 200G WITAMINA,5908252201396.0,brak,609.0,1.0,PRZETWORY RYBNE /ryby,DF,0,IP,0.0,sprzedaz,0,salatka z tunczykiem 200g witamina,przetwory rybne ryby,0,false
16034,2026-01-28 00:00:00,2233813,8.0,8.0,4.0,1.0,0.0,6.6571,6.6571,179.0,DF/PAR/260128/10873/2,21.0,1.0,47.41,47.41,47.41,211.0,SAŁATKA Z TUŃCZYKIEM 200G WITAMINA,5908252201396.0,SWIEZE,609.0,1.0,PRZETWORY RYBNE /ryby,DF,1,IP,-1.0,sprzedaz,0,salatka z tunczykiem 200g witamina,przetwory rybne ryby,0,false
16034,2026-01-29 00:00:00,2235257,3.0,3.0,4.0,1.0,0.0,6.6571,6.6571,546.0,DF/PAR/260129/11499/2,21.0,1.0,35.53,35.53,35.53,211.0,SAŁATKA Z TUŃCZYKIEM 200G WITAMINA,5908252201396.0,SWIEZE,609.0,1.0,PRZETWORY RYBNE /ryby,DF,1,IP,-1.0,sprzedaz,0,salatka z tunczykiem 200g witamina,przetwory rybne ryby,0,false
16034,2026-01-30 00:00:00,2235655,1.0,1.0,4.0,1.0,0.0,6.6571,6.6571,15.0,DF/PAR/260130/7984/1,21.0,1.0,26.72,26.72,26.72,211.0,SAŁATKA Z TUŃCZYKIEM 200G WITAMINA,5908252201396.0,SWIEZE,609.0,1.0,PRZETWORY RYBNE /ryby,DF,1,IP,-1.0,sprzedaz,0,salatka z tunczykiem 200g witamina,przetwory rybne ryby,0,false
16034,2026-01-31 00:00:00,-1,0.0,0.0,4.0,0.0,0.0,6.6571,0.0,-1.0,brak,21.0,1.0,0.0,0.0,0.0,211.0,SAŁATKA Z TUŃCZYKIEM 200G WITAMINA,5908252201396.0,brak,609.0,1.0,PRZETWORY RYBNE /ryby,DF,0,IP,0.0,sprzedaz,0,salatka z tunczykiem 200g witamina,przetwory rybne ryby,0,false
81330,2026-01-17 00:00:00,2224405,3.0,3.0,4.0,1.0,0.0,2.619,2.619,92.0,DF/PAR/260117/3293/1,21.0,1.0,60.78,60.78,60.78,319.0,przzec JOGURT MOCHI YUZU 150G BAKOMA,32912.0,nan,-1.0,1.0,***PRZECENY,DF,1,IP,-1.0,sprzedaz,0,przzec jogurt mochi yuzu 150g bakoma,przeceny,0,false
81330,2026-01-18 00:00:00,-1,0.0,0.0,4.0,0.0,0.0,2.619,0.0,-1.0,brak,21.0,1.0,0.0,0.0,0.0,319.0,przzec JOGURT MOCHI YUZU 150G BAKOMA,32912.0,brak,-1.0,1.0,***PRZECENY,DF,0,IP,0.0,sprzedaz,0,przzec jogurt mochi yuzu 150g bakoma,przeceny,0,false
81330,2026-01-19 00:00:00,-1,0.0,0.0,4.0,0.0,0.0,2.619,0.0,-1.0,brak,21.0,1.0,0.0,0.0,0.0,319.0,przzec JOGURT MOCHI YUZU 150G BAKOMA,32912.0,brak,-1.0,1.0,***PRZECENY,DF,0,IP,0.0,sprzedaz,0,przzec jogurt mochi yuzu 150g bakoma,przeceny,0,false
81330,2026-01-20 00:00:00,-1,0.0,0.0,4.0,0.0,0.0,2.619,0.0,-1.0,brak,21.0,1.0,0.0,0.0,0.0,319.0,przzec JOGURT MOCHI YUZU 150G BAKOMA,32912.0,brak,-1.0,1.0,***PRZECENY,DF,0,IP,0.0,sprzedaz,0,przzec jogurt mochi yuzu 150g bakoma,przeceny,0,false
81330,2026-01-21 00:00:00,-1,0.0,0.0,4.0,0.0,0.0,2.619,0.0,-1.0,brak,21.0,1.0,0.0,0.0,0.0,319.0,przzec JOGURT MOCHI YUZU 150G BAKOMA,32912.0,brak,-1.0,1.0,***PRZECENY,DF,0,IP,0.0,sprzedaz,0,przzec jogurt mochi yuzu 150g bakoma,przeceny,0,false
81330,2026-01-22 00:00:00,-1,0.0,0.0,4.0,0.0,0.0,2.619,0.0,-1.0,brak,21.0,1.0,0.0,0.0,0.0,319.0,przzec JOGURT MOCHI YUZU 150G BAKOMA,32912.0,brak,-1.0,1.0,***PRZECENY,DF,0,IP,0.0,sprzedaz,0,przzec jogurt mochi yuzu 150g bakoma,przeceny,0,false
81330,2026-01-23 00:00:00,-1,0.0,0.0,4.0,0.0,0.0,2.619,0.0,-1.0,brak,21.0,1.0,0.0,0.0,0.0,319.0,przzec JOGURT MOCHI YUZU 150G BAKOMA,32912.0,brak,-1.0,1.0,***PRZECENY,DF,0,IP,0.0,sprzedaz,0,przzec jogurt mochi yuzu 150g bakoma,przeceny,0,false
81330,2026-01-24 00:00:00,-1,0.0,0.0,4.0,0.0,0.0,2.619,0.0,-1.0,brak,21.0,1.0,0.0,0.0,0.0,319.0,przzec JOGURT MOCHI YUZU 150G BAKOMA,32912.0,brak,-1.0,1.0,***PRZECENY,DF,0,IP,0.0,sprzedaz,0,przzec jogurt mochi yuzu 150g bakoma,przeceny,0,false
81330,2026-01-25 00:00:00,-1,0.0,0.0,4.0,0.0,0.0,2.619,0.0,-1.0,brak,21.0,1.0,0.0,0.0,0.0,319.0,przzec JOGURT MOCHI YUZU 150G BAKOMA,32912.0,brak,-1.0,1.0,***PRZECENY,DF,0,IP,0.0,sprzedaz,0,przzec jogurt mochi yuzu 150g bakoma,przeceny,0,false
81330,2026-01-26 00:00:00,-1,0.0,0.0,4.0,0.0,0.0,2.619,0.0,-1.0,brak,21.0,1.0,0.0,0.0,0.0,319.0,przzec JOGURT MOCHI YUZU 150G BAKOMA,32912.0,brak,-1.0,1.0,***PRZECENY,DF,0,IP,0.0,sprzedaz,0,przzec jogurt mochi yuzu 150g bakoma,przeceny,0,false
81330,2026-01-27 00:00:00,-1,0.0,0.0,4.0,0.0,0.0,2.619,0.0,-1.0,brak,21.0,1.0,0.0,0.0,0.0,319.0,przzec JOGURT MOCHI YUZU 150G BAKOMA,32912.0,brak,-1.0,1.0,***PRZECENY,DF,0,IP,0.0,sprzedaz,0,przzec jogurt mochi yuzu 150g bakoma,przeceny,0,false
81330,2026-01-28 00:00:00,-1,0.0,0.0,4.0,0.0,0.0,2.619,0.0,-1.0,brak,21.0,1.0,0.0,0.0,0.0,319.0,przzec JOGURT MOCHI YUZU 150G BAKOMA,32912.0,brak,-1.0,1.0,***PRZECENY,DF,0,IP,0.0,sprzedaz,0,przzec jogurt mochi yuzu 150g bakoma,przeceny,0,false
81330,2026-01-29 00:00:00,-1,0.0,0.0,4.0,0.0,0.0,2.619,0.0,-1.0,brak,21.0,1.0,0.0,0.0,0.0,319.0,przzec JOGURT MOCHI YUZU 150G BAKOMA,32912.0,brak,-1.0,1.0,***PRZECENY,DF,0,IP,0.0,sprzedaz,0,przzec jogurt mochi yuzu 150g bakoma,przeceny,0,false
81330,2026-01-30 00:00:00,-1,0.0,0.0,4.0,0.0,0.0,2.619,0.0,-1.0,brak,21.0,1.0,0.0,0.0,0.0,319.0,przzec JOGURT MOCHI YUZU 150G BAKOMA,32912.0,brak,-1.0,1.0,***PRZECENY,DF,0,IP,0.0,sprzedaz,0,przzec jogurt mochi yuzu 150g bakoma,przeceny,0,false
81330,2026-01-31 00:00:00,-1,0.0,0.0,4.0,0.0,0.0,2.619,0.0,-1.0,brak,21.0,1.0,0.0,0.0,0.0,319.0,przzec JOGURT MOCHI YUZU 150G BAKOMA,32912.0,brak,-1.0,1.0,***PRZECENY,DF,0,IP,0.0,sprzedaz,0,przzec jogurt mochi yuzu 150g bakoma,przeceny,0,false
80545,2026-01-19 00:00:00,2226261,16.0,16.0,4.0,1.0,0.0,6.6571,6.6571,864.0,DF/PAR/260119/7779/2,21.0,1.0,117.66,117.66,117.66,70.0,SZYNKA KRUCHA OD SZWAGRA 90G ANIMEX,5900567029405.0,nan,-1.0,1.0,WĘDLINY PACZKOWANE,DF,1,IP,-1.0,sprzedaz,0,szynka krucha od szwagra 90g animex,wedliny paczkowane,0,false
80545,2026-01-20 00:00:00,-1,0.0,0.0,4.0,0.0,0.0,6.6571,0.0,-1.0,brak,21.0,1.0,0.0,0.0,0.0,70.0,SZYNKA KRUCHA OD SZWAGRA 90G ANIMEX,5900567029405.0,brak,-1.0,1.0,WĘDLINY PACZKOWANE,DF,0,IP,0.0,sprzedaz,0,szynka krucha od szwagra 90g animex,wedliny paczkowane,0,false
80545,2026-01-21 00:00:00,-1,0.0,0.0,4.0,0.0,0.0,6.6571,0.0,-1.0,brak,21.0,1.0,0.0,0.0,0.0,70.0,SZYNKA KRUCHA OD SZWAGRA 90G ANIMEX,5900567029405.0,brak,-1.0,1.0,WĘDLINY PACZKOWANE,DF,0,IP,0.0,sprzedaz,0,szynka krucha od szwagra 90g animex,wedliny paczkowane,0,false
80545,2026-01-22 00:00:00,-1,0.0,0.0,4.0,0.0,0.0,6.6571,0.0,-1.0,brak,21.0,1.0,0.0,0.0,0.0,70.0,SZYNKA KRUCHA OD SZWAGRA 90G ANIMEX,5900567029405.0,brak,-1.0,1.0,WĘDLINY PACZKOWANE,DF,0,IP,0.0,sprzedaz,0,szynka krucha od szwagra 90g animex,wedliny paczkowane,0,false
80545,2026-01-23 00:00:00,-1,0.0,0.0,4.0,0.0,0.0,6.6571,0.0,-1.0,brak,21.0,1.0,0.0,0.0,0.0,70.0,SZYNKA KRUCHA OD SZWAGRA 90G ANIMEX,5900567029405.0,brak,-1.0,1.0,WĘDLINY PACZKOWANE,DF,0,IP,0.0,sprzedaz,0,szynka krucha od szwagra 90g animex,wedliny paczkowane,0,false
80545,2026-01-24 00:00:00,-1,0.0,0.0,4.0,0.0,0.0,6.6571,0.0,-1.0,brak,21.0,1.0,0.0,0.0,0.0,70.0,SZYNKA KRUCHA OD SZWAGRA 90G ANIMEX,5900567029405.0,brak,-1.0,1.0,WĘDLINY PACZKOWANE,DF,0,IP,0.0,sprzedaz,0,szynka krucha od szwagra 90g animex,wedliny paczkowane,0,false
80545,2026-01-25 00:00:00,-1,0.0,0.0,4.0,0.0,0.0,6.6571,0.0,-1.0,brak,21.0,1.0,0.0,0.0,0.0,70.0,SZYNKA KRUCHA OD SZWAGRA 90G ANIMEX,5900567029405.0,brak,-1.0,1.0,WĘDLINY PACZKOWANE,DF,0,IP,0.0,sprzedaz,0,szynka krucha od szwagra 90g animex,wedliny paczkowane,0,false
80545,2026-01-26 00:00:00,-1,0.0,0.0,4.0,0.0,0.0,6.6571,0.0,-1.0,brak,21.0,1.0,0.0,0.0,0.0,70.0,SZYNKA KRUCHA OD SZWAGRA 90G ANIMEX,5900567029405.0,brak,-1.0,1.0,WĘDLINY PACZKOWANE,DF,0,IP,0.0,sprzedaz,0,szynka krucha od szwagra 90g animex,wedliny paczkowane,0,false
80545,2026-01-27 00:00:00,2233543,1.0,1.0,4.0,1.0,0.0,5.7048,5.7048,878.0,DF/PAR/260127/7120/1,21.0,1.0,69.17,69.17,69.17,70.0,SZYNKA KRUCHA OD SZWAGRA 90G ANIMEX,5900567029405.0,nan,-1.0,1.0,WĘDLINY PACZKOWANE,DF,1,IP,-1.0,sprzedaz,0,szynka krucha od szwagra 90g animex,wedliny paczkowane,0,false
80545,2026-01-28 00:00:00,-1,0.0,0.0,4.0,0.0,0.0,5.7048,0.0,-1.0,brak,21.0,1.0,0.0,0.0,0.0,70.0,SZYNKA KRUCHA OD SZWAGRA 90G ANIMEX,5900567029405.0,brak,-1.0,1.0,WĘDLINY PACZKOWANE,DF,0,IP,0.0,sprzedaz,0,szynka krucha od szwagra 90g animex,wedliny paczkowane,0,false
80545,2026-01-29 00:00:00,2235503,5.0,5.0,4.0,1.0,0.0,5.7048,5.7048,790.0,DF/PAR/260129/7902/1,21.0,1.0,36.64,36.64,36.64,70.0,SZYNKA KRUCHA OD SZWAGRA 90G ANIMEX,5900567029405.0,nan,-1.0,1.0,WĘDLINY PACZKOWANE,DF,1,IP,-1.0,sprzedaz,0,szynka krucha od szwagra 90g animex,wedliny paczkowane,0,false
80545,2026-01-30 00:00:00,-1,0.0,0.0,4.0,0.0,0.0,5.7048,0.0,-1.0,brak,21.0,1.0,0.0,0.0,0.0,70.0,SZYNKA KRUCHA OD SZWAGRA 90G ANIMEX,5900567029405.0,brak,-1.0,1.0,WĘDLINY PACZKOWANE,DF,0,IP,0.0,sprzedaz,0,szynka krucha od szwagra 90g animex,wedliny paczkowane,0,false
80545,2026-01-31 00:00:00,2237007,1.0,1.0,4.0,1.0,0.0,5.7048,5.7048,295.0,DF/PAR/260131/12123/2,21.0,1.0,51.71,51.71,51.71,70.0,SZYNKA KRUCHA OD SZWAGRA 90G ANIMEX,5900567029405.0,nan,-1.0,1.0,WĘDLINY PACZKOWANE,DF,1,IP,-1.0,sprzedaz,0,szynka krucha od szwagra 90g animex,wedliny paczkowane,0,false
25836,2026-01-20 00:00:00,2227319,4.0,3.0,4.0,1.0,0.0,14.8056,14.8056,943.0,DF/PAR/260120/8145/2,21.0,1.0,42.84,42.84,42.84,147.0,KARMA SUCHA D/KOTA STERIL WOŁOW.PSZENICA 800G,7613032531898.0,nan,-1.0,1.0,KARMY DLA KOTÓW,DF,1,IP,-1.0,sprzedaz,0,karma sucha d kota steril wolow pszenica 800g,karmy dla kotow,0,false
25836,2026-01-21 00:00:00,-1,0.0,0.0,4.0,0.0,0.0,14.8056,0.0,-1.0,brak,21.0,1.0,0.0,0.0,0.0,147.0,KARMA SUCHA D/KOTA STERIL WOŁOW.PSZENICA 800G,7613032531898.0,brak,-1.0,1.0,KARMY DLA KOTÓW,DF,0,IP,0.0,sprzedaz,0,karma sucha d kota steril wolow pszenica 800g,karmy dla kotow,0,false
25836,2026-01-22 00:00:00,-1,0.0,0.0,4.0,0.0,0.0,14.8056,0.0,-1.0,brak,21.0,1.0,0.0,0.0,0.0,147.0,KARMA SUCHA D/KOTA STERIL WOŁOW.PSZENICA 800G,7613032531898.0,brak,-1.0,1.0,KARMY DLA KOTÓW,DF,0,IP,0.0,sprzedaz,0,karma sucha d kota steril wolow pszenica 800g,karmy dla kotow,0,false
25836,2026-01-23 00:00:00,-1,0.0,0.0,4.0,0.0,0.0,14.8056,0.0,-1.0,brak,21.0,1.0,0.0,0.0,0.0,147.0,KARMA SUCHA D/KOTA STERIL WOŁOW.PSZENICA 800G,7613032531898.0,brak,-1.0,1.0,KARMY DLA KOTÓW,DF,0,IP,0.0,sprzedaz,0,karma sucha d kota steril wolow pszenica 800g,karmy dla kotow,0,false
25836,2026-01-24 00:00:00,-1,0.0,0.0,4.0,0.0,0.0,14.8056,0.0,-1.0,brak,21.0,1.0,0.0,0.0,0.0,147.0,KARMA SUCHA D/KOTA STERIL WOŁOW.PSZENICA 800G,7613032531898.0,brak,-1.0,1.0,KARMY DLA KOTÓW,DF,0,IP,0.0,sprzedaz,0,karma sucha d kota steril wolow pszenica 800g,karmy dla kotow,0,false
25836,2026-01-25 00:00:00,-1,0.0,0.0,4.0,0.0,0.0,14.8056,0.0,-1.0,brak,21.0,1.0,0.0,0.0,0.0,147.0,KARMA SUCHA D/KOTA STERIL WOŁOW.PSZENICA 800G,7613032531898.0,brak,-1.0,1.0,KARMY DLA KOTÓW,DF,0,IP,0.0,sprzedaz,0,karma sucha d kota steril wolow pszenica 800g,karmy dla kotow,0,false
25836,2026-01-26 00:00:00,-1,0.0,0.0,4.0,0.0,0.0,14.8056,0.0,-1.0,brak,21.0,1.0,0.0,0.0,0.0,147.0,KARMA SUCHA D/KOTA STERIL WOŁOW.PSZENICA 800G,7613032531898.0,brak,-1.0,1.0,KARMY DLA KOTÓW,DF,0,IP,0.0,sprzedaz,0,karma sucha d kota steril wolow pszenica 800g,karmy dla kotow,0,false
25836,2026-01-27 00:00:00,-1,0.0,0.0,4.0,0.0,0.0,14.8056,0.0,-1.0,brak,21.0,1.0,0.0,0.0,0.0,147.0,KARMA SUCHA D/KOTA STERIL WOŁOW.PSZENICA 800G,7613032531898.0,brak,-1.0,1.0,KARMY DLA KOTÓW,DF,0,IP,0.0,sprzedaz,0,karma sucha d kota steril wolow pszenica 800g,karmy dla kotow,0,false
25836,2026-01-28 00:00:00,-1,0.0,0.0,4.0,0.0,0.0,14.8056,0.0,-1.0,brak,21.0,1.0,0.0,0.0,0.0,147.0,KARMA SUCHA D/KOTA STERIL WOŁOW.PSZENICA 800G,7613032531898.0,brak,-1.0,1.0,KARMY DLA KOTÓW,DF,0,IP,0.0,sprzedaz,0,karma sucha d kota steril wolow pszenica 800g,karmy dla kotow,0,false
25836,2026-01-29 00:00:00,-1,0.0,0.0,4.0,0.0,0.0,14.8056,0.0,-1.0,brak,21.0,1.0,0.0,0.0,0.0,147.0,KARMA SUCHA D/KOTA STERIL WOŁOW.PSZENICA 800G,7613032531898.0,brak,-1.0,1.0,KARMY DLA KOTÓW,DF,0,IP,0.0,sprzedaz,0,karma sucha d kota steril wolow pszenica 800g,karmy dla kotow,0,false
25836,2026-01-30 00:00:00,-1,0.0,0.0,4.0,0.0,0.0,14.8056,0.0,-1.0,brak,21.0,1.0,0.0,0.0,0.0,147.0,KARMA SUCHA D/KOTA STERIL WOŁOW.PSZENICA 800G,7613032531898.0,brak,-1.0,1.0,KARMY DLA KOTÓW,DF,0,IP,0.0,sprzedaz,0,karma sucha d kota steril wolow pszenica 800g,karmy dla kotow,0,false
25836,2026-01-31 00:00:00,-1,0.0,0.0,4.0,0.0,0.0,14.8056,0.0,-1.0,brak,21.0,1.0,0.0,0.0,0.0,147.0,KARMA SUCHA D/KOTA STERIL WOŁOW.PSZENICA 800G,7613032531898.0,brak,-1.0,1.0,KARMY DLA KOTÓW,DF,0,IP,0.0,sprzedaz,0,karma sucha d kota steril wolow pszenica 800g,karmy dla kotow,0,false
81109,2026-01-21 00:00:00,2227702,1.0,1.0,4.0,1.0,0.0,40.6423,40.6423,297.0,DF/PAR/260121/8187/2,21.0,1.0,58.97,58.97,58.97,7.0,"WINO C/W KAZBEK PEAK SAPERAVI 13% 0,75L PC",5900718332316.0,nan,-1.0,1.0,"2 WINA, MIÓD NALEWKA DO 18%",DF,1,IP,-1.0,sprzedaz,0,wino c w kazbek peak saperavi 13 0 75l pc,2 wina miod nalewka do 18,0,false
81109,2026-01-22 00:00:00,-1,0.0,0.0,4.0,0.0,0.0,40.6423,0.0,-1.0,brak,21.0,1.0,0.0,0.0,0.0,7.0,"WINO C/W KAZBEK PEAK SAPERAVI 13% 0,75L PC",5900718332316.0,brak,-1.0,1.0,"2 WINA, MIÓD NALEWKA DO 18%",DF,0,IP,0.0,sprzedaz,0,wino c w kazbek peak saperavi 13 0 75l pc,2 wina miod nalewka do 18,0,false
81109,2026-01-23 00:00:00,-1,0.0,0.0,4.0,0.0,0.0,40.6423,0.0,-1.0,brak,21.0,1.0,0.0,0.0,0.0,7.0,"WINO C/W KAZBEK PEAK SAPERAVI 13% 0,75L PC",5900718332316.0,brak,-1.0,1.0,"2 WINA, MIÓD NALEWKA DO 18%",DF,0,IP,0.0,sprzedaz,0,wino c w kazbek peak saperavi 13 0 75l pc,2 wina miod nalewka do 18,0,false
81109,2026-01-24 00:00:00,-1,0.0,0.0,4.0,0.0,0.0,40.6423,0.0,-1.0,brak,21.0,1.0,0.0,0.0,0.0,7.0,"WINO C/W KAZBEK PEAK SAPERAVI 13% 0,75L PC",5900718332316.0,brak,-1.0,1.0,"2 WINA, MIÓD NALEWKA DO 18%",DF,0,IP,0.0,sprzedaz,0,wino c w kazbek peak saperavi 13 0 75l pc,2 wina miod nalewka do 18,0,false
81109,2026-01-25 00:00:00,-1,0.0,0.0,4.0,0.0,0.0,40.6423,0.0,-1.0,brak,21.0,1.0,0.0,0.0,0.0,7.0,"WINO C/W KAZBEK PEAK SAPERAVI 13% 0,75L PC",5900718332316.0,brak,-1.0,1.0,"2 WINA, MIÓD NALEWKA DO 18%",DF,0,IP,0.0,sprzedaz,0,wino c w kazbek peak saperavi 13 0 75l pc,2 wina miod nalewka do 18,0,false
81109,2026-01-26 00:00:00,-1,0.0,0.0,4.0,0.0,0.0,40.6423,0.0,-1.0,brak,21.0,1.0,0.0,0.0,0.0,7.0,"WINO C/W KAZBEK PEAK SAPERAVI 13% 0,75L PC",5900718332316.0,brak,-1.0,1.0,"2 WINA, MIÓD NALEWKA DO 18%",DF,0,IP,0.0,sprzedaz,0,wino c w kazbek peak saperavi 13 0 75l pc,2 wina miod nalewka do 18,0,false
81109,2026-01-27 00:00:00,-1,0.0,0.0,4.0,0.0,0.0,40.6423,0.0,-1.0,brak,21.0,1.0,0.0,0.0,0.0,7.0,"WINO C/W KAZBEK PEAK SAPERAVI 13% 0,75L PC",5900718332316.0,brak,-1.0,1.0,"2 WINA, MIÓD NALEWKA DO 18%",DF,0,IP,0.0,sprzedaz,0,wino c w kazbek peak saperavi 13 0 75l pc,2 wina miod nalewka do 18,0,false
81109,2026-01-28 00:00:00,2234572,1.0,1.0,4.0,1.0,0.0,40.6423,40.6423,931.0,DF/PAR/260128/7496/1,21.0,1.0,123.89,123.89,123.89,7.0,"WINO C/W KAZBEK PEAK SAPERAVI 13% 0,75L PC",5900718332316.0,nan,-1.0,1.0,"2 WINA, MIÓD NALEWKA DO 18%",DF,1,IP,-1.0,sprzedaz,0,wino c w kazbek peak saperavi 13 0 75l pc,2 wina miod nalewka do 18,0,false
81109,2026-01-29 00:00:00,2235561,1.0,1.0,4.0,1.0,0.0,40.6423,40.6423,848.0,DF/PAR/260129/7955/1,21.0,1.0,108.94,108.94,108.94,7.0,"WINO C/W KAZBEK PEAK SAPERAVI 13% 0,75L PC",5900718332316.0,nan,-1.0,1.0,"2 WINA, MIÓD NALEWKA DO 18%",DF,1,IP,-1.0,sprzedaz,0,wino c w kazbek peak saperavi 13 0 75l pc,2 wina miod nalewka do 18,0,false
81109,2026-01-30 00:00:00,-1,0.0,0.0,4.0,0.0,0.0,40.6423,0.0,-1.0,brak,21.0,1.0,0.0,0.0,0.0,7.0,"WINO C/W KAZBEK PEAK SAPERAVI 13% 0,75L PC",5900718332316.0,brak,-1.0,1.0,"2 WINA, MIÓD NALEWKA DO 18%",DF,0,IP,0.0,sprzedaz,0,wino c w kazbek peak saperavi 13 0 75l pc,2 wina miod nalewka do 18,0,false
81109,2026-01-31 00:00:00,-1,0.0,0.0,4.0,0.0,0.0,40.6423,0.0,-1.0,brak,21.0,1.0,0.0,0.0,0.0,7.0,"WINO C/W KAZBEK PEAK SAPERAVI 13% 0,75L PC",5900718332316.0,brak,-1.0,1.0,"2 WINA, MIÓD NALEWKA DO 18%",DF,0,IP,0.0,sprzedaz,0,wino c w kazbek peak saperavi 13 0 75l pc,2 wina miod nalewka do 18,0,false
9517,2026-01-22 00:00:00,2228746,2.0,2.0,4.0,1.0,0.0,5.2286,5.2286,335.0,DF/PAR/260122/5349/1,21.0,1.0,25.7,25.7,25.7,208.0,ZUPA KALFIOROWA RENIFER 450 G (12) REN,5901289810128.0,MROZONKI,482.0,0.0,ZUPY GOTOWE /przetwory owocowe,DF,1,IP,-1.0,sprzedaz,0,zupa kalfiorowa renifer 450 g 12 ren,zupy gotowe przetwory owocowe,0,false
9517,2026-01-22 00:00:00,2228826,1.0,1.0,4.0,1.0,0.0,5.2286,5.2286,415.0,DF/PAR/260122/5412/1,21.0,1.0,9.8,9.8,9.8,208.0,ZUPA KALFIOROWA RENIFER 450 G (12) REN,5901289810128.0,MROZONKI,482.0,0.0,ZUPY GOTOWE /przetwory owocowe,DF,1,IP,-1.0,sprzedaz,0,zupa kalfiorowa renifer 450 g 12 ren,zupy gotowe przetwory owocowe,0,false
9517,2026-01-22 00:00:00,2229178,3.0,3.0,4.0,1.0,0.0,5.2286,5.2286,761.0,DF/PAR/260122/5507/1,21.0,1.0,34.42,34.42,34.42,208.0,ZUPA KALFIOROWA RENIFER 450 G (12) REN,5901289810128.0,MROZONKI,482.0,0.0,ZUPY GOTOWE /przetwory owocowe,DF,1,IP,-1.0,sprzedaz,0,zupa kalfiorowa renifer 450 g 12 ren,zupy gotowe przetwory owocowe,0,false
9517,2026-01-23 00:00:00,2229456,5.0,5.0,4.0,1.0,0.0,5.2286,5.2286,49.0,DF/PAR/260123/5565/1,21.0,1.0,21.11,21.11,21.11,208.0,ZUPA KALFIOROWA RENIFER 450 G (12) REN,5901289810128.0,MROZONKI,482.0,0.0,ZUPY GOTOWE /przetwory owocowe,DF,1,IP,-1.0,sprzedaz,0,zupa kalfiorowa renifer 450 g 12 ren,zupy gotowe przetwory owocowe,0,false
9517,2026-01-23 00:00:00,2230073,3.0,3.0,4.0,1.0,0.0,5.2286,5.2286,662.0,DF/PAR/260123/9044/2,21.0,1.0,24.47,24.47,24.47,208.0,ZUPA KALFIOROWA RENIFER 450 G (12) REN,5901289810128.0,MROZONKI,482.0,0.0,ZUPY GOTOWE /przetwory owocowe,DF,1,IP,-1.0,sprzedaz,0,zupa kalfiorowa renifer 450 g 12 ren,zupy gotowe przetwory owocowe,0,false
9517,2026-01-24 00:00:00,2230679,2.0,2.0,4.0,1.0,0.0,5.2286,5.2286,168.0,DF/PAR/260124/6059/1,21.0,1.0,17.47,17.47,17.47,208.0,ZUPA KALFIOROWA RENIFER 450 G (12) REN,5901289810128.0,MROZONKI,482.0,0.0,ZUPY GOTOWE /przetwory owocowe,DF,1,IP,-1.0,sprzedaz,0,zupa kalfiorowa renifer 450 g 12 ren,zupy gotowe przetwory owocowe,0,false
9517,2026-01-25 00:00:00,-1,0.0,0.0,4.0,0.0,0.0,5.2286,0.0,-1.0,brak,21.0,1.0,0.0,0.0,0.0,208.0,ZUPA KALFIOROWA RENIFER 450 G (12) REN,5901289810128.0,brak,482.0,1.0,ZUPY GOTOWE /przetwory owocowe,DF,0,IP,0.0,sprzedaz,0,zupa kalfiorowa renifer 450 g 12 ren,zupy gotowe przetwory owocowe,0,false
9517,2026-01-26 00:00:00,-1,0.0,0.0,4.0,0.0,0.0,5.2286,0.0,-1.0,brak,21.0,1.0,0.0,0.0,0.0,208.0,ZUPA KALFIOROWA RENIFER 450 G (12) REN,5901289810128.0,brak,482.0,1.0,ZUPY GOTOWE /przetwory owocowe,DF,0,IP,0.0,sprzedaz,0,zupa kalfiorowa renifer 450 g 12 ren,zupy gotowe przetwory owocowe,0,false
9517,2026-01-27 00:00:00,2232702,3.0,3.0,4.0,1.0,0.0,5.2286,5.2286,50.0,DF/PAR/260127/10311/2,21.0,1.0,72.85,72.85,72.85,208.0,ZUPA KALFIOROWA RENIFER 450 G (12) REN,5901289810128.0,MROZONKI,482.0,0.0,ZUPY GOTOWE /przetwory owocowe,DF,1,IP,-1.0,sprzedaz,0,zupa kalfiorowa renifer 450 g 12 ren,zupy gotowe przetwory owocowe,0,false
9517,2026-01-27 00:00:00,2232702,5.0,5.0,4.0,1.0,0.0,5.2286,5.2286,50.0,DF/PAR/260127/10311/2,21.0,1.0,72.85,72.85,72.85,208.0,ZUPA KALFIOROWA RENIFER 450 G (12) REN,5901289810128.0,MROZONKI,482.0,0.0,ZUPY GOTOWE /przetwory owocowe,DF,1,IP,-1.0,sprzedaz,0,zupa kalfiorowa renifer 450 g 12 ren,zupy gotowe przetwory owocowe,0,false
9517,2026-01-28 00:00:00,2233745,2.0,2.0,4.0,1.0,0.0,5.2286,5.2286,111.0,DF/PAR/260128/7163/1,21.0,1.0,11.48,11.48,11.48,208.0,ZUPA KALFIOROWA RENIFER 450 G (12) REN,5901289810128.0,MROZONKI,482.0,0.0,ZUPY GOTOWE /przetwory owocowe,DF,1,IP,-1.0,sprzedaz,0,zupa kalfiorowa renifer 450 g 12 ren,zupy gotowe przetwory owocowe,0,false
9517,2026-01-29 00:00:00,2234839,4.0,4.0,4.0,1.0,0.0,5.2286,5.2286,131.0,DF/PAR/260129/11299/2,21.0,1.0,32.33,32.33,32.33,208.0,ZUPA KALFIOROWA RENIFER 450 G (12) REN,5901289810128.0,MROZONKI,482.0,0.0,ZUPY GOTOWE /przetwory owocowe,DF,1,IP,-1.0,sprzedaz,0,zupa kalfiorowa renifer 450 g 12 ren,zupy gotowe przetwory owocowe,0,false
9517,2026-01-30 00:00:00,-1,0.0,0.0,4.0,0.0,0.0,5.2286,0.0,-1.0,brak,21.0,1.0,0.0,0.0,0.0,208.0,ZUPA KALFIOROWA RENIFER 450 G (12) REN,5901289810128.0,brak,482.0,1.0,ZUPY GOTOWE /przetwory owocowe,DF,0,IP,0.0,sprzedaz,0,zupa kalfiorowa renifer 450 g 12 ren,zupy gotowe przetwory owocowe,0,false
9517,2026-01-31 00:00:00,-1,0.0,0.0,4.0,0.0,0.0,5.2286,0.0,-1.0,brak,21.0,1.0,0.0,0.0,0.0,208.0,ZUPA KALFIOROWA RENIFER 450 G (12) REN,5901289810128.0,brak,482.0,1.0,ZUPY GOTOWE /przetwory owocowe,DF,0,IP,0.0,sprzedaz,0,zupa kalfiorowa renifer 450 g 12 ren,zupy gotowe przetwory owocowe,0,false
9526,2026-01-22 00:00:00,2229178,2.0,2.0,4.0,1.0,0.0,5.2286,5.2286,761.0,DF/PAR/260122/5507/1,21.0,1.0,34.42,34.42,34.42,208.0,ZUPA WIOSENNA RENIFER 450 G (12) REN,5901289810227.0,MROZONKI,482.0,0.0,ZUPY GOTOWE /przetwory owocowe,DF,1,IP,-1.0,sprzedaz,0,zupa wiosenna renifer 450 g 12 ren,zupy gotowe przetwory owocowe,0,false
9526,2026-01-23 00:00:00,2230307,1.0,1.0,4.0,1.0,0.0,5.2286,5.2286,894.0,DF/PAR/260123/9187/2,21.0,1.0,20.73,20.73,20.73,208.0,ZUPA WIOSENNA RENIFER 450 G (12) REN,5901289810227.0,MROZONKI,482.0,0.0,ZUPY GOTOWE /przetwory owocowe,DF,1,IP,-1.0,sprzedaz,0,zupa wiosenna renifer 450 g 12 ren,zupy gotowe przetwory owocowe,0,false
9526,2026-01-24 00:00:00,2230679,1.0,1.0,4.0,1.0,0.0,5.2286,5.2286,168.0,DF/PAR/260124/6059/1,21.0,1.0,17.47,17.47,17.47,208.0,ZUPA WIOSENNA RENIFER 450 G (12) REN,5901289810227.0,MROZONKI,482.0,0.0,ZUPY GOTOWE /przetwory owocowe,DF,1,IP,-1.0,sprzedaz,0,zupa wiosenna renifer 450 g 12 ren,zupy gotowe przetwory owocowe,0,false
9526,2026-01-24 00:00:00,2230827,2.0,2.0,4.0,1.0,0.0,5.2286,5.2286,316.0,DF/PAR/260124/9479/2,21.0,1.0,14.64,14.64,14.64,208.0,ZUPA WIOSENNA RENIFER 450 G (12) REN,5901289810227.0,MROZONKI,482.0,0.0,ZUPY GOTOWE /przetwory owocowe,DF,1,IP,-1.0,sprzedaz,0,zupa wiosenna renifer 450 g 12 ren,zupy gotowe przetwory owocowe,0,false
9526,2026-01-25 00:00:00,-1,0.0,0.0,4.0,0.0,0.0,5.2286,0.0,-1.0,brak,21.0,1.0,0.0,0.0,0.0,208.0,ZUPA WIOSENNA RENIFER 450 G (12) REN,5901289810227.0,brak,482.0,1.0,ZUPY GOTOWE /przetwory owocowe,DF,0,IP,0.0,sprzedaz,0,zupa wiosenna renifer 450 g 12 ren,zupy gotowe przetwory owocowe,0,false
9526,2026-01-26 00:00:00,-1,0.0,0.0,4.0,0.0,0.0,5.2286,0.0,-1.0,brak,21.0,1.0,0.0,0.0,0.0,208.0,ZUPA WIOSENNA RENIFER 450 G (12) REN,5901289810227.0,brak,482.0,1.0,ZUPY GOTOWE /przetwory owocowe,DF,0,IP,0.0,sprzedaz,0,zupa wiosenna renifer 450 g 12 ren,zupy gotowe przetwory owocowe,0,false
9526,2026-01-27 00:00:00,2233338,7.0,7.0,4.0,1.0,0.0,5.2286,5.2286,682.0,DF/PAR/260127/6950/1,21.0,1.0,21.73,21.73,21.73,208.0,ZUPA WIOSENNA RENIFER 450 G (12) REN,5901289810227.0,MROZONKI,482.0,0.0,ZUPY GOTOWE /przetwory owocowe,DF,1,IP,-1.0,sprzedaz,0,zupa wiosenna renifer 450 g 12 ren,zupy gotowe przetwory owocowe,0,false
9526,2026-01-28 00:00:00,2234475,2.0,2.0,4.0,1.0,0.0,5.2286,5.2286,834.0,DF/PAR/260128/7426/1,21.0,1.0,38.98,38.98,38.98,208.0,ZUPA WIOSENNA RENIFER 450 G (12) REN,5901289810227.0,MROZONKI,482.0,0.0,ZUPY GOTOWE /przetwory owocowe,DF,1,IP,-1.0,sprzedaz,0,zupa wiosenna renifer 450 g 12 ren,zupy gotowe przetwory owocowe,0,false
9526,2026-01-29 00:00:00,2234839,2.0,2.0,4.0,1.0,0.0,5.2286,5.2286,131.0,DF/PAR/260129/11299/2,21.0,1.0,32.33,32.33,32.33,208.0,ZUPA WIOSENNA RENIFER 450 G (12) REN,5901289810227.0,MROZONKI,482.0,0.0,ZUPY GOTOWE /przetwory owocowe,DF,1,IP,-1.0,sprzedaz,0,zupa wiosenna renifer 450 g 12 ren,zupy gotowe przetwory owocowe,0,false
9526,2026-01-30 00:00:00,-1,0.0,0.0,4.0,0.0,0.0,5.2286,0.0,-1.0,brak,21.0,1.0,0.0,0.0,0.0,208.0,ZUPA WIOSENNA RENIFER 450 G (12) REN,5901289810227.0,brak,482.0,1.0,ZUPY GOTOWE /przetwory owocowe,DF,0,IP,0.0,sprzedaz,0,zupa wiosenna renifer 450 g 12 ren,zupy gotowe przetwory owocowe,0,false
9526,2026-01-31 00:00:00,-1,0.0,0.0,4.0,0.0,0.0,5.2286,0.0,-1.0,brak,21.0,1.0,0.0,0.0,0.0,208.0,ZUPA WIOSENNA RENIFER 450 G (12) REN,5901289810227.0,brak,482.0,1.0,ZUPY GOTOWE /przetwory owocowe,DF,0,IP,0.0,sprzedaz,0,zupa wiosenna renifer 450 g 12 ren,zupy gotowe przetwory owocowe,0,false
9514,2026-01-23 00:00:00,2229959,1.0,1.0,4.0,1.0,0.0,7.6095,7.6095,548.0,DF/PAR/260123/5890/1,21.0,1.0,14.98,14.98,14.98,77.0,TRUSKAWKA RENIFER 450 G (12) REN,5901289810081.0,MROZONKI,482.0,0.0,OWOCE MROŻONE,DF,1,IP,-1.0,sprzedaz,0,truskawka renifer 450 g 12 ren,owoce mrozone,0,false
9514,2026-01-23 00:00:00,2230220,3.0,3.0,4.0,1.0,0.0,7.6095,7.6095,807.0,DF/PAR/260123/5949/1,21.0,1.0,91.98,91.98,91.98,77.0,TRUSKAWKA RENIFER 450 G (12) REN,5901289810081.0,MROZONKI,482.0,0.0,OWOCE MROŻONE,DF,1,IP,-1.0,sprzedaz,0,truskawka renifer 450 g 12 ren,owoce mrozone,0,false
9514,2026-01-24 00:00:00,2230592,1.0,1.0,4.0,1.0,0.0,7.6095,7.6095,81.0,DF/PAR/260124/9359/2,21.0,1.0,29.94,29.94,29.94,77.0,TRUSKAWKA RENIFER 450 G (12) REN,5901289810081.0,MROZONKI,482.0,0.0,OWOCE MROŻONE,DF,1,IP,-1.0,sprzedaz,0,truskawka renifer 450 g 12 ren,owoce mrozone,0,false
9514,2026-01-24 00:00:00,2230592,2.0,2.0,4.0,1.0,0.0,7.6095,7.6095,81.0,DF/PAR/260124/9359/2,21.0,1.0,29.94,29.94,29.94,77.0,TRUSKAWKA RENIFER 450 G (12) REN,5901289810081.0,MROZONKI,482.0,0.0,OWOCE MROŻONE,DF,1,IP,-1.0,sprzedaz,0,truskawka renifer 450 g 12 ren,owoce mrozone,0,false
9514,2026-01-25 00:00:00,-1,0.0,0.0,4.0,0.0,0.0,7.6095,0.0,-1.0,brak,21.0,1.0,0.0,0.0,0.0,77.0,TRUSKAWKA RENIFER 450 G (12) REN,5901289810081.0,brak,482.0,1.0,OWOCE MROŻONE,DF,0,IP,0.0,sprzedaz,0,truskawka renifer 450 g 12 ren,owoce mrozone,0,false
9514,2026-01-26 00:00:00,2232399,2.0,2.0,4.0,1.0,0.0,7.6095,7.6095,611.0,DF/PAR/260126/6649/1,21.0,1.0,60.44,60.44,60.44,77.0,TRUSKAWKA RENIFER 450 G (12) REN,5901289810081.0,MROZONKI,482.0,0.0,OWOCE MROŻONE,DF,1,IP,-1.0,sprzedaz,0,truskawka renifer 450 g 12 ren,owoce mrozone,0,false
9514,2026-01-27 00:00:00,2232877,5.0,5.0,4.0,1.0,0.0,7.6095,7.6095,224.0,DF/PAR/260127/10472/2,21.0,1.0,67.75,67.75,67.75,77.0,TRUSKAWKA RENIFER 450 G (12) REN,5901289810081.0,MROZONKI,482.0,0.0,OWOCE MROŻONE,DF,1,IP,-1.0,sprzedaz,0,truskawka renifer 450 g 12 ren,owoce mrozone,0,false
9514,2026-01-27 00:00:00,2232877,6.0,6.0,4.0,1.0,0.0,7.6095,7.6095,224.0,DF/PAR/260127/10472/2,21.0,1.0,67.75,67.75,67.75,77.0,TRUSKAWKA RENIFER 450 G (12) REN,5901289810081.0,MROZONKI,482.0,0.0,OWOCE MROŻONE,DF,1,IP,-1.0,sprzedaz,0,truskawka renifer 450 g 12 ren,owoce mrozone,0,false
9514,2026-01-28 00:00:00,-1,0.0,0.0,4.0,0.0,0.0,7.6095,0.0,-1.0,brak,21.0,1.0,0.0,0.0,0.0,77.0,TRUSKAWKA RENIFER 450 G (12) REN,5901289810081.0,brak,482.0,1.0,OWOCE MROŻONE,DF,0,IP,0.0,sprzedaz,0,truskawka renifer 450 g 12 ren,owoce mrozone,0,false
9514,2026-01-29 00:00:00,-1,0.0,0.0,4.0,0.0,0.0,7.6095,0.0,-1.0,brak,21.0,1.0,0.0,0.0,0.0,77.0,TRUSKAWKA RENIFER 450 G (12) REN,5901289810081.0,brak,482.0,1.0,OWOCE MROŻONE,DF,0,IP,0.0,sprzedaz,0,truskawka renifer 450 g 12 ren,owoce mrozone,0,false
9514,2026-01-30 00:00:00,-1,0.0,0.0,4.0,0.0,0.0,7.6095,0.0,-1.0,brak,21.0,1.0,0.0,0.0,0.0,77.0,TRUSKAWKA RENIFER 450 G (12) REN,5901289810081.0,brak,482.0,1.0,OWOCE MROŻONE,DF,0,IP,0.0,sprzedaz,0,truskawka renifer 450 g 12 ren,owoce mrozone,0,false
9514,2026-01-31 00:00:00,2237013,1.0,1.0,4.0,1.0,0.0,7.6095,7.6095,301.0,DF/PAR/260131/12126/2,21.0,1.0,31.62,31.62,31.62,77.0,TRUSKAWKA RENIFER 450 G (12) REN,5901289810081.0,MROZONKI,482.0,0.0,OWOCE MROŻONE,DF,1,IP,-1.0,sprzedaz,0,truskawka renifer 450 g 12 ren,owoce mrozone,0,false
9514,2026-01-31 00:00:00,2237395,3.0,3.0,4.0,1.0,0.0,7.6095,7.6095,683.0,DF/PAR/260131/12287/2,21.0,1.0,15.77,15.77,15.77,77.0,TRUSKAWKA RENIFER 450 G (12) REN,5901289810081.0,MROZONKI,482.0,0.0,OWOCE MROŻONE,DF,1,IP,-1.0,sprzedaz,0,truskawka renifer 450 g 12 ren,owoce mrozone,0,false
51786,2026-01-24 00:00:00,2231379,2.0,2.0,4.0,1.0,0.0,6.6571,6.6571,864.0,DF/PAR/260124/9752/2,21.0,1.0,20.29,20.29,20.29,319.0,PRZECENA FILETY ŚLEDZIOWE W SOSIE KOPERKOWYM 280G LISNER,18134.0,SPOZYWCZ,277.0,1.0,***PRZECENY,DF,1,IP,-1.0,sprzedaz,0,przecena filety sledziowe w sosie koperkowym 280g lisner,przeceny,0,false
51786,2026-01-25 00:00:00,-1,0.0,0.0,4.0,0.0,0.0,6.6571,0.0,-1.0,brak,21.0,1.0,0.0,0.0,0.0,319.0,PRZECENA FILETY ŚLEDZIOWE W SOSIE KOPERKOWYM 280G LISNER,18134.0,brak,277.0,1.0,***PRZECENY,DF,0,IP,0.0,sprzedaz,0,przecena filety sledziowe w sosie koperkowym 280g lisner,przeceny,0,false
51786,2026-01-26 00:00:00,-1,0.0,0.0,4.0,0.0,0.0,6.6571,0.0,-1.0,brak,21.0,1.0,0.0,0.0,0.0,319.0,PRZECENA FILETY ŚLEDZIOWE W SOSIE KOPERKOWYM 280G LISNER,18134.0,brak,277.0,1.0,***PRZECENY,DF,0,IP,0.0,sprzedaz,0,przecena filety sledziowe w sosie koperkowym 280g lisner,przeceny,0,false
51786,2026-01-27 00:00:00,-1,0.0,0.0,4.0,0.0,0.0,6.6571,0.0,-1.0,brak,21.0,1.0,0.0,0.0,0.0,319.0,PRZECENA FILETY ŚLEDZIOWE W SOSIE KOPERKOWYM 280G LISNER,18134.0,brak,277.0,1.0,***PRZECENY,DF,0,IP,0.0,sprzedaz,0,przecena filety sledziowe w sosie koperkowym 280g lisner,przeceny,0,false
51786,2026-01-28 00:00:00,-1,0.0,0.0,4.0,0.0,0.0,6.6571,0.0,-1.0,brak,21.0,1.0,0.0,0.0,0.0,319.0,PRZECENA FILETY ŚLEDZIOWE W SOSIE KOPERKOWYM 280G LISNER,18134.0,brak,277.0,1.0,***PRZECENY,DF,0,IP,0.0,sprzedaz,0,przecena filety sledziowe w sosie koperkowym 280g lisner,przeceny,0,false
51786,2026-01-29 00:00:00,-1,0.0,0.0,4.0,0.0,0.0,6.6571,0.0,-1.0,brak,21.0,1.0,0.0,0.0,0.0,319.0,PRZECENA FILETY ŚLEDZIOWE W SOSIE KOPERKOWYM 280G LISNER,18134.0,brak,277.0,1.0,***PRZECENY,DF,0,IP,0.0,sprzedaz,0,przecena filety sledziowe w sosie koperkowym 280g lisner,przeceny,0,false
51786,2026-01-30 00:00:00,-1,0.0,0.0,4.0,0.0,0.0,6.6571,0.0,-1.0,brak,21.0,1.0,0.0,0.0,0.0,319.0,PRZECENA FILETY ŚLEDZIOWE W SOSIE KOPERKOWYM 280G LISNER,18134.0,brak,277.0,1.0,***PRZECENY,DF,0,IP,0.0,sprzedaz,0,przecena filety sledziowe w sosie koperkowym 280g lisner,przeceny,0,false
51786,2026-01-31 00:00:00,-1,0.0,0.0,4.0,0.0,0.0,6.6571,0.0,-1.0,brak,21.0,1.0,0.0,0.0,0.0,319.0,PRZECENA FILETY ŚLEDZIOWE W SOSIE KOPERKOWYM 280G LISNER,18134.0,brak,277.0,1.0,***PRZECENY,DF,0,IP,0.0,sprzedaz,0,przecena filety sledziowe w sosie koperkowym 280g lisner,przeceny,0,false
78781,2026-01-29 00:00:00,2235571,2.0,2.0,4.0,1.0,0.0,9.748,9.748,858.0,DF/PAR/260129/7965/1,21.0,1.0,22.89,22.89,22.89,322.0,ISENZIA FOREST BERRY CRASH IMPERIAL,8719964048868.0,nan,-1.0,1.0,PAPIEROSY,DF,1,IP,-1.0,sprzedaz,0,isenzia forest berry crash imperial,papierosy,0,false
78781,2026-01-30 00:00:00,-1,0.0,0.0,4.0,0.0,0.0,9.748,0.0,-1.0,brak,21.0,1.0,0.0,0.0,0.0,322.0,ISENZIA FOREST BERRY CRASH IMPERIAL,8719964048868.0,brak,-1.0,1.0,PAPIEROSY,DF,0,IP,0.0,sprzedaz,0,isenzia forest berry crash imperial,papierosy,0,false
78781,2026-01-31 00:00:00,-1,0.0,0.0,4.0,0.0,0.0,9.748,0.0,-1.0,brak,21.0,1.0,0.0,0.0,0.0,322.0,ISENZIA FOREST BERRY CRASH IMPERIAL,8719964048868.0,brak,-1.0,1.0,PAPIEROSY,DF,0,IP,0.0,sprzedaz,0,isenzia forest berry crash imperial,papierosy,0,false
37652,2026-01-31 00:00:00,2237580,1.0,1.0,4.0,1.0,0.0,2.7143,2.7143,866.0,DF/PAR/260131/12377/2,21.0,1.0,2.85,2.85,2.85,319.0,PRZECENA MĄKA DOMOWA SZADKOWSKA 1KG SZADEK,500016.0,SYPIE I PIOD ZBOZOWE,324.0,1.0,***PRZECENY,DF,1,IP,-1.0,sprzedaz,0,przecena maka domowa szadkowska 1kg szadek,przeceny,0,false
